tree
version=v4
num_class=1
num_tree_per_iteration=1
label_index=0
max_feature_idx=270
objective=binary sigmoid:1
feature_names=duration_min no_face__mean no_face__max no_face__std no_face__longest_run_s multi_face__mean multi_face__max multi_face__std multi_face__longest_run_s face_area__mean face_area__max face_area__std face_area__longest_run_s face_offset__mean face_offset__max face_offset__std face_offset__longest_run_s id_mismatch__mean id_mismatch__max id_mismatch__std id_mismatch__longest_run_s id_sim_low__mean id_sim_low__max id_sim_low__std id_sim_low__longest_run_s pad_fail__mean pad_fail__max pad_fail__std pad_fail__longest_run_s yaw_abs__mean yaw_abs__max yaw_abs__std yaw_abs__longest_run_s pitch_down__mean pitch_down__max pitch_down__std pitch_down__longest_run_s gaze_off__mean gaze_off__max gaze_off__std gaze_off__longest_run_s extra_person__mean extra_person__max extra_person__std extra_person__longest_run_s phone__mean phone__max phone__std phone__longest_run_s paper__mean paper__max paper__std paper__longest_run_s reach__mean reach__max reach__std reach__longest_run_s hands_low__mean hands_low__max hands_low__std hands_low__longest_run_s vad__mean vad__max vad__std vad__longest_run_s foreign__mean foreign__max foreign__std foreign__longest_run_s phone_ring__mean phone_ring__max phone_ring__std phone_ring__longest_run_s paper_rustle__mean paper_rustle__max paper_rustle__std paper_rustle__longest_run_s tab_hidden__mean tab_hidden__max tab_hidden__std tab_hidden__longest_run_s fs_off__mean fs_off__max fs_off__std fs_off__longest_run_s paste_chars__mean paste_chars__max paste_chars__std paste_chars__longest_run_s multi_monitor__mean multi_monitor__max multi_monitor__std multi_monitor__longest_run_s keys_per_s__mean keys_per_s__max keys_per_s__std keys_per_s__longest_run_s no_face__w10_max no_face__w10_over multi_face__w10_max multi_face__w10_over face_area__w10_max face_area__w10_over face_offset__w10_max face_offset__w10_over id_mismatch__w10_max id_mismatch__w10_over id_sim_low__w10_max id_sim_low__w10_over pad_fail__w10_max pad_fail__w10_over yaw_abs__w10_max yaw_abs__w10_over pitch_down__w10_max pitch_down__w10_over gaze_off__w10_max gaze_off__w10_over extra_person__w10_max extra_person__w10_over phone__w10_max phone__w10_over paper__w10_max paper__w10_over reach__w10_max reach__w10_over hands_low__w10_max hands_low__w10_over vad__w10_max vad__w10_over foreign__w10_max foreign__w10_over phone_ring__w10_max phone_ring__w10_over paper_rustle__w10_max paper_rustle__w10_over tab_hidden__w10_max tab_hidden__w10_over fs_off__w10_max fs_off__w10_over paste_chars__w10_max paste_chars__w10_over multi_monitor__w10_max multi_monitor__w10_over keys_per_s__w10_max keys_per_s__w10_over no_face__w60_max no_face__w60_over multi_face__w60_max multi_face__w60_over face_area__w60_max face_area__w60_over face_offset__w60_max face_offset__w60_over id_mismatch__w60_max id_mismatch__w60_over id_sim_low__w60_max id_sim_low__w60_over pad_fail__w60_max pad_fail__w60_over yaw_abs__w60_max yaw_abs__w60_over pitch_down__w60_max pitch_down__w60_over gaze_off__w60_max gaze_off__w60_over extra_person__w60_max extra_person__w60_over phone__w60_max phone__w60_over paper__w60_max paper__w60_over reach__w60_max reach__w60_over hands_low__w60_max hands_low__w60_over vad__w60_max vad__w60_over foreign__w60_max foreign__w60_over phone_ring__w60_max phone_ring__w60_over paper_rustle__w60_max paper_rustle__w60_over tab_hidden__w60_max tab_hidden__w60_over fs_off__w60_max fs_off__w60_over paste_chars__w60_max paste_chars__w60_over multi_monitor__w60_max multi_monitor__w60_over keys_per_s__w60_max keys_per_s__w60_over no_face__w300_max no_face__w300_over multi_face__w300_max multi_face__w300_over face_area__w300_max face_area__w300_over face_offset__w300_max face_offset__w300_over id_mismatch__w300_max id_mismatch__w300_over id_sim_low__w300_max id_sim_low__w300_over pad_fail__w300_max pad_fail__w300_over yaw_abs__w300_max yaw_abs__w300_over pitch_down__w300_max pitch_down__w300_over gaze_off__w300_max gaze_off__w300_over extra_person__w300_max extra_person__w300_over phone__w300_max phone__w300_over paper__w300_max paper__w300_over reach__w300_max reach__w300_over hands_low__w300_max hands_low__w300_over vad__w300_max vad__w300_over foreign__w300_max foreign__w300_over phone_ring__w300_max phone_ring__w300_over paper_rustle__w300_max paper_rustle__w300_over tab_hidden__w300_max tab_hidden__w300_over fs_off__w300_max fs_off__w300_over paste_chars__w300_max paste_chars__w300_over multi_monitor__w300_max multi_monitor__w300_over keys_per_s__w300_max keys_per_s__w300_over baseline_available bn_yaw_abs__w60_max bn_yaw_abs__frac_over3 bn_pitch_down__w60_max bn_pitch_down__frac_over3 bn_face_area__w60_max bn_face_area__frac_over3 bn_face_offset__w60_max bn_face_offset__frac_over3 bn_keys_per_s__w60_max bn_keys_per_s__frac_over3 x_gaze_off_and_foreign x_phone_and_pitch_down x_multi_face_and_voice x_mismatch_and_face x_gaze_off_no_typing x_paper_and_pitch_down x_paste_after_tab_return x_foreign_and_keys unk_presence unk_identity unk_liveness unk_attention unk_environment unk_pose unk_audio_voice unk_audio_event unk_screen unk_device unk_behavioral
monotone_constraints=0 -1 -1 -1 -1 1 1 1 1 1 1 -1 1 1 1 1 1 1 1 1 1 1 1 1 1 1 1 1 1 -1 1 -1 1 1 1 1 1 1 -1 1 1 -1 -1 -1 -1 1 1 1 1 1 -1 1 1 1 -1 1 1 1 -1 1 1 1 1 1 1 1 1 1 1 1 1 1 1 1 1 1 1 1 1 1 1 1 1 1 1 1 1 1 1 1 1 1 1 -1 1 1 1 -1 -1 1 1 1 1 1 1 1 1 1 1 1 1 1 1 1 1 1 1 -1 1 1 1 1 1 1 1 1 1 1 1 1 1 1 1 1 1 1 1 1 1 1 1 1 1 1 1 -1 -1 1 1 1 1 1 1 1 1 1 1 1 1 1 1 1 1 1 1 1 1 1 1 1 1 1 1 1 1 1 1 1 1 1 1 1 1 1 1 1 1 1 1 1 1 1 1 -1 -1 1 1 1 1 1 1 1 1 1 1 1 1 1 1 1 1 1 1 1 1 1 1 1 1 1 1 1 1 1 1 1 1 1 1 1 1 1 1 1 1 1 1 1 1 1 1 -1 1 -1 1 1 -1 -1 1 1 1 1 1 1 1 1 1 1 1 1 -1 -1 -1 -1 -1 -1 -1 -1 -1 -1 -1
feature_infos=[20.649999999999999:89.316666666666663] [0:0.23479005998286204] [0:1] [0:0.42386753557698431] [0:40] [0:0.13282107574094401] [0:1] [0:0.33938125696620669] [0:45] [0:0.10638634184898253] [0:0.21213796734809875] [0:0.050371062042472638] [0:259] [0:0.33591593091776795] [0:1.226179658667873] [0:0.21089820152112035] [0:14] [0:0.912109375] [0:1] [0:0.49742409043492347] [0:230] [0:0.74719860762505252] [0:1.1176851093769073] [0:0.24753846723753459] [0:230] [0:0.014684287812041116] [0:1] [0:0.12028574106474238] [0:20] [0:22.092297186433591] [0:124.57656860351562] [0:17.452684760971106] [0:21] [0:8.950522016714622] [0:89.38247537612915] [0:13.726156304759437] [0:72] [0:0.35341581495427649] [0:1] [0:0.47803041398480189] [0:33] [0:0.14128843338213762] [0:1] [0:0.34831883666342089] [0:60] [0:0.60410724472333144] [0:1] [0:0.49999802897384321] [0:26] [0:0.14185022026431718] [0:1] [0:0.34889645351491022] [0:24] [0:0.046791443850267379] [0:1] [0:0.21119186687151251] [0:30] [0:0.2608695652173913] [0:1] [0:0.43910891036356858] [0:26] [0:0.24822695035460993] [0:1] [0:0.43198417965506553] [0:44] [0:0.20276243093922652] [0:1] [0:0.40205699538602974] [0:44] [0:0.00070003500175008749] [0:1] [0:0.02644891212784398] [0:1] [0:0.020255394099515631] [0:1] [0:0.14087268404268072] [0:4] [0:0.12053959965187119] [0:1] [0:0.32559146881888323] [0:66] [0:0.083882564409826249] [0:1] [0:0.27721161555363727] [0:20] [0:1.3575533661740558] [0:897] [0:28.411340295673789] [0:1] [0:1] [0:1] none [0:5145] [0.9587775408670931:1.9119683481701286] [2.2999999999999998:6.5999999999999996] [0.51976809327355178:1.2453518233609278] [0:170] [0:1] [0:0.37561697926949655] [0:1] [0:0.16378689704823615] [0:0.14687079936265945] [0:0.99924812030075183] [0:0.95085407353235496] [0:0.12174766813942071] [0:1] [0:0.98793783344931574] [0:1.1176851093769073] [0:0.97666812036633233] [0:1] [0:0.016536118363794605] [0:94.614187240600586] [0:0.30976926853215514] [0:65.825483798980713] [0:0.23061497326203209] [0:1] [0:0.53791851553045578] [0:1] [0:0.1652267818574514] [0:1] [0:0.86501377410468316] [0:1] [0:0.20441347270615565] [0:1] [0:0.055555555555555552] [0:1] [0:0.38201950962298969] [0:1] [0:0.31831455986649981] [0:1] [0:0.27497527200791294] [0:0.10000000000000001] none [0:0.59999999999999998] [0:0.010431154381084841] [0:1] [0:0.13707571801566579] [0:1] [0:0.10545236668663871] [0:89.700000000000003] [0:0.01332001332001332] [0:1] [0:0.99922254616132167] [2.3000000000000114:6.6000000000000227] [0:0.21194306930693069] [0:0.90476190476190477] [0:0.35350318471337577] [0:0.94999999999999996] [0:0.17962562994960404] [0:0.12170605696737766] [0:0.99454887218045118] [0:0.58130690145684505] none [0:1] [0:0.99367640645442656] [0:0.88128902874886994] [0:0.99367640645442656] [0:0.5] [0:0.024804177545691905] [0:41.457281062819739] [0:0.22925871379479626] [0:36.670627800623578] [0:0.20655080213903743] [0:0.95121951219512191] [0:0.76300927793465112] [0:1] [0:0.18178545716342692] [0:0.90000000000000002] [0:0.88154269972451793] [0:0.78333333333333333] [0:0.22706155632984901] [0:0.59999999999999998] [0:0.046129374337221633] [0:0.8928571428571429] [0:0.39620253164556962] [0:0.97222222222222221] [0:0.35303867403314915] [0:0.97222222222222221] [0:0.3243093922651934] [0:0.022222222222222223] none [0:0.16666666666666666] none [0:1] [0:0.19886858137510879] [0:0.66666666666666663] [0:0.19173157579388855] [0:25.983333333333334] none [0:1] [0:0.99436345966958217] [1.6500000000000152:4.5166666666666755] [0:0.21008663366336633] [0:0.38157894736842107] [0:0.41162420382165604] [0:0.56000000000000005] [0:0.2894168466522678] [0:0.11296168709794681] [0:0.97201352366641625] [0:0.41068612872636268] none [0:1] [0:0.96750981247274315] [0:0.79274144203607311] [0:0.96750981247274315] [0:0.10526315789473684] none [0:29.371692013682413] none [0:22.883248970971852] [0:0.083052749719416383] [0:0.64021164021164023] [0:0.88463089955627272] [0:0.68571428571428572] [0:0.30129589632829373] [0:0.77714285714285714] [0:0.89779614325068868] [0:0.44843049327354262] [0:0.22671156004489337] [0:0.27848101265822783] none [0:0.51127819548872178] [0:0.44622003687768902] [0:0.54333333333333333] [0:0.46850229453483522] [0:0.53333333333333333] [0:0.39119683481701284] [0:0.0066666666666666671] none [0:0.053333333333333337] none [0:0.49666666666666665] none [0:0.33333333333333331] none [0:5.635416666666667] none [0:1] [0:0.97103984450923231] [1.2999999999999994:3.9633333333333516] none [0:1] [0:9.2332210111284834] [0.0010869565217391304:1000000] [0:11.841526254018147] [0:0.26610084872690964] [1.0230026634055933:1000000] [0.035304906006419071:1000000] [0:7.027895096112843] [0:0.28723027944817831] [0:6.5333333333333412] [0:0.36231884057971014] [0:0.063798219584569729] [0:0.089789635710620833] [0:0.07055435565154787] [0:0.83646485734168408] [0:0.16176470588235295] [0:0.11207897793263646] [0:11] [0:0.14917127071823205] [0:1] [0.028376844494892195:1] [0.011454753722794919:1] [0.036117381489842004:1] [0:1] [0:1] [0:1] [0:1] [0:1] [0:1] none
tree_sizes=1684 1077 1283 1710 1502 1817 1593 1286 1406 1720 1290 1724 1408 1300 1412 1512 1512 1198 1201 1823 1300 1932 1823 1523 1728 1087 1616 1196 1732 1936 1841 1955 2155 1850 1634 1621 1931 1946 1307 1827 2465 1959 991 1626 1937 1842 1398 2046 1200 2273 1950 1945 2161 1729 1645 2060 1411 1736 1957 1840 1649 1411 2366 2060 1741 1838 1619 1751 1855 2038 1856 1630 1739 1200 1651 1939 1538 1632 1861 1424 1514 1313 1522 1630 1840 1618 1525 2073 1308 1738 2165 1626 1531 1744 2063 1528 1328 1967 1962 1400 1836 2255 2281 1517 1333 1334 1843 2269 1865 1747 1748 1757 1757 2495 1630 1853 2072 1958 1516 1416 1649 1743 1298 1757 1433 1413 1307 1853 1767 1326 1647 2066 1424 1323 1424 1214 1638 1728 987 2700 1736 2166 1658 1755 1540 1749 1654 1329 1634 1634 2261 1511 1398 3343 1424 1518 1861 2292 2039 1744 2178 1543 1206 1632 1752 1206 1405 1424 2594 1096 1754 1536 3338 1772 1315 1310 1218 1429 1325 1314 1878 2379 1318 1842 1429 1417 1228 2269 1102 1742 1651 1099 1433 1631 1221 2503 1536 1416 1534 2491 2804 1318 1110 1647 2156 1738 1755 1546 1641 1759 1971 2376 1097 996 2060 1423 2151 1648 1317 1309 1631 1654 2275 1951 1746 1115 1748 1634 1647 996 1536 1321 2064 1215 891 1526 1960 1534

Tree=0
num_leaves=15
num_cat=0
split_feature=95 187 148 173 21 69 3 256 14 0 0 45 22 0
split_gain=3306.05 1791.24 1489.38 1143.24 1236.86 329.197 131.43 123.965 143.672 88.8273 22.1441 10.6712 8.84204 4.11736
threshold=0.656943270936857 1.3166666666666669 0.0086945743023091101 0.52982456140350886 0.54210048228403163 0.00027381874481037575 1.0000000180025095e-35 0.022985180450243933 0.61291108182242804 53.483333333333341 67.783333333333346 0.0021762788499691097 0.83382064849138271 38.32500000000001
decision_type=2 2 2 2 2 2 2 2 2 2 2 2 2 2
left_child=1 2 3 4 5 6 -1 10 -9 11 12 -10 -8 -14
right_child=-2 -3 -4 -5 -6 -7 7 8 9 -11 -12 -13 13 -15
leaf_value=-2.3613383200176736 -1.9586303216863814 -1.9586303216863814 -1.9586303216863814 -2.0674205595187507 -2.0674205595187507 -2.1500131845986736 -2.7442059489802797 -2.703018510764573 -2.6979140442634524 -2.703018510764573 -2.703018510764573 -2.3613383200176736 -2.703018510764573 -2.7375478454103801
leaf_weight=2.8909155018627635 96.150725729763508 17.580262836068869 12.32416635379195 14.984682753682135 7.8841447234153739 2.6280482411384574 64.796467985957861 6.5935351327061635 0.65935351327061642 2.2178254537284374 21.186726722866297 5.0625362619757652 3.7531950473785427 12.947305351495741
leaf_count=21 406 21 15 73 9 3 1081 110 11 37 299 30 49 216
internal_value=-2.23939 -2.39961 -2.47118 -2.53139 -2.59308 -2.64668 -2.66608 -2.67885 -2.52622 -2.38035 -2.70302 -2.36134 -2.73409 -2.70302
internal_weight=271.66 175.509 157.929 145.605 130.62 122.736 120.108 117.217 14.5333 7.93972 102.684 5.72189 81.497 16.7005
internal_count=2381 1975 1954 1939 1866 1857 1854 1833 188 78 1645 41 1346 265
is_linear=0
shrinkage=1


Tree=1
num_leaves=9
num_cat=0
split_feature=95 147 202 87 253 95 31 29
split_gain=919.521 378.118 523.794 342.817 282.479 138.684 114.285 11.4935
threshold=0.62892675658090025 0.18626126126126127 0.20546901078465943 1.277137377268059 0.0010573002717867202 0.71066428199587495 7.0606300908862369 5.8298400366466216
decision_type=2 2 2 2 2 2 2 2
left_child=1 2 3 4 7 -2 -6 -1
right_child=5 -3 -4 -5 6 -7 -8 -9
leaf_value=-0.029715433298961324 0.35230261681542674 0.35230261681542674 0.35230261681542674 0.35230261681542674 0.35230261681542674 0.45136469321496719 -0.029715433298961324 -0.061099220779890731
leaf_weight=36.304035216569901 176.67192087322474 16.535533897578716 17.042399011552334 7.916325330734252 8.6226359605789131 74.171962201595306 2.9834051877260217 41.802085503935814
leaf_count=561 840 35 59 5 36 72 49 719
internal_value=0.284946 0.152817 0.108932 0.0510059 0.0135123 0.352303 0.266031 -0.0297154
internal_weight=382.05 131.206 114.671 97.6285 89.7122 250.844 11.606 78.1061
internal_count=2376 1464 1429 1370 1365 912 85 1280
is_linear=0
shrinkage=0.06


Tree=2
num_leaves=11
num_cat=0
split_feature=248 155 148 86 1 34 29 60 219 143
split_gain=397.103 337.065 279.905 333.186 256.762 248.588 114.677 89.2167 7.94104 1.32135
threshold=2.5307944585331956 0.80911410200808742 0.0086945743023091101 73.500000000000014 1.0000000180025095e-35 30.194905281066898 9.3463206947914532 13.000000000000002 0.066146086533787077 4.3500000000001373
decision_type=2 2 2 2 2 2 2 2 2 2
left_child=1 2 3 4 -1 -6 8 9 -7 -2
right_child=7 -3 -4 -5 5 6 -8 -9 -10 -11
leaf_value=0.25391571448633898 0.25391571448633898 0.25391571448633898 0.25391571448633898 0.25391571448633898 -0.063001836751649137 0.09142003686866837 -0.046934173310332089 0.34424202670913601 0.25391571448633898 0.32217747823183074
leaf_weight=11.777792826294897 182.64879779517651 29.476427935063839 16.411285057663918 14.238094568252562 79.609862815588713 4.2780249267816526 4.9630124978721133 53.170406639575958 6.7081184759736061 53.828591004014015
leaf_count=31 792 61 9 7 1299 24 72 48 18 26
internal_value=0.211091 0.134897 0.0903993 0.0552044 0.0156345 -0.0189008 0.18372 0.253916 0.253916 0.253916
internal_weight=457.11 167.463 137.986 121.575 107.337 95.559 15.9492 289.648 10.9861 236.477
internal_count=2387 1521 1460 1451 1444 1413 114 866 42 818
is_linear=0
shrinkage=0.06


Tree=3
num_leaves=15
num_cat=0
split_feature=87 173 201 191 147 69 218 1 197 211 211 31 239 248
split_gain=279.455 331.367 270.25 344.521 472.145 197.524 169.506 126.648 107.762 97.8179 31.731 35.2947 11.2003 7.84555
threshold=1.277137377268059 0.53452380952380962 0.63666666666666683 2.6333333333333488 0.18626126126126127 0.00027381874481037575 0.057563869736857252 0.046069955150557305 0.10958774050697685 0.22970585426415818 0.39299777828851606 6.4400391328029274 1.6633333333333107 1.7717337258224426
decision_type=2 2 2 2 2 2 2 2 2 2 2 2 2 2
left_child=1 2 3 4 5 6 7 12 10 -10 11 13 -1 -9
right_child=-2 -3 -4 -5 -6 -7 -8 8 9 -11 -12 -13 -14 -15
leaf_value=0.14512321432084563 0.27851265600488978 0.2574544560248288 0.2574544560248288 0.24840874365679996 0.24840874365679996 0.24840874365679996 0.22855026815907536 -0.060911454461006195 -0.01826040310718885 0.14512321432084563 0.072211684027867012 -0.065756013285603848 0.22855026815907536 -0.01826040310718885
leaf_weight=16.31042886897923 80.064964026212692 90.475560642778873 34.890996150672436 52.188357878476381 43.001699939370155 10.95151376724243 12.899255178868769 33.16175252199173 9.6224362030625361 19.315860103815794 10.97107610106468 58.49003591388464 6.8526101298630229 54.472042385488749
leaf_count=145 35 77 20 22 59 5 12 555 154 63 50 752 27 408
internal_value=0.174221 0.15467 0.127791 0.109345 0.0814568 0.0465951 0.0329023 0.0187883 0.00168206 0.104124 -0.0182604 -0.0259364 0.145123 -0.0182604
internal_weight=533.669 453.604 363.128 328.237 276.049 233.047 222.095 209.196 186.033 28.9383 157.095 146.124 23.163 87.6338
internal_count=2384 2349 2272 2252 2230 2171 2166 2154 1982 217 1765 1715 172 963
is_linear=0
shrinkage=0.06


Tree=4
num_leaves=13
num_cat=0
split_feature=87 173 144 31 255 165 253 29 242 30 10 199
split_gain=155.382 201.866 218.683 233.75 152.757 204.03 223.091 195.8 110.668 102.216 23.9798 3.60189
threshold=1.277137377268059 0.53452380952380962 0.0048865907786169631 8.1330462805784389 0.16599264340087347 0.25833333333333336 0.00047506324208884297 3.586020044676447 2.6366880582269361 53.269002914428718 0.18026341497898105 0.18963669981711881
decision_type=2 2 2 2 2 2 2 2 2 2 2 2
left_child=1 2 3 4 5 6 7 -1 10 -10 -9 -8
right_child=-2 -3 -4 -5 -6 -7 11 8 9 -11 -12 -13
leaf_value=0.16551006657588946 0.2265191250221848 0.21239205755355242 0.19152594825743754 -0.063633114128660739 0.19152594825743754 0.19152594825743754 0.16551006657588946 -0.063633114128660739 -0.027375720158604032 0.16551006657588946 -0.027375720158604032 0.19152594825743754
leaf_weight=17.370336998254061 92.621984496712685 109.10604596883059 108.24648837000132 30.327478669583797 31.908657342195511 36.903189390897751 28.925327971577644 57.836122173815966 7.3018040098249939 8.7124165482819063 50.819477714598179 24.386213004589081
leaf_count=44 34 73 166 400 18 33 154 746 94 42 583 26
internal_value=0.153462 0.139411 0.118688 0.0908035 0.108879 0.0894391 0.0632136 0.0230539 -0.00500059 0.132998 -0.0273757 0.16551
internal_weight=604.466 511.844 402.738 294.491 264.164 232.255 195.352 142.04 124.67 16.0142 108.656 53.3115
internal_count=2413 2379 2306 2140 1740 1722 1689 1509 1465 136 1329 180
is_linear=0
shrinkage=0.06


Tree=5
num_leaves=16
num_cat=0
split_feature=86 177 253 202 144 163 29 108 1 191 165 161 253 0 0
split_gain=89.4253 115.766 174.972 207.928 168.011 146.375 92.2939 128.133 146.699 31.7257 3.06037 2.53165 1.31595 0.739151 34.6741
threshold=73.500000000000014 0.20833333333333337 0.0010573002717867202 0.3698815966554993 0.0061747507893625446 0.80776409107876079 6.1162830704669711 0.0035706317332823358 0.048116679993238591 1.9833333333331591 0.16333333333333336 29.014094570103818 0.00076942810908947406 46.175000000000004 71.208333333333357
decision_type=2 2 2 2 2 2 2 2 2 2 2 2 2 2 2
left_child=1 2 3 4 5 6 7 8 9 -1 -3 -7 -8 -11 -15
right_child=-2 10 -4 -5 -6 11 12 -9 -10 13 -12 -13 -14 14 -16
leaf_value=-0.041774246629883473 0.19353369512084867 0.16827860914354106 0.16827860914354106 0.16827860914354106 0.16369125247402808 0.13144879776126883 -0.065410130768913041 0.13144879776126883 -0.052116613004143449 0.13144879776126883 0.19353369512084867 0.16369125247402808 -0.052116613004143449 -0.041774246629883473 0.13144879776126883
leaf_weight=3.0465271621942547 89.53489351272583 116.37690195813775 101.09067457169294 41.038355514407158 41.090482871979475 17.441577591001987 55.547762673348188 25.996449440717697 45.033896047621965 12.093883018940689 50.18142431974411 22.404467135667801 4.6205178946256629 4.3414009883999816 1.6973172165453432
leaf_count=36 29 323 141 23 52 60 759 165 610 30 46 21 23 51 10
internal_value=0.136035 0.12586 0.10625 0.0803056 0.0564275 0.032049 0.00469018 0.0420771 -0.00382973 0.120742 0.168279 0.131449 -0.0521166 0.131449 0.0576616
internal_weight=631.537 542.002 375.443 274.353 233.314 192.224 152.378 92.2095 66.213 21.1791 166.558 39.846 60.1683 18.1326 6.03872
internal_count=2379 2350 1981 1840 1817 1765 1684 902 737 127 369 81 782 91 61
is_linear=0
shrinkage=0.06


Tree=6
num_leaves=14
num_cat=0
split_feature=211 88 166 60 11 261 108 159 36 70 201 0 0
split_gain=87.732 117.308 111.194 133.266 188.656 99.8816 96.7251 95.7438 65.1484 40.7499 36.4516 17.3835 34.7213
threshold=0.38699530516431929 1.0000000180025095e-35 0.010277125860564664 13.000000000000002 0.031313235949490772 0.2271240600539384 0.004727786977803578 16.679010927511587 51.500000000000007 1.0000000180025095e-35 0.4431524547803618 33.00833333333334 32.716666666666676
decision_type=2 2 2 2 2 2 2 2 2 2 2 2 2
left_child=1 2 3 4 10 6 7 8 9 11 -1 12 -6
right_child=-2 -3 -4 -5 5 -7 -8 -9 -10 -11 -12 -13 -14
leaf_value=0.112556712073364 0.16230073415885929 0.16230073415885929 0.16230073415885929 0.16230073415885929 -0.055002821132914888 -0.066255686843319006 0.112556712073364 0.112556712073364 0.112556712073364 0.112556712073364 0.16230073415885929 -0.066111345178397146 0.112556712073364
leaf_weight=110.49218295142055 144.62970751151443 89.155328989028931 52.060387443751097 49.867088496685028 6.782648064196108 37.402436897158623 26.656323906034231 20.366379834711552 6.955293893814086 2.9239964485168448 30.972972121089697 52.347970638424158 2.3682928420603275
leaf_count=736 101 27 27 40 84 439 146 83 10 1 15 690 3
internal_value=0.120143 0.107047 0.0921908 0.0789593 0.0628909 0.0169407 0.0438862 0.0123505 -0.0211252 -0.0412436 0.112557 -0.053133 0.0196513
internal_weight=632.981 488.351 399.196 347.136 297.268 155.803 118.401 91.7446 71.3782 64.4229 141.465 61.4989 9.15094
internal_count=2402 2301 2274 2247 2207 1456 1017 871 788 778 751 777 87
is_linear=0
shrinkage=0.06


Tree=7
num_leaves=11
num_cat=0
split_feature=249 93 29 95 269 144 95 29 92 60
split_gain=74.6764 88.6563 58.9332 57.6355 29.7989 10.5404 24.364 14.6227 8.36262 0.0192194
threshold=0.019557049979165009 1.3550666813353383 6.7398497631040026 0.6928748724207423 1.0000000180025095e-35 0.0012931731273063761 0.60333489152455821 5.3186179695299387 1562.5000000000002 11.000000000000002
decision_type=2 2 2 2 2 2 2 2 2 2
left_child=1 4 8 -4 5 6 -1 -8 9 -2
right_child=2 -3 3 -5 -6 -7 7 -9 -10 -11
leaf_value=-0.046611482112647623 0.131688940247143 -0.058964497625181703 0.087433810030818626 0.131688940247143 -0.046611482112647623 0.087433810030818626 0.087433810030818626 -0.036701328461725115 0.15947768794097225 0.15552219277504933
leaf_weight=6.7628451772034195 243.75360685959458 17.423442285507917 107.44593795761466 76.0652224868536 4.8212577663362017 45.920142732560635 7.6713598594069463 2.4232213906943798 81.900742512196302 94.065855573862791
leaf_count=125 757 272 673 43 79 219 40 35 74 78
internal_value=0.111399 0.056767 0.118886 0.0884985 0.0874338 0.0874338 0.0302438 0.0830839 0.131689 0.131689
internal_weight=688.254 85.0223 603.231 183.511 67.5988 62.7776 16.8574 10.0946 419.72 337.819
internal_count=2395 770 1625 716 498 419 200 75 909 835
is_linear=0
shrinkage=0.06


Tree=8
num_leaves=12
num_cat=0
split_feature=173 68 31 41 165 251 191 31 165 155 77
split_gain=76.9348 90.3519 116.614 76.1251 71.992 50.4409 32.2847 68.7246 25.0876 13.9268 2.69687
threshold=0.58477011494252884 3.5000000000000004 8.1330462805784389 0.0020020040080160327 0.16333333333333336 0.021115083628087492 2.1166666666666463 8.1330462805784389 0.16333333333333336 0.82588508932126914 0.074280393068383507
decision_type=2 2 2 2 2 2 2 2 2 2 2
left_child=1 2 3 -1 10 -6 7 8 9 -3 -5
right_child=-2 6 -4 4 5 -7 -8 -9 -10 -11 -12
leaf_value=0.091148103742614589 0.14546644600691033 0.091148103742614589 -0.063405153983170426 -0.063405153983170426 -0.045503555920616709 0.091148103742614589 0.13853160377948587 -0.058850990890646118 0.13853160377948587 0.13853160377948587 -0.045503555920616709
leaf_weight=225.02567907050252 105.96811486035585 72.843646213412285 22.039976570755243 28.378524340689204 7.2818394377827671 17.480653326958418 119.23169443756342 8.8643427118659002 46.749650847166777 24.235925368964672 3.5922186374664298
leaf_count=932 41 377 280 303 80 25 211 93 46 11 1
internal_value=0.0976906 0.0884238 0.0651694 0.0756029 0.0129405 0.0861589 0.113738 0.0928377 0.102865 0.0911481 -0.0455036
internal_weight=681.692 575.724 303.799 281.759 56.7332 24.7625 271.925 152.694 143.829 97.0796 31.9707
internal_count=2400 2359 1621 1341 409 105 738 527 434 388 304
is_linear=0
shrinkage=0.06


Tree=9
num_leaves=15
num_cat=0
split_feature=86 191 253 155 147 162 110 60 161 239 9 119 94 147
split_gain=74.0372 96.5159 121.599 138.926 227.036 124.463 35.5775 37.0764 33.8415 33.35 22.87 18.8303 7.4981 6.39662
threshold=73.500000000000014 2.2333333333332903 0.00047506324208884297 0.82588508932126914 0.13125512715340446 0.10002434274586175 0.0091885070772611353 21.000000000000004 33.640989960241725 1.7466666666666926 0.10533626817574425 0.72500000000000009 3.4500000000000006 0.089898989898989909
decision_type=2 2 2 2 2 2 2 2 2 2 2 2 2 2
left_child=1 2 3 4 5 6 7 8 9 10 13 -12 -3 -1
right_child=-2 12 -4 -5 -6 -7 -8 -9 -10 -11 11 -13 -14 -15
leaf_value=-0.068724682133226453 0.13474039792202294 0.10708826252093399 0.10708826252093399 0.10708826252093399 0.10708826252093399 0.10708826252093399 0.10708826252093399 0.10708826252093399 0.10263073903709165 0.087047269424916376 -0.045273469099997347 0.087047269424916376 0.12936749788487473 -0.045273469099997347
leaf_weight=115.04137960448861 111.37132859230042 24.730597540736198 153.14714288711548 38.097254626452923 66.994341246783733 18.645848885178566 3.4219108521938315 3.0386550426483145 3.5612900331616393 4.3608154393732539 3.7758904956281176 3.0128908157348633 145.28691669926047 13.186714090406893
leaf_count=1401 31 122 273 29 160 11 22 1 4 23 41 2 120 138
internal_value=0.0892286 0.0803063 0.0645122 0.0400351 0.0209173 -0.0165738 -0.0353429 -0.0404796 -0.0455943 -0.05078 -0.0564372 0.0415592 0.118696 -0.062184
internal_weight=707.673 596.302 426.284 273.137 235.04 168.045 149.4 145.978 142.939 139.378 135.017 6.78878 170.018 128.228
internal_count=2378 2347 2105 1832 1803 1643 1632 1610 1609 1605 1582 43 242 1539
is_linear=0
shrinkage=0.06


Tree=10
num_leaves=11
num_cat=0
split_feature=31 159 32 243 173 159 60 203 249 11
split_gain=74.1459 207.716 80.975 88.2877 21.1581 9.41045 8.12615 1.64233 11.3157 1.50236
threshold=6.5786148540711356 13.251488336281303 4.5000000000000009 0.018858276559988053 0.49137931034482768 9.7963432651784217 9.0000000000000018 0.60170062899123888 0.044792034374763263 0.031352446711210201
decision_type=2 2 2 2 2 2 2 2 2 2
left_child=4 -2 3 7 5 -1 -6 8 -3 -8
right_child=1 2 -4 -5 6 -7 9 -9 -10 -11
leaf_value=0.073266460440285883 -0.06805302956756959 -0.038412047794448963 0.098380996898634651 -0.067162724313470423 0.098380996898634651 0.098380996898634651 0.15600157084960997 0.098380996898634651 0.091568592098369136 0.11854482565791696
leaf_weight=167.61656692996621 38.659506797790527 2.5828843042254475 141.02136416360736 23.342183105647564 33.616025093942881 164.87974010035396 36.501181825995445 10.377713859081267 3.9603961333632469 99.027230847626925
leaf_count=682 408 36 295 253 76 569 26 4 7 63
internal_value=0.0855409 0.055633 0.0824642 0.00643419 0.098381 0.098381 0.122006 0.098381 0.0432793 0.130755
internal_weight=721.585 219.944 181.285 40.2632 501.641 332.496 169.144 16.921 6.54328 135.528
internal_count=2419 1003 595 300 1416 1251 165 47 43 89
is_linear=0
shrinkage=0.06


Tree=11
num_leaves=15
num_cat=0
split_feature=202 95 31 187 253 165 145 149 187 239 86 147 239 70
split_gain=64.9625 93.8496 114.485 69.6852 111.4 192.941 51.6134 39.5501 26.6754 21.4565 18.653 20.4492 8.1607 3.09079
threshold=0.3698815966554993 0.68787090564819808 8.1330462805784389 0.78452380952380962 0.00024357578146562439 0.16333333333333336 0.133974358974359 0.11741844794402521 14.716666666666669 1.6633333333333107 36.500000000000007 0.089898989898989909 1.5233333333333159 1.0000000180025095e-35
decision_type=2 2 2 2 2 2 2 2 2 2 2 2 2 2
left_child=1 2 3 4 5 6 9 10 -4 -1 -8 -12 -7 -6
right_child=-2 -3 8 -5 13 12 7 -9 -10 -11 11 -13 -14 -15
leaf_value=0.040996412053533257 0.13160898185117068 0.10389765266847144 -0.065187702828955155 0.10389765266847144 0.093076603904439517 0.040996412053533257 -0.065187702828955155 0.040996412053533257 0.078821406521401891 0.093076603904439517 -0.053959242004767739 0.040996412053533257 0.093076603904439517 0.10389765266847144
leaf_weight=23.858242101967335 76.378786697983742 225.5650292634964 31.154557663947344 73.850160181522369 97.24124076962471 3.2738359905779353 74.337693948298693 11.915260612964628 3.6526837348937979 11.302722640335558 7.2319641672074777 2.477027028799057 58.707687295973301 39.247771024703979
leaf_count=179 33 152 396 52 289 31 920 75 1 34 90 17 101 11
internal_value=0.0788027 0.0723497 0.055714 0.0647287 0.0519597 0.0222415 -0.0196247 -0.0422201 -0.0466136 0.0409964 -0.0466136 0.01787 0.0930766 0.0930766
internal_weight=740.195 663.816 438.251 403.444 329.593 193.104 131.123 95.9619 34.8072 35.161 84.0467 9.70899 61.9815 136.489
internal_count=2381 2348 2196 1799 1747 1447 1315 1102 397 213 1027 107 132 300
is_linear=0
shrinkage=0.06


Tree=12
num_leaves=12
num_cat=0
split_feature=95 31 45 118 235 250 36 112 255 144 126
split_gain=70.414 169.42 54.2892 50.2526 38.928 39.2273 26.9589 21.3868 4.839 3.59112 13.7158
threshold=0.68787090564819808 7.9020513357465578 0.0021762788499691097 0.035350702989437023 0.17222816399286991 2.2000000000000024 22.500000000000004 0.0021369824228115284 0.12417676592715172 0.0049554756815371566 0.29728678094436856
decision_type=2 2 2 2 2 2 2 2 2 2 2
left_child=1 2 3 4 5 -1 -7 8 -4 10 -8
right_child=-2 -3 7 -5 -6 6 9 -9 -10 -11 -12
leaf_value=-0.065392943303219542 0.099685135987314516 -0.065392943303219542 0.079378701070326768 0.079378701070326768 0.079378701070326768 -0.054087746089886944 -0.048176970665987903 0.099685135987314516 0.099685135987314516 0.079378701070326768 0.079378701070326768
leaf_weight=31.113191332668066 254.78484623134136 34.417553644627333 260.72814172506332 18.329793676733971 13.154222458600996 6.6120572239160564 3.3789306506514531 70.764317698776722 48.9857995249331 6.9174873828887939 4.066955953836441
leaf_count=358 157 442 1196 6 39 70 24 72 30 2 6
internal_value=0.073796 0.0602176 0.0697745 0.0252164 -0.00192944 -0.0257057 0.0357345 0.0793787 0.0793787 0.0786405 0.0273815
internal_weight=753.253 498.468 464.051 83.5726 65.2428 52.0886 20.9754 380.478 309.714 14.3634 7.44589
internal_count=2402 2245 1803 505 499 460 102 1298 1226 32 30
is_linear=0
shrinkage=0.06


Tree=13
num_leaves=11
num_cat=0
split_feature=21 85 53 248 29 165 143 191 177 93
split_gain=55.0711 71.5382 78.4155 81.5323 37.9934 30.9464 17.1908 38.9887 12.2331 8.60238
threshold=0.54210048228403163 0.033278239869402718 0.017501439495121947 1.7717337258224426 7.8589785236632634 0.16333333333333336 3.2500000000000004 2.0999999999999264 0.23431372549019611 1.2904228805423543
decision_type=2 2 2 2 2 2 2 2 2 2
left_child=1 2 4 5 6 -4 7 -1 -5 -9
right_child=-2 -3 3 8 -6 -7 -8 9 -10 -11
leaf_value=-0.064378244366799731 0.12241691902416751 0.10588992140189074 0.020289519028697293 0.081993942957708052 -0.064378244366799731 0.081993942957708052 0.020289519028697293 0.020289519028697293 0.10531729467609338 -0.054161115264273078
leaf_weight=26.059788230806589 68.727010726928711 127.18387074396014 34.643396493047476 219.73062688112259 17.19467818364501 15.110168006271122 100.63924913853407 12.965586744248869 103.67516699060798 6.0185149163007727
leaf_count=267 19 96 518 652 192 43 398 19 104 70
internal_value=0.0710127 0.0653338 0.0553534 0.0704684 0.0202895 0.0202895 0.0202895 -0.0208739 0.0819939 0.0202895
internal_weight=731.948 663.221 536.037 373.159 162.878 49.7536 145.683 45.0439 323.406 18.9841
internal_count=2378 2359 2263 1317 946 561 754 356 756 89
is_linear=0
shrinkage=0.06


Tree=14
num_leaves=12
num_cat=0
split_feature=85 144 31 195 93 106 195 211 211 45 253
split_gain=51.9259 61.9645 149.715 49.8201 106.974 127.099 31.129 35.4003 23.5552 23.308 8.71439
threshold=0.033278239869402718 0.0062518918460353241 6.717869808135533 0.013400673400673403 1.2895507667730659 0.61755030801404975 0.085074086890867345 0.34676806885785416 0.45046033778428152 0.004999846676479373 0.00047506324208884297
decision_type=2 2 2 2 2 2 2 2 2 2 2
left_child=1 2 3 4 10 7 8 -6 9 -4 -1
right_child=-2 -3 6 -5 5 -7 -8 -9 -10 -11 -12
leaf_value=0.079659439616309433 0.10051778803076797 0.09802864412735833 -0.068239969062115394 0.09802864412735833 -0.025288066400384081 0.079659439616309433 0.090051967527078239 0.079659439616309433 0.059723840437689718 -0.025288066400384081 0.09802864412735833
leaf_weight=77.678757458925247 140.0207784101367 120.67579650878906 48.807171946391463 112.17999077215791 69.235314335674047 29.011841297149658 7.2799110412597647 7.4417864233255377 8.7282055616378766 36.042233541607857 106.31486667692661
leaf_count=267 98 73 571 228 812 8 2 4 12 244 83
internal_value=0.0671625 0.0593731 0.0497423 0.06608 0.0522677 0.00398776 -0.0153737 -0.0153737 -0.0252881 -0.0352069 0.0796594
internal_weight=763.417 623.396 502.72 401.863 289.683 105.689 100.858 76.6771 93.5776 84.8494 183.994
internal_count=2402 2304 2231 1402 1174 824 829 816 827 815 350
is_linear=0
shrinkage=0.06


Tree=15
num_leaves=13
num_cat=0
split_feature=211 87 202 148 191 103 93 53 173 0 11 191
split_gain=49.924 56.695 66.5995 86.3845 75.0873 67.3011 33.2477 25.8824 18.7094 12.7516 5.53974 3.6357
threshold=0.38699530516431929 1.277137377268059 0.60711158314527058 0.014235049896051184 2.13333333333332 0.36558074582190753 1.3550666813353383 0.016743273164788981 0.60555555555555574 71.458333333333357 0.047958816447558526 2.6333333333333488
decision_type=2 2 2 2 2 2 2 2 2 2 2 2
left_child=1 2 3 4 6 -6 9 8 11 10 -1 -7
right_child=-2 -3 -4 -5 5 7 -8 -9 -10 -11 -12 -13
leaf_value=0.005368709530901513 0.092833006342018104 0.092833006342018104 0.092833006342018104 0.092833006342018104 0.005368709530901513 0.005368709530901513 -0.062113802028106992 0.092833006342018104 0.092833006342018104 -0.060202904730842555 -0.062113802028106992 0.077892548462516711
leaf_weight=184.46125986799598 162.00460299104452 88.178834900259972 50.78451681137085 57.713706970214844 31.877932561561465 10.256497528403996 24.296092154458165 97.504858139902353 7.3055517673492423 12.167853824794291 9.4177380111068469 3.6535747051239023
leaf_count=1098 102 26 14 16 327 66 364 134 2 138 85 1
internal_value=0.0631371 0.0545167 0.0461216 0.0379092 0.0270426 0.0596885 0.00536871 0.0811134 0.0188724 0.00536871 0.00536871 0.00536871
internal_weight=739.623 577.618 489.44 438.655 380.941 150.598 230.343 118.72 21.2156 206.047 193.879 13.9101
internal_count=2373 2271 2245 2231 2215 530 1685 203 69 1321 1183 67
is_linear=0
shrinkage=0.06


Tree=16
num_leaves=13
num_cat=0
split_feature=173 21 242 254 93 243 85 192 1 217 85 243
split_gain=50.142 59.9192 74.2526 74.4294 90.0813 55.1211 54.3155 38.6143 37.7271 28.0177 10.6805 4.64583
threshold=0.58477011494252884 0.54210048228403163 2.599592554063499 0.0026398330096584848 1.3022593404577139 0.027056456962687211 0.02129001808483057 1.0000000180025095e-35 0.041784072483922498 0.28619047619047627 0.055840022712802723 0.058449261075962523
decision_type=2 2 2 2 2 2 2 2 2 2 2 2
left_child=1 2 3 4 6 10 8 -7 -1 -10 -6 -4
right_child=-2 -3 11 -5 5 7 -8 -9 9 -11 -12 -13
leaf_value=0.084877659310401588 0.099298080353290977 0.099298080353290977 0.099298080353290977 0.084877659310401588 0.024580019220066716 -0.068021189978553151 0.084877659310401588 0.024580019220066716 0.024580019220066716 0.084877659310401588 0.081061874129650713 0.084877659310401588
leaf_weight=14.751219004392622 113.62131702899933 71.634709119796753 70.65649501606822 58.602938540279865 57.222609722986817 60.742229340597987 81.184121709316969 6.9867820739746085 118.23033982329071 27.5469586327672 10.431240644305943 81.079855317249894
leaf_count=13 43 20 70 26 524 780 90 2 595 19 4 228
internal_value=0.0622335 0.0555626 0.0488533 0.035977 0.0256683 -0.0133978 0.0474796 -0.0509505 0.0266628 0.02458 0.02458 0.0848777
internal_weight=772.691 659.069 587.435 435.698 377.096 135.383 241.713 67.729 160.529 145.777 67.6539 151.736
internal_count=2414 2371 2351 2053 2027 1310 717 782 627 614 528 298
is_linear=0
shrinkage=0.06


Tree=17
num_leaves=10
num_cat=0
split_feature=173 87 144 31 159 31 21 165 100
split_gain=44.5397 56.4386 70.1026 93.4533 78.185 56.9236 38.8587 30.6206 6.77594
threshold=0.58477011494252884 1.277137377268059 0.0061747507893625446 6.7749341386647126 16.462686842047813 8.1330462805784389 0.54210048228403163 0.16333333333333336 0.0044215539578471982
decision_type=2 2 2 2 2 2 2 2 2
left_child=1 2 3 6 -5 -6 7 -1 -9
right_child=-2 -3 -4 4 5 -7 -8 8 -10
leaf_value=0.047099112443610321 0.093405528186380732 0.092844000973286905 0.085061062662151771 -0.070069430118049919 0.047099112443610321 -0.061689632081308843 0.085061062662151771 0.047099112443610321 0.085061062662151771
leaf_weight=230.6044975053519 111.14445794373751 101.98575204610825 117.63493703305721 49.871369548141956 27.774369984865189 16.035979328677058 49.720628976821899 8.5560085624456388 62.368683092296124
leaf_count=1325 44 32 82 570 45 207 14 48 48
internal_value=0.0580262 0.0518465 0.0441117 0.0329529 -0.0199625 0.0376454 0.0470991 0.0470991 0.0850611
internal_weight=775.697 664.552 562.566 444.932 93.6817 43.8103 351.25 301.529 70.9247
internal_count=2415 2371 2339 2257 822 252 1435 1421 96
is_linear=0
shrinkage=0.06


Tree=18
num_leaves=10
num_cat=0
split_feature=21 94 31 112 31 85 147 165 112
split_gain=49.7094 63.8396 80.8156 102.211 56.3514 29.9859 14.8083 4.5563 1.84945
threshold=0.54210048228403163 4.3500000000000005 6.6320542896185097 0.0026592025142408173 8.5638749848556319 0.034139531116289437 0.089898989898989909 0.085144927536231887 0.0023646336724331978
decision_type=2 2 2 2 2 2 2 2 2
left_child=1 2 5 -4 -5 6 8 -8 -1
right_child=-2 -3 3 4 -6 -7 7 -9 -10
leaf_value=0.02803064435664358 0.099294754915414465 0.090038921579056658 -0.061468403250869504 0.049724954286123876 -0.060710594706361275 0.087189322086490079 0.049724954286123876 0.087189322086490079 0.049724954286123876
leaf_weight=268.50758333131671 69.797835826873779 98.575331833213568 58.618163535371423 44.177419198676944 15.047317942604421 78.433297343552113 12.081702671945093 56.005612730979919 7.4373053424060336
leaf_count=1229 20 33 634 98 213 48 35 70 7
internal_value=0.0514039 0.0458783 0.0375191 -0.00633819 0.0484529 0.049725 0.049725 0.0848065 0.049725
internal_weight=708.682 638.884 540.308 117.843 59.2247 422.466 344.032 68.0873 275.945
internal_count=2387 2367 2334 945 311 1389 1341 105 1236
is_linear=0
shrinkage=0.06


Tree=19
num_leaves=16
num_cat=0
split_feature=173 144 86 31 165 73 145 239 93 19 165 113 45 239 253
split_gain=48.8358 60.1703 62.5932 73.8923 52.9628 62.4748 49.5817 27.0123 23.386 16.3313 15.2852 9.06521 8.81019 3.71922 0.0874301
threshold=0.49137931034482768 0.0036599101999944049 73.500000000000014 6.5137612340191886 0.072751322751322761 0.005632745818696233 0.18834459459459463 1.556666666666664 1.321858213921014 0.47989237985078886 0.91666666666666685 41.744011497497567 0.0076019386686840438 1.5266666666666657 0.00047506324208884297
decision_type=2 2 2 2 2 2 2 2 2 2 2 2 2 2 2
left_child=1 2 3 4 5 6 7 -1 -9 -10 11 -5 -2 -7 -15
right_child=12 -3 -4 10 -6 13 -8 8 9 -11 -12 -13 -14 14 -16
leaf_value=-0.0411993907443663 0.06780657523671825 0.06780657523671825 0.06780657523671825 -0.067465359476723039 0.06780657523671825 0.0260966549576001 -0.0411993907443663 0.059421616089886595 -0.0411993907443663 0.059421616089886595 0.059861778987789806 -0.0411993907443663 0.089870086516229658 0.059421616089886595 0.06780657523671825
leaf_weight=8.3149501346051675 112.85035381279886 183.35409303382039 51.546514511108398 54.933359205722809 63.808093212544918 13.205976508557795 44.236749246716499 21.442801676690578 9.9093461483716947 3.6269502639770499 3.4019989967346183 9.2015509493648988 104.34723278880119 17.189331527799368 22.640755400061607
leaf_count=75 207 322 16 751 165 35 500 40 116 1 1 17 52 50 17
internal_value=0.0509621 0.0404731 0.0246575 0.012413 0.0303572 0.00922305 -0.0218409 0.027768 0.0512535 -0.0182459 -0.0411994 -0.0482083 0.0748446 0.0594216 0.0678066
internal_weight=724.01 506.812 323.458 271.912 204.375 140.567 87.5308 43.294 34.9791 13.5363 67.5369 64.1349 217.198 53.0361 39.8301
internal_count=2365 2106 1784 1768 999 834 732 232 157 117 769 768 259 102 67
is_linear=0
shrinkage=0.06


Tree=20
num_leaves=11
num_cat=0
split_feature=95 31 202 93 112 86 60 5 112 93
split_gain=41.66 77.4802 38.7245 51.4161 43.1733 30.3728 19.343 15.0332 6.92634 3.24788
threshold=0.71413183943247371 8.1330462805784389 0.3698815966554993 1.3550666813353383 0.010396538996579585 73.500000000000014 13.000000000000002 0.045328975350846588 0.021304303797257135 1.3022593404577139
decision_type=2 2 2 2 2 2 2 2 2 2
left_child=1 2 3 5 7 6 -1 -5 -3 -10
right_child=-2 8 -4 4 -6 -7 -8 -9 9 -11
leaf_value=0.047043603863771287 0.079635576027579133 -0.063637660386672762 0.079635576027579133 -0.047949243205711582 0.047043603863771287 0.079635576027579133 0.079635576027579133 0.047043603863771287 0.026568517139598034 -0.047949243205711582
leaf_weight=313.53152948990464 135.68550334870815 22.773630959913152 68.578403688967228 32.976456185802817 5.8364547155797473 75.565322637557983 67.087167732417583 3.3317430019378653 5.1541495211422426 2.8646087888628244
leaf_count=1402 62 350 28 448 4 24 42 1 19 49
internal_value=0.0495247 0.0424464 0.0475076 0.0411951 -0.0213737 0.0470436 0.0470436 -0.0479492 -0.0479492 0.000415787
internal_weight=733.385 597.699 566.907 498.329 42.1447 456.184 380.619 36.3082 30.7924 8.01876
internal_count=2429 2367 1949 1921 453 1468 1444 449 418 68
is_linear=0
shrinkage=0.06


Tree=21
num_leaves=17
num_cat=0
split_feature=87 201 95 40 147 93 86 29 215 45 30 5 159 69 197 45
split_gain=49.4197 50.7778 68.8853 81.5227 79.0097 48.376 36.9307 29.8963 33.5027 13.7541 4.97294 3.91362 3.85001 2.44399 7.24717 0.37724
threshold=1.277137377268059 0.82758620689655182 0.68893472772586972 11.500000000000002 0.14644607843137258 1.3096166287759694 5.5000000000000009 5.4288573017845048 0.040930551325007621 0.0048474805592168225 49.831724166870124 0.0019703047033035295 19.98175099238119 1.0000000180025095e-35 0.11030229517372281 0.0048474805592168225
decision_type=2 2 2 2 2 2 2 2 2 2 2 2 2 2 2 2
left_child=1 2 3 4 5 6 -1 -8 -9 -5 11 -11 15 14 -10 -4
right_child=-2 -3 12 9 -6 -7 7 8 13 10 -12 -13 -14 -15 -16 -17
leaf_value=-0.066035897570864935 0.083952685638102389 0.083952685638102389 0.045414141568817797 0.045414141568817797 0.045414141568817797 -0.066035897570864935 0.045414141568817797 -0.066035897570864935 -0.045638257945635322 0.045414141568817797 0.06609455100113007 0.06609455100113007 0.083952685638102389 0.045414141568817797 0.045414141568817797 0.06609455100113007
leaf_weight=17.778282267972827 104.10217826068401 59.95836877822876 51.460172921419144 115.62475170195103 40.383607815951109 67.187269991263747 35.599226105958223 18.8257304020226 3.213258069008587 8.5357391759753245 69.128713026642799 19.028527665883303 63.059454441070557 6.9436085224151611 3.2355904579162598 48.395017936825752
leaf_count=145 36 18 75 513 74 949 112 181 32 67 142 25 21 2 1 38
internal_value=0.0457508 0.0391755 0.0333469 0.0199298 -0.00825954 -0.0287261 0.00139876 0.0219105 -0.0208655 0.0454141 0.0660946 0.0454141 0.0660946 0.0454141 0.00617913 0.0660946
internal_weight=732.459 628.357 568.399 405.484 193.167 152.783 85.5957 67.8174 32.2182 212.318 96.693 27.5643 162.915 13.3925 6.44885 99.8552
internal_count=2431 2395 2377 2243 1496 1422 473 328 216 747 234 92 134 35 33 113
is_linear=0
shrinkage=0.06


Tree=22
num_leaves=16
num_cat=0
split_feature=60 155 111 148 93 94 127 85 127 4 87 209 87 94 247
split_gain=39.3754 51.5497 53.4791 61.5915 82.3065 52.8844 38.8767 23.5795 23.1062 21.5445 13.3831 13.3062 7.90902 5.03117 0.14372
threshold=13.000000000000002 0.82201463603996683 30.469644653797154 0.0086945743023091101 1.3022593404577139 3.4500000000000006 0.46428571428571436 0.02320940441178931 0.38750000000000007 1.5000000000000002 0.2927876401617992 14.335278899624781 8.8685165302387912 3.2500000000000004 0.049553323972763769
decision_type=2 2 2 2 2 2 2 2 2 2 2 2 2 2 2
left_child=1 2 3 4 7 -6 12 8 -1 -10 -8 13 -7 -11 -4
right_child=-2 -3 14 -5 5 6 10 -9 9 11 -12 -13 -14 -15 -16
leaf_value=-0.014764575151033538 0.080350913782878522 0.080350913782878522 0.080350913782878522 0.069610992114147702 -0.06614270024004329 -0.06614270024004329 -0.04926353463410757 0.069610992114147702 0.069610992114147702 -0.013122929035806615 0.031900091321496293 0.069610992114147702 -0.014764575151033538 0.031900091321496293 0.069610992114147702
leaf_weight=49.332689350470901 90.70507238805294 75.882937844842672 25.331031065434217 45.966658264398575 61.67508434318006 20.023805288597963 6.3719906918704501 54.083116702735424 14.199140399694441 44.59099980443716 28.572510709986091 25.434666559100151 2.8631901741027823 58.892673000693321 74.736596176400781
leaf_count=239 55 53 23 15 902 221 62 72 7 202 123 15 1 193 212
internal_value=0.0436437 0.0377276 0.0306415 0.0208861 0.0121703 -0.0283859 0.0127453 0.0319001 0.0319001 0.0322989 0.0319001 0.0319001 -0.0492635 0.0319001 0.069611
internal_weight=678.662 587.957 512.074 412.007 366.04 119.507 57.8315 246.533 192.45 143.117 34.9445 128.918 22.887 103.484 100.068
internal_count=2395 2340 2287 2052 2037 1309 407 728 656 417 185 410 222 395 235
is_linear=0
shrinkage=0.06


Tree=23
num_leaves=13
num_cat=0
split_feature=173 87 255 95 165 69 93 124 1 198 144 217
split_gain=45.388 48.8831 53.7793 69.3208 101.737 53.1565 46.73 45.2376 28.7547 14.4214 13.9894 2.81059
threshold=0.58477011494252884 1.277137377268059 0.16599264340087347 0.71413183943247371 0.16333333333333336 0.00027381874481037575 1.3022593404577139 0.024043148265173675 1.0000000180025095e-35 0.95676773447382735 0.0062518918460353241 0.28863247863247871
decision_type=2 2 2 2 2 2 2 2 2 2 2 2
left_child=1 2 3 4 5 6 8 -8 -1 -9 11 -10
right_child=-2 -3 -4 -5 -6 -7 7 9 10 -11 -12 -13
leaf_value=0.066653473482284883 0.080166216220587935 0.07979276661126404 0.07979276661126404 0.071444103031948369 0.066653473482284883 0.066653473482284883 -0.067732142687205538 -0.058867422182495195 0.007024085118997379 0.007024085118997379 0.066653473482284883 0.057173309251575627
leaf_weight=12.183253988623617 110.16345076262951 86.088666141033173 61.673865884542465 87.722598791122437 92.723791481927037 17.55208420753479 75.08558514714241 12.399149943143131 126.21064704470336 12.237882809713481 15.120834343135355 17.079684466123581
leaf_count=12 50 32 27 49 196 5 1073 181 663 68 11 20
internal_value=0.0447479 0.0381757 0.0311411 0.0239707 0.0127123 -0.00500236 -0.012092 -0.0442889 0.00702409 0.00702409 0.00702409 0.00702409
internal_weight=726.241 616.078 529.989 468.316 380.593 287.869 270.317 99.7226 170.594 24.637 158.411 143.29
internal_count=2387 2337 2305 2278 2229 2033 2028 1322 706 249 694 683
is_linear=0
shrinkage=0.06


Tree=24
num_leaves=15
num_cat=0
split_feature=173 201 86 127 239 93 40 239 242 259 144 5 111 53
split_gain=35.7072 43.3951 51.2463 58.2963 43.8521 55.2904 40.3381 21.1163 21.5211 15.5388 13.2148 10.2516 6.92381 2.4594
threshold=0.58477011494252884 0.62916666666666676 73.500000000000014 0.41428571428571431 1.556666666666664 1.2887139645657324 12.500000000000002 1.5133333333333101 2.4427566360668949 0.001220408737137601 0.0011771630823920239 0.045328975350846588 21.008487886852691 0.016144021769416681
decision_type=2 2 2 2 2 2 2 2 2 2 2 2 2 2
left_child=1 2 3 4 12 -6 -7 -5 -9 11 -10 -8 -1 -12
right_child=-2 -3 -4 7 5 6 9 8 10 -11 13 -13 -14 -15
leaf_value=-0.076416571640649397 0.07672542613140694 0.07672542613140694 0.07672542613140694 -0.014147461235307213 0.041340627877127049 -0.044028869382087339 -0.044028869382087339 0.041340627877127049 0.041340627877127049 0.041340627877127049 0.041340627877127049 0.041340627877127049 -0.044028869382087339 0.07672542613140694
leaf_weight=25.45836085267365 92.138776004314423 66.823594741523266 66.694068193435669 21.681110808625817 71.416334614157677 36.882257604971528 8.4385763406753522 148.44855287671089 9.0675464253872615 10.972145518288015 8.612491909414528 3.0515861511230478 34.799807652831078 64.267774146050215
leaf_count=222 45 28 24 129 142 538 104 656 77 32 35 1 279 74
internal_value=0.0421126 0.0363356 0.0301144 0.0225122 -0.00250545 0.0170047 -0.0263509 0.0413406 0.0466391 0.0389081 0.0736105 -0.0250733 -0.0440289 0.0767254
internal_weight=668.753 576.614 509.791 443.097 191.019 130.761 59.3446 252.077 230.396 22.4623 81.9478 11.4902 60.2582 72.8803
internal_count=2386 2341 2313 2289 1318 817 675 971 842 137 186 105 501 109
is_linear=0
shrinkage=0.06


Tree=25
num_leaves=9
num_cat=0
split_feature=95 31 159 31 173 235 159 85
split_gain=38.8914 59.6705 73.8531 39.3423 20.118 14.8636 11.3118 1.70693
threshold=0.71413183943247371 6.717869808135533 16.679010927511587 8.5638749848556319 0.58477011494252884 0.18389967637540455 11.504231834000555 0.27461202084735398
decision_type=2 2 2 2 2 2 2 2
left_child=1 4 7 -4 5 6 -1 -3
right_child=-2 2 3 -5 -6 -7 -8 -9
leaf_value=0.020255230236347253 0.06986189109508191 -0.070371003266110524 0.041649417552653112 -0.055048009194804626 0.06986189109508191 0.06986189109508191 0.047645131975848479 -0.055048009194804626
leaf_weight=232.6588146854192 118.51495178043842 49.983823921531439 35.996103195473552 12.168270235881208 54.594084292650223 64.440440449863672 71.918078562244773 5.7803781032562247
leaf_count=1063 65 641 56 169 23 95 257 2
internal_value=0.0388888 0.0316929 -0.00890973 0.0416494 0.0416494 0.0416494 0.0416494 -0.055048
internal_weight=646.055 527.54 103.929 48.1644 423.611 369.017 304.577 55.7642
internal_count=2371 2306 868 225 1438 1415 1320 643
is_linear=0
shrinkage=0.06


Tree=26
num_leaves=14
num_cat=0
split_feature=111 166 155 209 29 80 69 221 45 250 0 144 53
split_gain=37.4795 39.5367 42.3857 54.5265 52.9133 61.9226 62.5606 32.0906 36.864 19.68 5.6142 3.45513 3.37259
threshold=31.246397548251686 0.0043813210033138731 0.82201463603996683 12.697738014190614 3.8555477244796301 7.5000000000000009 0.00027381874481037575 0.30526004728132394 0.0037149980634023192 1.733333333333358 28.008333333333336 0.0004004808336160116 0.017501439495121947
decision_type=2 2 2 2 2 2 2 2 2 2 2 2 2
left_child=1 2 3 4 -1 6 7 9 -9 -6 -2 -11 -10
right_child=10 -3 -4 -5 5 -7 -8 8 12 11 -12 -13 -14
leaf_value=0.065499893473175572 0.14651495898134154 0.06706666785111623 0.06706666785111623 0.065499893473175572 -0.070788261690814452 0.063384545182767649 0.063384545182767649 -0.03198297159743687 0.012045147440534294 -0.070389692377009386 0.06706666785111623 -0.03198297159743687 0.063384545182767649
leaf_weight=41.506591022014618 2.6271970942616454 58.193594373762608 52.687755651772022 67.529477287083864 46.407076456584036 42.45236885920167 19.577823638916016 9.1929851956665498 5.6686683129519357 24.544167569838464 121.54280760325491 126.39157819002867 21.75896105915308
leaf_count=87 4 32 47 54 630 63 6 60 19 267 227 883 32
internal_value=0.037555 0.0302206 0.0239544 0.0171042 0.00709204 -0.00198848 -0.0133448 -0.0224314 0.0280311 -0.031983 0.0670667 -0.031983 0.0633845
internal_weight=640.081 515.911 457.717 405.03 337.5 295.994 253.541 233.963 36.6206 197.343 124.17 150.936 27.4276
internal_count=2411 2180 2148 2101 2047 1960 1897 1891 111 1780 231 1150 51
is_linear=0
shrinkage=0.06


Tree=27
num_leaves=10
num_cat=0
split_feature=111 31 77 173 155 13 31 77 77
split_gain=44.4506 77.374 44.8314 29.3414 13.9512 11.2252 9.73786 1.62675 7.06472
threshold=31.246397548251686 6.717869808135533 0.00029461644748718949 0.58477011494252884 0.81988843927780797 0.12526060060362512 8.7638127713547771 0.00029461644748718949 0.011377188637598644
decision_type=2 2 2 2 2 2 2 2 2
left_child=1 3 -3 4 7 -4 -2 -1 -9
right_child=6 2 5 -5 -6 -7 -8 8 -10
leaf_value=0.016304104356802032 0.077332515518341888 -0.068905187929050718 -0.047662697519955111 0.06655277123275849 0.06655277123275849 0.035976154301478415 0.037627678256948668 0.035976154301478415 0.06655277123275849
leaf_weight=237.42822160944343 91.607489202171564 42.126442829146981 4.1503777392208603 71.490046948194504 50.844122223556042 15.64292182959616 37.487179530784488 45.680885832756758 24.63756612688303
leaf_count=1166 82 587 72 32 38 21 140 211 11
internal_value=0.0353658 0.0269465 -0.034935 0.0359762 0.0359762 0.0359762 0.0665528 0.0359762 0.0359762
internal_weight=621.095 492.001 61.9197 430.081 358.591 19.7933 129.095 307.747 70.3185
internal_count=2360 2138 680 1458 1426 93 222 1388 222
is_linear=0
shrinkage=0.06


Tree=28
num_leaves=15
num_cat=0
split_feature=95 31 255 147 235 253 149 143 53 239 199 69 221 199
split_gain=34.2951 60.8015 29.3462 35.9223 47.983 81.4326 42.2491 32.2102 31.0119 24.3928 11.855 7.36803 1.74229 0.213807
threshold=0.68893472772586972 8.1330462805784389 0.16599264340087347 0.26846846846846856 0.16375621890547268 0.00024357578146562439 0.11630577780306341 3.7000000000000028 0.030293282721752222 1.7466666666666926 0.15832245554127203 1.0000000180025095e-35 0.30122256591545155 0.20674491834819597
decision_type=2 2 2 2 2 2 2 2 2 2 2 2 2 2
left_child=1 2 3 4 5 6 7 8 9 -1 11 -7 -2 -8
right_child=12 -3 -4 -5 -6 10 13 -9 -10 -11 -12 -13 -14 -15
leaf_value=-0.062704573342120748 0.059658760213760043 -0.062704573342120748 0.059658760213760043 0.059658760213760043 0.059658760213760043 0.030392040242331803 0.030392040242331803 0.030392040242331803 0.030392040242331803 0.030392040242331803 0.059658760213760043 0.059658760213760043 0.073212974839707054 0.05299126902703042
leaf_weight=83.027501257136464 99.418997250497341 23.411616398021579 53.971599243581295 46.265086442232132 70.808638473972678 33.79066321067512 37.380548851564527 16.173559922724962 9.0356682781130058 4.9581842329353085 68.109518386423588 13.541042089462278 70.887018755078316 3.1241993904113761
leaf_count=999 104 409 24 18 180 182 238 90 26 18 89 4 37 1
internal_value=0.036658 0.0279886 0.0330739 0.0265607 0.0191286 0.0073613 -0.0211505 -0.0398015 -0.052804 -0.0627046 0.045036 0.030392 0.0596588 0.030392
internal_weight=633.904 463.598 440.186 386.215 339.95 269.141 153.7 113.195 97.0214 87.9857 115.441 47.3317 170.306 40.5047
internal_count=2419 2278 1869 1845 1827 1647 1372 1133 1043 1017 275 186 141 239
is_linear=0
shrinkage=0.06


Tree=29
num_leaves=17
num_cat=0
split_feature=95 31 187 202 165 253 29 10 29 93 187 93 159 173 243 94
split_gain=30.1787 57.4225 21.3142 26.3555 32.5574 66.2598 38.1487 38.7002 36.0143 20.7331 12.7221 10.6073 8.68699 4.10992 1.83394 1.26722
threshold=0.68787090564819808 7.9020513357465578 0.78452380952380962 0.3698815966554993 0.16333333333333336 0.00036873281677201345 5.367968972742343 0.18718697130680087 4.2710756138063646 1.3122867053220131 14.716666666666669 1.1498387080098018 13.135604905109927 0.49137931034482768 0.012464925860864829 4.6000000000000005
decision_type=2 2 2 2 2 2 2 2 2 2 2 2 2 2 2 2
left_child=1 2 3 4 5 6 7 8 9 -1 -3 -10 -8 -7 -2 -16
right_child=14 10 -4 -5 -6 13 12 -9 11 -11 -12 -13 -14 -15 15 -17
leaf_value=0.047887365438621841 0.095993113146044487 -0.063548917186420556 0.058074675279037424 0.058074675279037424 0.058074675279037424 0.047887365438621841 -0.063548917186420556 0.047887365438621841 0.047128555922452915 -0.043938133142372458 0.047375477595389376 -0.043938133142372458 -0.043938133142372458 0.058074675279037424 0.058074675279037424 0.072481870806078055
leaf_weight=24.412832409143451 7.283254623413085 26.23391399998221 54.305860109627247 43.531721666455269 66.219605419784784 51.704541025683284 49.818415401503444 18.056437328457832 3.4929953813552848 6.4390553869307032 2.8115365505218497 29.871321080252528 22.431247228756547 57.626229699701071 113.3936587870121 58.54588794708252
leaf_count=53 2 466 55 24 153 167 598 84 2 83 1 362 172 41 123 26
internal_value=0.0371979 0.0287924 0.0343809 0.0286671 0.0222388 0.0125738 -0.0127045 0.0151158 -0.0116116 0.0346137 -0.0504514 -0.0439381 -0.0439381 0.0478874 0.0580747 0.0580747
internal_weight=636.179 456.956 427.91 373.604 330.073 263.853 154.522 82.2726 64.2162 30.8519 29.0455 33.3643 72.2497 109.331 179.223 171.94
internal_count=2412 2261 1794 1739 1715 1562 1354 584 500 136 467 364 770 208 151 149
is_linear=0
shrinkage=0.06


Tree=30
num_leaves=16
num_cat=0
split_feature=211 31 112 31 147 249 0 11 108 81 112 41 14 30 0
split_gain=27.8545 37.558 28.0778 51.3687 35.5071 39.325 31.9026 19.897 21.6234 28.4793 17.6689 15.7772 13.748 4.76053 1.42064
threshold=0.38699530516431929 7.9020513357465578 0.0041709578042014592 6.717869808135533 0.089898989898989909 0.019721101106330085 40.06666666666667 0.031284813838266361 0.002060606777479111 0.0082661879941947087 0.021304303797257135 0.00047829743271579612 0.62109723505103476 54.709676742553718 33.283333333333339
decision_type=2 2 2 2 2 2 2 2 2 2 2 2 2 2 2
left_child=1 2 3 4 5 -1 12 -8 9 -9 -3 -5 -7 -10 -6
right_child=-2 10 -4 11 14 6 7 8 13 -11 -12 -13 -14 -15 -16
leaf_value=-0.016737971726927346 0.064044514517372406 -0.063416000805235198 0.064044514517372406 -0.016737971726927346 0.042746366738729946 -0.016737971726927346 0.064044514517372406 -0.016737971726927346 0.048655028554872061 0.048655028554872061 0.023494072336363664 -0.063416000805235198 0.042746366738729946 0.064044514517372406 0.064044514517372406
leaf_weight=61.063069213181734 117.93184119090438 19.471389774233113 62.399883229285479 9.7892359066754562 1.7379580419510592 21.595259292051196 101.20281556248665 22.326732516288757 43.571231335401535 15.831412389874457 12.478821061551569 26.538925283588469 12.149617590010164 12.325078327208756 86.743858207017183
leaf_count=659 97 381 60 38 11 123 171 160 106 16 65 331 20 19 132
internal_value=0.037774 0.0314632 0.0356919 0.0296011 0.0361964 0.025623 0.0369656 0.0462101 0.0255179 -0.00910994 -0.0300871 -0.0300871 -0.0161181 0.048655 0.0640445
internal_weight=627.157 509.225 477.275 414.875 378.547 290.065 229.002 195.257 94.0545 38.1581 31.9502 36.3282 33.7449 55.8963 88.4818
internal_count=2389 2292 1846 1786 1417 1274 615 472 301 176 446 369 143 125 143
is_linear=0
shrinkage=0.06


Tree=31
num_leaves=17
num_cat=0
split_feature=85 94 202 148 60 29 53 217 69 27 19 262 243 14 243 144
split_gain=32.2451 37.4601 47.6567 52.5104 55.0379 40.715 42.158 33.4664 36.4602 39.8843 43.3462 44.7356 23.9072 19.4247 15.7593 9.60607
threshold=0.034139531116289437 4.3500000000000005 0.3698815966554993 0.0086945743023091101 13.000000000000002 3.586020044676447 0.01374388817448036 0.28619047619047627 0.00027381874481037575 0.073870625035630202 0.049046631643637151 0.21732831177512787 0.036731928506366432 0.7385331306876376 0.0095203235027539589 0.0011771630823920239
decision_type=2 2 2 2 2 2 2 2 2 2 2 2 2 2 2 2
left_child=1 2 3 4 5 -1 -7 8 9 10 15 12 -12 -14 -13 -8
right_child=-2 -3 -4 -5 -6 6 7 -9 -10 -11 11 14 13 -15 -16 -17
leaf_value=0.060688790027857348 0.067080047421245292 0.067080047421245292 0.067080047421245292 0.067080047421245292 0.060688790027857348 -0.076485123857820692 -0.074101557695745751 0.06022962557139111 0.06022962557139111 0.06022962557139111 0.06022962557139111 0.054453707648275763 -0.044577693453170489 0.06022962557139111 -0.044577693453170489 -0.044577693453170489
leaf_weight=26.187210965901613 82.306359548121691 58.924240835011005 54.082035005092621 43.233980432152748 54.480592921376228 28.935313099063933 42.233118660748005 25.552676543593407 13.440593481063841 17.880428268574178 34.590349730104208 4.2493219412863352 10.134880124591289 4.3347567729651919 21.67535487189889 86.135894271545112
leaf_count=49 85 30 31 17 52 344 518 20 4 61 136 10 130 8 233 685
internal_value=0.0324184 0.0267619 0.0208594 0.0136971 0.00614003 -0.00360703 -0.0102652 -0.00237486 -0.00964295 -0.0159058 -0.0236504 0.0124032 0.0455737 -0.0193453 -0.0445777 -0.0445777
internal_weight=608.377 526.071 467.147 413.064 369.83 315.35 289.163 260.227 234.675 221.234 203.354 74.9847 49.06 14.4696 25.9247 128.369
internal_count=2413 2328 2298 2267 2250 2198 2149 1805 1785 1781 1720 517 274 138 243 1203
is_linear=0
shrinkage=0.06


Tree=32
num_leaves=19
num_cat=0
split_feature=242 21 254 253 87 11 36 53 94 45 125 221 0 94 203 254 174 144
split_gain=28.802 27.5379 33.1737 42.1966 52.8833 42.0897 33.6683 24.2847 31.8225 15.05 8.43402 8.21015 5.91002 5.26573 4.83048 7.71942 3.43252 8.73851
threshold=2.5736078247651073 0.54210048228403163 0.0035105003498519124 0.00061607261629805746 0.86690628233801725 0.029912780018101891 7.5000000000000009 0.019774031709682987 3.3500000000000001 0.0024761234085191965 0.90000000000000013 0.31986394557823133 50.925000000000004 3.3500000000000001 0.38587543486307069 0.00028839269911946046 0.17498988945807498 0.0081305815931741795
decision_type=2 2 2 2 2 2 2 2 2 2 2 2 2 2 2 2 2 2
left_child=1 2 3 4 5 -1 -7 8 -8 -10 13 -5 -12 -9 -2 -16 17 -11
right_child=14 -3 -4 11 -6 6 7 10 9 16 12 -13 -14 -15 15 -17 -18 -19
leaf_value=0.042387812578404536 0.057821139694316244 0.057821139694316244 0.057821139694316244 0.042387812578404536 0.042387812578404536 -0.063179562113727689 -0.063179562113727689 -0.063179562113727689 -0.063179562113727689 -0.061700087811635322 0.042387812578404536 0.057821139694316244 0.018036973084928055 0.018036973084928055 0.060263510607405917 0.12521251907316927 0.018036973084928055 0.018036973084928055
leaf_weight=29.274879546836019 81.803485191427171 41.628323316574097 41.271037854254246 80.3938118070364 49.165383754298091 52.694695274345577 28.588799170218408 9.8908430468291062 5.8746968554332843 5.4932876098901051 34.625973884947598 50.017176754772663 9.9267689026892167 12.29363853111863 34.80958160944283 10.844197869300841 19.514749940484762 2.963787317276001
leaf_count=92 243 17 21 217 131 1036 214 79 38 41 55 26 51 52 64 17 37 1
internal_value=0.0325827 0.0255761 0.0206283 0.0148117 0.000778588 -0.0127553 -0.0237071 -0.00688685 -0.0332609 0.00772604 0.018037 0.0423878 0.0423878 0.018037 0.0578211 0.0802985 0.018037 -0.020504
internal_weight=601.075 473.618 431.99 390.718 260.308 211.142 181.867 129.173 62.4353 33.8465 66.7372 130.411 44.5527 22.1845 127.457 45.6538 27.9718 8.45707
internal_count=2432 2108 2091 2070 1827 1696 1604 568 331 117 237 243 106 131 324 81 79 42
is_linear=0
shrinkage=0.06


Tree=33
num_leaves=16
num_cat=0
split_feature=242 60 88 148 201 209 1 144 144 118 149 144 243 30 1
split_gain=36.549 45.6706 41.8767 44.869 50.0488 57.4107 53.6051 39.2957 22.7719 14.1251 18.9028 15.5043 6.9101 4.83391 0.911121
threshold=2.5736078247651073 13.000000000000002 1.0000000180025095e-35 0.0086945743023091101 0.4431524547803618 12.697738014190614 0.05266583678841353 0.0066292843066286886 0.0004004808336160116 0.0029571224531436736 0.11535344081930816 0.0015984504785131282 0.054915675268505014 50.512935638427741 0.056626636868187467
decision_type=2 2 2 2 2 2 2 2 2 2 2 2 2 2 2
left_child=1 2 3 4 5 6 8 -8 -1 11 -11 -10 13 -2 -7
right_child=12 -3 -4 -5 -6 14 7 -9 9 10 -12 -13 -14 -15 -16
leaf_value=-0.06680601422944929 0.055603720033993588 0.055603720033993588 0.055603720033993588 0.055603720033993588 0.052905085617545783 0.052905085617545783 -0.070452864301916648 0.003734906303743301 -0.064894717460539889 0.003734906303743301 0.048395826078154451 0.003734906303743301 0.055603720033993588 0.09479260892086766 0.031022558636269969
leaf_weight=12.279600153677164 15.139355093240736 63.341540284454823 37.728869795799255 30.355107933282852 43.722760431468487 22.41138719394803 97.582679407671094 13.332305908203123 10.591292759403585 6.8624073797836926 24.958342686295509 46.86946162302047 71.624248894862831 33.581863347440958 18.356370612978935
leaf_count=145 40 53 18 13 102 17 1206 26 118 70 56 235 253 25 30
internal_value=0.0266073 0.018241 0.00975993 0.00250962 -0.00494524 -0.0152694 -0.0278223 -0.0562724 0.00373491 0.0146881 0.0464919 0.00373491 0.0556037 0.0803497 0.0483958
internal_weight=548.738 428.392 365.051 327.322 296.967 253.244 212.476 110.915 101.561 89.2815 31.8208 57.4608 120.345 48.7212 40.7678
internal_count=2407 2089 2036 2018 2005 1903 1856 1232 624 479 126 353 318 65 47
is_linear=0
shrinkage=0.06


Tree=34
num_leaves=14
num_cat=0
split_feature=69 88 94 31 100 159 255 31 29 159 108 159 159
split_gain=30.2287 32.662 39.1278 47.3855 60.5041 39.9252 30.477 23.99 15.3121 14.6527 2.13841 1.55917 0.335232
threshold=1.0000000180025095e-35 1.0000000180025095e-35 4.3500000000000005 6.5137612340191886 0.0021836779945470642 14.038199935762394 0.16599264340087347 8.1330462805784389 3.4857163397440316 8.0677682097494756 0.0027987694187638188 9.3261470011403365 11.685750404092794
decision_type=2 2 2 2 2 2 2 2 2 2 2 2 2
left_child=1 2 3 4 6 -5 8 -7 -1 -10 -6 -11 -13
right_child=-2 -3 -4 5 10 7 -8 -9 9 11 -12 12 -14
leaf_value=0.059576706143914637 0.077523497504049202 0.069178827587716415 0.068436300889108292 -0.0709465686361688 0.059576706143914637 0.0044215210614437749 0.059576706143914637 -0.061700572655623467 -0.0709465686361688 -0.018553092064782648 0.068436300889108292 -0.0043199233757380577 0.0044215210614437749
leaf_weight=20.035905409604311 41.679651021957397 52.387259244918823 50.625791992992163 36.365530976094306 56.442236056551337 42.488262673839927 26.583603665232658 17.876889727078378 17.132748689502478 45.213231973350048 55.33639657124877 55.084923550486565 30.05512990616262
leaf_count=28 17 27 30 507 148 155 14 334 182 292 72 387 196
internal_value=0.0293578 0.0250976 0.019721 0.0132874 0.0248328 -0.0229853 0.00442152 0.00442152 0.00442152 0.00442152 0.0595767 0.00442152 0.00442152
internal_weight=547.308 505.628 453.241 402.615 305.884 96.7307 194.106 60.3652 167.522 147.486 111.779 130.353 85.1401
internal_count=2389 2372 2345 2315 1319 996 1099 489 1085 1057 220 875 583
is_linear=0
shrinkage=0.06


Tree=35
num_leaves=14
num_cat=0
split_feature=88 173 146 202 127 163 1 147 60 149 53 163 40
split_gain=26.3095 29.854 42.8577 27.9303 34.2515 31.4233 31.0189 46.5572 23.395 12.8002 11.6976 11.2292 4.34732
threshold=1.0000000180025095e-35 0.58477011494252884 0.15462738655197064 0.3698815966554993 0.46428571428571436 0.80673457838143758 0.049283453745050138 0.089898989898989909 13.000000000000002 0.1162601220731934 0.01893389279858233 0.89915254237288156 12.500000000000002
decision_type=2 2 2 2 2 2 2 2 2 2 2 2 2
left_child=1 2 3 4 5 6 12 8 -8 -6 -11 -4 -1
right_child=-2 -3 11 -5 9 -7 7 -9 -10 10 -12 -13 -14
leaf_value=0.02385827659950748 0.068432806464273965 0.065608603620733799 -0.073290950470446037 0.065608603620733799 0.035608543025034911 0.035608543025034911 -0.057683651389935392 0.02385827659950748 0.02385827659950748 0.035608543025034911 0.065608603620733799 0.035608543025034911 0.035608543025034911
leaf_weight=24.713159627281129 58.555472254753113 58.979303658008575 19.264064869843455 44.923450037837029 147.13945208024234 40.619171984493732 59.459491738118231 14.173923741094766 7.7069373875856391 13.089874267578123 43.573991285637021 2.7737451493740073 19.050170664675534
leaf_count=185 32 38 223 27 698 56 837 83 14 85 78 2 59
internal_value=0.0308307 0.0261295 0.02052 0.0249355 0.0192605 -0.0010289 -0.0161721 -0.0377652 -0.0576837 0.0356085 0.0643962 -0.0576837 0.0238583
internal_weight=554.022 495.467 436.487 414.45 369.526 165.723 125.104 81.3404 67.1664 203.803 56.6639 22.0378 43.7633
internal_count=2417 2385 2347 2122 2095 1234 1178 934 851 861 163 225 244
is_linear=0
shrinkage=0.06


Tree=36
num_leaves=17
num_cat=0
split_feature=173 111 20 31 13 5 0 145 13 149 0 31 13 13 0 29
split_gain=29.5658 35.8666 32.2653 31.795 47.7165 28.2843 22.1769 11.9134 15.0892 16.2022 12.0134 9.70169 3.45166 1.37734 0.911106 0.76378
threshold=0.58477011494252884 32.283472752571114 82.500000000000014 5.9926244517592151 0.11469548664017375 0.0018276549598543891 41.033333333333339 0.11238738738738741 0.085699651332783636 0.1170391448851054 41.033333333333339 7.8163671393615273 0.098069596160531944 0.11995164683906716 40.06666666666667 8.0585729464193907
decision_type=2 2 2 2 2 2 2 2 2 2 2 2 2 2 2 2
left_child=1 2 3 5 -5 7 -6 -1 -9 10 -10 -8 -12 -14 -11 -3
right_child=-2 15 -4 4 6 -7 11 8 9 14 12 -13 13 -15 -16 -17
leaf_value=0.056893206901584538 0.063490862614921109 0.063490862614921109 0.056893206901584538 -0.065115465767603214 -0.065115465767603214 0.056893206901584538 0.01422083715134765 -0.031209087180202821 -0.031209087180202821 0.020859259738888292 -0.0063368794038968692 -0.056620247306024184 0.01422083715134765 0.043500806142351606 0.056893206901584538 0.056893206901584538
leaf_weight=20.593693941831589 64.396454721689224 47.412386298179626 32.91648605465889 45.769987413659692 9.3636988066136819 49.270721992477775 44.81636762432754 40.573115801438689 19.727735867723823 5.8247870542109181 32.852100647985935 8.1616834709420782 38.97460925206542 5.3826189786195746 20.260680222883821 30.500952881760895
leaf_count=30 46 34 18 631 105 102 116 478 131 16 208 145 132 5 45 156
internal_value=0.0259566 0.0203579 0.0124948 0.00672348 -0.0199395 0.0191352 0.0142208 0.0142208 0.0142208 0.0142208 0.0142208 0.0142208 0.0142208 0.0187866 0.0568932 0.0568932
internal_weight=516.798 452.402 374.488 341.572 108.112 233.46 62.3417 184.189 163.596 123.023 96.9371 52.9781 77.2093 44.3572 26.0855 77.9133
internal_count=2398 2352 2162 2144 997 1147 366 1045 1015 537 476 261 345 137 61 190
is_linear=0
shrinkage=0.06


Tree=37
num_leaves=17
num_cat=0
split_feature=173 87 254 41 144 255 217 1 213 108 213 261 5 92 108 108
split_gain=25.2642 30.6563 28.7547 34.2145 30.7911 32.2057 29.0421 40.6654 31.3208 31.0467 14.4991 6.64639 4.13665 3.07352 4.83438 1.06243
threshold=0.53452380952380962 1.277137377268059 0.0035105003498519124 0.0050224925375225984 0.0066292843066286886 0.16599264340087347 0.28619047619047627 0.051527916801248498 0.013840996168582377 0.002060606777479111 0.028004705574799036 0.2271240600539384 0.045328975350846588 1562.5000000000002 0.002060606777479111 0.14741693398679748
decision_type=2 2 2 2 2 2 2 2 2 2 2 2 2 2 2 2
left_child=1 2 3 4 5 6 7 10 -9 -10 13 -11 -5 14 -1 -16
right_child=-2 -3 -4 12 -6 -7 -8 8 9 11 -12 -13 -14 -15 15 -17
leaf_value=-0.011082120598277205 0.059261977279858651 0.059261977279858651 0.059261977279858651 -0.075711136696240605 0.059261977279858651 0.059261977279858651 0.054031496603190898 -0.04627292756128782 -0.04627292756128782 0.023714006564239266 0.054031496603190898 -0.04627292756128782 -0.04627292756128782 0.054031496603190898 0.023714006564239266 0.053984037912240754
leaf_weight=52.310502691194415 88.834585882723331 52.837734892964363 34.725852068513632 20.970248671248587 51.400314249098301 32.148537114262581 33.415571451187134 88.17624286422506 13.019806385971604 19.718209875747569 17.064485996961594 7.3082843469455829 4.4482018947601309 9.2487907102331501 19.727869071066383 3.630392685532569
leaf_count=355 75 31 18 246 54 20 31 1018 180 74 30 95 2 29 121 4
internal_value=0.0301566 0.0243055 0.0184394 0.0132611 0.0182658 0.0106137 0.00344057 -0.00430513 -0.0266121 0.01682 0.023714 0.023714 -0.0514395 0.023714 0.023714 0.023714
internal_weight=548.986 460.151 407.313 372.587 347.169 295.769 263.62 230.205 128.223 40.0463 101.982 27.0265 25.4185 84.9176 75.6688 23.3583
internal_count=2383 2308 2277 2259 2011 1957 1937 1906 1367 349 539 169 248 509 480 125
is_linear=0
shrinkage=0.06


Tree=38
num_leaves=11
num_cat=0
split_feature=85 94 31 147 253 20 248 207 2 222
split_gain=32.2739 30.9033 45.7417 44.071 62.9708 48.0791 34.4602 24.1536 16.5065 1.2356
threshold=0.034139531116289437 4.3500000000000005 6.4400391328029274 0.10818713450292398 0.0008258945352951592 82.500000000000014 6.2107316817574665 10.08595693659788 1.0000000180025095e-35 0.09218606219504781
decision_type=2 2 2 2 2 2 2 2 2 2
left_child=1 2 3 4 5 6 8 -4 -1 -6
right_child=-2 -3 7 -5 9 -7 -8 -9 -10 -11
leaf_value=0.042170144371644167 0.062159681206045765 0.062159681206045765 -0.072590467344334247 0.062159681206045765 0.054060754030687289 0.054060754030687289 0.054060754030687289 -0.025828499736051735 -0.025828499736051735 0.062159681206045765
leaf_weight=13.583155415952204 60.97292604483664 39.204679519869387 38.374911510851234 53.195404432713985 32.4160669259727 23.427950173616409 15.334423989057539 53.977287609130144 110.73132422380149 46.795728147029877
leaf_count=25 84 27 542 51 66 14 13 468 1105 26
internal_value=0.0219726 0.0159717 0.0106516 0.0221503 0.0108721 -0.0105069 -0.0241805 -0.0258285 -0.0258285 0.0540608
internal_weight=488.014 427.041 387.836 295.484 242.289 163.077 139.649 92.3522 124.314 79.2118
internal_count=2421 2337 2310 1300 1249 1157 1143 1010 1130 92
is_linear=0
shrinkage=0.06


Tree=39
num_leaves=16
num_cat=0
split_feature=86 173 112 31 65 40 17 195 1 149 31 163 195 17 209
split_gain=24.4669 28.6236 33.4153 44.1596 40.639 34.7874 23.6315 13.7869 8.39997 4.9057 4.8846 2.48325 1.62167 1.75008 0.942089
threshold=73.500000000000014 0.47213622291021679 0.0031266496783738168 6.717869808135533 0.0015262204439333196 12.500000000000002 0.60826380644252054 0.0068143298274941384 1.0000000180025095e-35 0.11699158248481573 8.1330462805784389 0.80178571428571443 0.28500000000000009 0.18888233852497158 11.836593172936775
decision_type=2 2 2 2 2 2 2 2 2 2 2 2 2 2 2
left_child=1 2 3 4 5 6 -1 8 -6 11 -4 -3 13 -7 -13
right_child=-2 9 10 -5 7 12 -8 -9 -10 -11 -12 14 -14 -15 -16
leaf_value=-0.066096927289785695 0.066312696116629849 0.044313149638875643 0.044313149638875643 -0.066096927289785695 0.044313149638875643 0.0017952009096180626 0.018184437049533139 0.044313149638875643 0.018184437049533139 0.066312696116629849 0.015223686560575819 0.044313149638875643 0.044313149638875643 0.018184437049533139 0.066312696116629849
leaf_weight=39.297107179649174 49.580163240432739 60.514804093167186 38.321596534922719 27.9649782855995 17.284689798951149 29.577548095956445 5.6424455642700186 77.060407707467675 50.617848120629787 23.818300127983093 26.548742767423391 19.191577754914761 4.4041435718536368 7.71347402781248 42.731039792299271
leaf_count=525 31 211 59 537 18 155 3 210 330 28 215 26 2 8 24
internal_value=0.026858 0.0224391 0.012367 0.00249706 0.0112746 -0.0209364 -0.0564613 0.030548 0.0181844 0.0443131 0.0443131 0.0443131 0.0181844 0.0181844 0.0614881
internal_weight=520.269 470.689 324.433 259.563 231.598 86.6347 44.9396 144.963 67.9025 146.256 64.8703 122.437 41.6952 37.291 61.9226
internal_count=2382 2351 2062 1788 1251 693 528 558 348 289 274 261 165 163 50
is_linear=0
shrinkage=0.06


Tree=40
num_leaves=22
num_cat=0
split_feature=112 155 93 98 0 162 243 0 239 5 5 2 125 68 93 5 5 86 25 73 45
split_gain=21.6386 24.134 46.1196 24.729 19.1874 24.9499 15.2489 20.8792 14.8793 12.5259 10.8366 7.68188 6.23638 6.18319 7.94759 5.54323 5.24867 3.79185 3.25713 1.91427 0.230502
threshold=0.003965080045094352 0.82201463603996683 1.3493527549158852 0.29492114162689725 37.916666666666671 0.12018308193001638 0.039485372649633289 62.958333333333343 1.6200000000000012 0.013786426591534805 0.045328975350846588 1.0000000180025095e-35 0.90000000000000013 3.5000000000000004 1.2239445249601997 0.045328975350846588 0.0009945303304550806 38.500000000000007 0.0067193165508065223 0.0041135342213558601 0.0026964092381842487
decision_type=2 2 2 2 2 2 2 2 2 2 2 2 2 2 2 2 2 2 2 2 2
left_child=1 2 3 4 5 10 12 8 9 17 11 -1 -6 14 -9 -4 -5 -8 -2 -10 -14
right_child=18 -3 15 16 6 -7 7 13 19 -11 -12 -13 20 -15 -16 -17 -18 -19 -20 -21 -22
leaf_value=0.049217074918417404 0.052209985691403504 0.052209985691403504 -0.064803290121195123 -0.064803290121195123 0.041529923788926969 0.051749011711210255 -0.032741819432964572 0.041529923788926969 0.026426228847682254 0.026426228847682254 0.049217074918417404 -0.032741819432964572 0.041529923788926969 0.041529923788926969 -0.032741819432964572 -0.032741819432964572 -0.032741819432964572 0.026426228847682254 0.098384580537163799 0.041529923788926969 0.052209985691403504
leaf_weight=3.8076425641775158 80.154271970503032 44.873256478458643 30.482513002119958 12.187219921499535 84.212169778067619 15.204330578446386 23.404028346762075 3.0523386001586976 6.149439703673127 5.3375650644302359 4.1871278285980216 26.76099640224129 17.329886425286531 22.500023256056011 4.9062868067994714 3.8566477298736563 14.728759130463002 5.0387158207595339 6.0566065013408652 14.716345466673372 80.901567975059152
leaf_count=3 275 50 590 134 377 12 253 1 48 3 2 248 65 50 84 2 67 7 4 20 138
internal_value=0.0250451 0.0192977 0.0140868 0.0207667 0.0254793 -0.00837419 0.0318161 0.0105166 -0.0120128 -0.0327418 -0.0327418 -0.0327418 0.0415299 0.0415299 -0.0111259 -0.0503683 -0.0327418 -0.0327418 0.05221 0.0264262 0.05221
internal_weight=509.848 423.637 378.764 344.424 317.508 49.9601 267.548 85.1047 54.6461 33.7803 34.7558 30.5686 182.444 30.4586 7.95863 34.3392 26.916 28.4427 86.2109 20.8658 98.2315
internal_count=2433 2154 2104 1512 1311 265 1046 466 331 263 253 251 580 135 85 592 201 260 279 68 203
is_linear=0
shrinkage=0.06


Tree=41
num_leaves=17
num_cat=0
split_feature=69 94 148 86 202 209 11 108 262 191 161 47 173 173 173 14
split_gain=28.8311 28.6671 34.4913 37.8881 38.8391 36.9806 37.7508 40.2318 24.3803 14.3064 13.3453 12.6453 9.1146 22.9985 2.31154 1.21821
threshold=1.0000000180025095e-35 4.3500000000000005 0.0086945743023091101 73.500000000000014 0.3698815966554993 12.697738014190614 0.031284813838266361 0.0036635378230747604 0.21732831177512787 2.1166666666667067 33.640989960241725 0.054583003732725698 0.58477011494252884 0.68333333333333346 0.52982456140350886 0.54790498673059174
decision_type=2 2 2 2 2 2 2 2 2 2 2 2 2 2 2 2
left_child=1 2 3 4 5 6 9 13 -9 -1 12 -11 -10 -8 -7 -13
right_child=-2 -3 -4 -5 -6 14 7 8 10 11 -12 15 -14 -15 -16 -17
leaf_value=0.0097865823848722489 0.072888571883903616 0.064938857276827147 0.064938857276827147 0.064449898130268982 0.060956807498762096 0.042624221230453792 -0.074807391332172957 0.0097865823848722489 -0.065058614589079022 0.0097865823848722489 0.0097865823848722489 0.0097865823848722489 0.0097865823848722489 0.0097865823848722489 0.060956807498762096 0.042624221230453792
leaf_weight=69.315799258649349 35.722691297531128 40.505439298227429 35.991987064480782 35.517557263374329 32.671927206218243 22.167536150664091 70.175295228138566 29.623884501401335 23.807671668939307 12.993628393858669 3.6812132447957984 3.5818086620420209 3.6720127165317527 5.2123767137527457 23.226335123181343 31.393459673039615
leaf_count=524 18 30 19 24 28 47 1011 178 300 95 2 37 6 3 13 60
internal_value=0.0223744 0.0179971 0.012982 0.00730105 0.00082867 -0.00610638 -0.0150993 -0.0363649 0.000161007 0.00978658 -0.043392 0.0419508 -0.0596202 -0.0650586 0.0426242 0.0426242
internal_weight=479.261 443.538 403.032 367.041 331.523 298.851 253.457 136.172 60.7848 117.285 31.1609 47.9689 27.4797 75.3877 45.3939 34.9753
internal_count=2395 2377 2347 2328 2304 2276 2216 1500 486 716 308 192 306 1014 60 97
is_linear=0
shrinkage=0.06


Tree=42
num_leaves=8
num_cat=0
split_feature=148 43 155 95 21 251 69
split_gain=24.0124 39.3508 29.0388 20.7062 15.3874 7.41594 3.0638
threshold=0.0086945743023091101 0.061067207710752115 0.44497463572770363 0.72810308057753259 0.54210048228403163 0.01985985468448485 1.0000000180025095e-35
decision_type=2 2 2 2 2 2 2
left_child=1 3 -3 4 6 -4 -1
right_child=-2 2 5 -5 -6 -7 -8
leaf_value=0.024388506212961999 0.067842249982343325 -0.076133402715355916 -0.04640367695115432 0.060663411521321646 0.060663411521321646 0.024388506212961999 0.060663411521321646
leaf_weight=290.21621604543179 37.925070524215698 23.89637985220179 3.6479182494804236 55.552804321050644 36.958690047264099 9.7132612476125342 27.374403953552246
leaf_count=1961 20 305 44 44 21 21 14
internal_value=0.0230714 0.0189908 -0.038638 0.0243885 0.0243885 0.0243885 0.0243885
internal_weight=485.285 447.36 37.2576 410.102 354.549 13.3612 317.591
internal_count=2430 2410 370 2040 1996 65 1975
is_linear=0
shrinkage=0.06


Tree=43
num_leaves=14
num_cat=0
split_feature=87 148 94 31 253 201 29 53 254 207 173 222 243
split_gain=22.6199 26.2367 31.0615 39.7008 31.5283 36.2466 28.4596 46.8933 31.933 33.1634 40.1477 2.31662 1.09884
threshold=1.277137377268059 0.0086945743023091101 4.3500000000000005 7.8163671393615273 0.0012705186406405621 0.4431524547803618 3.8555477244796301 0.017501439495121947 0.00025490702521292346 8.851012143937437 0.52982456140350886 0.10279645141770298 0.033486929763001959
decision_type=2 2 2 2 2 2 2 2 2 2 2 2 2
left_child=1 2 3 4 5 6 -1 -8 9 10 -9 -6 -10
right_child=-2 -3 -4 -5 11 -7 7 8 12 -11 -12 -13 -14
leaf_value=0.043044404160977143 0.063905877753416829 0.063905877753416829 0.063458968559886086 -0.064735033860591248 0.045263270194244414 0.045263270194244414 -0.064070957112803556 -0.064070957112803556 0.043044404160977143 0.038936138056446537 0.036987154691481595 0.06306433711183021 0.038936138056446537
leaf_weight=31.42594819329679 40.657098308205605 35.391059055924416 38.190263670869172 23.342869033571333 44.021359495818615 48.87563961558044 52.140093870460987 42.81100269081071 26.823198388330638 22.463437061756849 15.274133963510392 37.249623365700245 21.883838246576488
leaf_count=80 30 20 31 476 94 88 643 538 68 113 25 28 170
internal_value=0.0220255 0.017883 0.0133593 0.00781987 0.0131047 0.00285023 -0.00797804 -0.0171905 0.00240868 -0.0206488 -0.0442212 0.0452633 0.03985
internal_weight=480.55 439.892 404.501 366.311 342.968 261.697 212.822 181.396 129.256 80.5486 58.0851 81.271 48.707
internal_count=2404 2374 2354 2323 1847 1725 1637 1557 914 676 563 122 238
is_linear=0
shrinkage=0.06


Tree=44
num_leaves=17
num_cat=0
split_feature=166 41 235 95 31 173 197 155 242 93 1 143 29 150 12 125
split_gain=19.9723 37.4124 19.171 20.5995 26.9872 20.0459 29.2681 23.6184 25.862 33.0824 29.1582 15.2606 21.0485 14.5522 3.37286 0.577094
threshold=0.0043813210033138731 0.0050224925375225984 0.18142857142857147 0.74482001456456148 8.1330462805784389 0.54006410256410264 0.10928754206746817 0.8324347694352684 2.6059259574205367 1.3017454561152431 0.063757079375694012 3.3000000000000012 3.4857163397440316 0.99062701905966211 123.50000000000001 0.90000000000000013
decision_type=2 2 2 2 2 2 2 2 2 2 2 2 2 2 2 2
left_child=1 2 3 4 5 6 7 8 9 10 11 12 -1 -14 -8 -4
right_child=-2 -3 15 -5 -6 -7 14 -9 -10 -11 -12 -13 13 -15 -16 -17
leaf_value=0.04064237925737442 0.062272370410957747 -0.058942552414639263 0.054236533892465001 0.054236533892465001 -0.058942552414639263 0.05106195454287081 0.04064237925737442 0.04064237925737442 0.04064237925737442 -0.058942552414639263 -0.058942552414639263 0.04064237925737442 -0.058942552414639263 0.022757117087777317 0.05106195454287081 0.062272370410957747
leaf_weight=10.545576408505438 38.864892702549696 19.710170819424093 26.62489668931812 34.249976858496666 15.371552534401415 46.182143151760101 35.923347255215049 17.970828989520669 22.919943275861442 40.000994859728962 20.771827209740877 38.326485292986035 15.763252096250655 7.7015564590692511 34.571285035461187 29.094735817983747
leaf_count=10 38 246 98 28 363 46 198 22 104 716 160 89 128 22 86 52
internal_value=0.0220661 0.0180272 0.022135 0.0165926 0.011406 0.0156532 0.0086049 -0.00468912 -0.0127203 -0.0229515 -0.00268037 0.0155927 -0.013327 -0.0443536 0.0406424 0.0542365
internal_weight=454.593 415.729 396.018 340.299 306.049 290.677 244.495 174 156.03 133.11 93.1087 72.3369 34.0104 23.4648 70.4946 55.7196
internal_count=2406 2368 2122 1972 1944 1581 1535 1251 1229 1125 409 249 160 150 284 150
is_linear=0
shrinkage=0.06


Tree=45
num_leaves=16
num_cat=0
split_feature=60 242 31 254 43 85 98 201 209 201 221 145 72 98 243
split_gain=21.7404 23.6249 22.0438 18.8274 50.8908 18.6 23.1176 31.4424 7.8428 8.45503 6.15147 12.2317 4.64022 4.39744 4.13956
threshold=13.000000000000002 2.6059259574205367 7.9020513357465578 0.0026398330096584848 0.054892825099543088 0.024281993185232626 0.027291053532613924 0.46589147286821714 12.898613516819553 0.4431524547803618 0.35603070175438606 0.11238738738738741 1.0000000180025095e-35 0.0022045662544241166 0.062895484094152257
decision_type=2 2 2 2 2 2 2 2 2 2 2 2 2 2 2
left_child=1 2 3 4 5 6 8 10 9 11 -8 -1 -13 -6 -3
right_child=-2 14 -4 -5 13 -7 7 -9 -10 -11 -12 12 -14 -15 -16
leaf_value=0.047287583508351355 0.057965714073837063 0.057965714073837063 -0.052475790955989809 0.047287583508351355 0.0086303202015159761 0.047287583508351355 -0.052475790955989809 0.020773315358907474 0.047287583508351355 0.047287583508351355 0.0086303202015159761 0.0086303202015159761 0.047287583508351355 -0.052475790955989809 0.047287583508351355
leaf_weight=21.513072801753879 55.359714705497026 43.372290624305606 16.689179989043623 26.697452645748854 1.8738646507263492 47.816104419529438 27.373013350181292 15.448639151640235 21.814007580280304 16.492513492703438 2.2383146286010733 95.359579138457775 7.8402333259582511 25.911422553937882 35.674510537646711
leaf_count=35 57 74 357 20 1 122 356 41 16 17 1 745 3 330 216
internal_value=0.0232408 0.0182464 0.0109828 0.0147092 0.00969174 0.0183263 0.0102783 -0.0269602 0.0207733 0.0207733 -0.0524758 0.00863032 0.00863032 -0.0524758 0.0472876
internal_weight=461.474 406.114 327.067 310.378 283.681 255.895 208.079 45.06 163.019 141.205 29.6113 124.713 103.2 27.7853 79.0468
internal_count=2391 2334 2044 1687 1667 1336 1214 398 816 800 357 783 748 331 290
is_linear=0
shrinkage=0.06


Tree=46
num_leaves=12
num_cat=0
split_feature=53 239 60 70 8 77 92 0 0 197 144
split_gain=17.9348 17.7514 18.259 11.6782 10.3517 11.9877 9.25586 8.39145 7.5833 5.95276 2.03259
threshold=0.01374388817448036 1.7466666666666926 13.000000000000002 1.0000000180025095e-35 14.500000000000002 0.027653250017392803 1562.5000000000002 30.391666666666669 30.108333333333338 0.10818031341458362 0.0015567231568249394
decision_type=2 2 2 2 2 2 2 2 2 2 2
left_child=1 2 4 6 5 7 -2 8 -1 -8 -11
right_child=3 -3 -4 -5 -6 -7 9 -9 -10 10 -12
leaf_value=-0.056920573428063358 0.028560529140802145 0.028560529140802145 0.028560529140802145 0.068982059857739225 0.028560529140802145 0.028560529140802145 0.028560529140802145 -0.076803439076085209 0.028560529140802145 0.028560529140802145 0.068982059857739225
leaf_weight=2.8137372704222789 328.53316838527098 11.309273621067403 6.7495616488158694 24.729182004928589 3.2680906057357779 3.1211575269699088 17.681748224887997 26.602480394300073 3.2399762384593487 7.7250432348810163 22.799193168524653
leaf_count=36 1840 11 5 15 2 2 77 338 3 30 25
internal_value=0.0241026 -0.00714468 -0.0257323 0.0285605 -0.042669 -0.0523234 0.0285605 -0.0632204 0.00071915 0.0562053 0.0689821
internal_weight=458.573 57.1043 45.795 401.468 39.0454 35.7774 376.739 32.6562 6.05371 48.206 30.5242
internal_count=2384 397 386 1987 381 379 1972 377 39 132 55
is_linear=0
shrinkage=0.06


Tree=47
num_leaves=18
num_cat=0
split_feature=71 94 31 21 148 85 13 29 14 29 75 203 203 85 29 92 29
split_gain=18.7654 20.8359 26.1035 20.6482 20.2677 23.4491 25.9483 38.0897 20.4064 37.5373 11.0301 10.2671 10.4591 5.95067 3.15582 0.880191 0.0710323
threshold=1.0000000180025095e-35 4.3500000000000005 8.1330462805784389 0.54210048228403163 0.0086945743023091101 0.034139531116289437 0.11561046999196047 5.9499386440590429 0.54790498673059174 4.1464194747107754 0.059006668284895543 0.32009952142834669 0.3823266744032397 0.76907955194126776 4.7701676375292648 2364.0000000000005 6.6474438381891705
decision_type=2 2 2 2 2 2 2 2 2 2 2 2 2 2 2 2 2
left_child=1 2 3 4 5 6 7 8 9 10 -1 -8 14 -4 -10 -7 -13
right_child=-2 -3 13 -5 -6 15 11 -9 12 -11 -12 16 -14 -15 -16 -17 -18
leaf_value=-0.051316106957042841 0.067637658703228534 0.061192167806906034 -0.061109820714977711 0.061192167806906034 0.061192167806906034 0.049180704315318235 0.020616439707740228 -0.051316106957042841 0.020616439707740228 -0.051316106957042841 0.020616439707740228 0.049180704315318235 0.049180704315318235 0.031093985301041089 -0.0078248890560875927 0.061192167806906034 0.035969186478802234
leaf_weight=5.2447269465774324 26.115956783294678 32.876974244602025 18.189167757518629 27.757523417472839 24.467579394578934 18.627538393251598 24.458912041969597 40.433784721419215 25.431928610429168 31.093828525859863 23.13899264857173 26.375578247010708 31.51756739243865 1.644688844680785 39.444676167331636 18.009711444377899 27.179998030886054
leaf_count=61 17 32 415 18 16 53 110 593 89 490 45 27 75 1 241 14 84
internal_value=0.0200008 0.0167001 0.012583 0.0163345 0.0119963 0.00765225 0.00147755 -0.0101706 0.00371554 -0.023455 0.0206164 0.030309 0.0206164 -0.0513161 0.0206164 0.0514154 0.0491807
internal_weight=442.009 415.893 383.016 363.182 335.425 310.957 274.32 196.306 155.872 59.4775 28.3837 78.0145 96.3942 19.8339 64.8766 36.6372 53.5556
internal_count=2381 2364 2332 1916 1898 1882 1815 1594 1001 596 106 221 405 416 330 67 111
is_linear=0
shrinkage=0.06


Tree=48
num_leaves=10
num_cat=0
split_feature=127 57 118 95 10 195 85 20 173
split_gain=19.058 26.9479 41.673 9.90956 9.00163 7.54015 1.1595 0.864326 0.251682
threshold=0.38750000000000007 0.19581286518160887 0.0029243437786886689 0.72810308057753259 0.18222887068986895 0.085074086890867345 0.034139531116289437 187.50000000000003 0.43614130434782611
decision_type=2 2 2 2 2 2 2 2 2
left_child=1 2 7 5 -4 6 -2 -1 -8
right_child=3 -3 4 -5 -6 -7 8 -9 -10
leaf_value=-0.074515062774434621 0.026655165515428816 0.026655165515428816 -0.049436949079013741 0.057797370427855571 0.026655165515428816 0.057797370427855571 0.035677633195461016 -0.049436949079013741 0.057797370427855571
leaf_weight=33.787839571014047 226.04693153686821 48.37656879844144 4.4925963096320656 36.249131411314011 13.423005145974455 25.633972898125648 14.308514183387162 1.3975405693054188 16.954106336459517
leaf_count=527 1452 164 78 36 45 18 37 1 21
internal_value=0.0194928 -0.00311565 -0.0320889 0.0266552 0.0266552 0.0266552 0.0266552 -0.0691891 0.0543629
internal_weight=420.67 101.478 53.101 319.193 17.9156 282.944 257.31 35.1854 31.2626
internal_count=2379 815 651 1564 123 1528 1510 528 58
is_linear=0
shrinkage=0.06


Tree=49
num_leaves=20
num_cat=0
split_feature=86 148 21 94 70 149 41 213 25 93 127 45 191 213 68 1 45 207 36
split_gain=20.6914 21.7681 23.495 25.6103 23.9573 23.6796 29.6718 23.6649 24.5446 24.1322 19.5424 19.522 10.8462 9.01109 5.67628 4.69006 5.62596 5.35683 0.411194
threshold=73.500000000000014 0.0086945743023091101 0.54210048228403163 4.3500000000000005 1.0000000180025095e-35 0.1162601220731934 0.0020020040080160327 0.013840996168582377 0.0054141994489066087 1.3017454561152431 0.38750000000000007 0.013428361796355768 2.13333333333332 0.054342667299477933 3.5000000000000004 1.0000000180025095e-35 0.0026964092381842487 8.6928019301790638 48.500000000000007
decision_type=2 2 2 2 2 2 2 2 2 2 2 2 2 2 2 2 2 2 2
left_child=1 2 3 4 5 6 7 8 9 10 11 -1 -7 -8 18 -12 -17 -18 -14
right_child=-2 -3 -4 -5 -6 12 13 -9 -10 -11 15 -13 14 -15 -16 16 17 -19 -20
leaf_value=-0.056360726758682311 0.061835434675441191 0.061835434675441191 0.061835434675441191 0.060137045959300674 0.060137045959300674 0.025332431710542232 -0.068109432930645433 0.025332431710542232 0.025332431710542232 -0.056360726758682311 0.025332431710542232 0.011015978750582881 0.025332431710542232 0.0020057263777217846 0.060137045959300674 -0.028732647440671687 0.011015978750582881 0.025332431710542232 0.054135098960911961
leaf_weight=19.674177367240194 32.444717586040497 26.815991997718811 24.511444330215454 25.685673048719764 17.443648278713226 42.589885590597987 37.105737338308245 23.520688245538622 17.254247547127306 39.169851812534034 10.536226138472555 9.1397073622792941 3.8751106094568986 7.802947419229894 19.513803931884468 16.106163477525115 25.625073224306107 18.407866822555661 5.5394219309091568
leaf_count=168 30 18 16 26 11 302 505 131 54 742 8 19 48 38 33 85 108 48 4
internal_value=0.0171536 0.0131432 0.00910769 0.00482193 -6.56628e-05 -0.00428698 -0.0138698 -0.00273109 -0.0127791 -0.0222909 -0.00608787 -0.0460326 0.0253324 -0.0563607 0.060137 0.011016 0.011016 0.011016 0.0253324
internal_weight=422.762 390.318 363.502 338.99 313.305 295.861 224.343 179.434 155.913 138.659 99.4892 28.8139 71.5182 44.9087 28.9283 70.6753 60.1391 44.0329 9.41453
internal_count=2394 2364 2346 2330 2304 2293 1906 1363 1232 1178 436 187 387 543 85 249 241 156 52
is_linear=0
shrinkage=0.06


Tree=50
num_leaves=17
num_cat=0
split_feature=86 21 173 254 94 218 143 23 3 25 69 69 149 36 60 60
split_gain=17.4445 19.2021 21.5589 22.6099 21.7145 21.8328 22.7408 20.0559 19.3199 13.3386 9.38613 8.35356 4.88707 7.00884 3.47022 0.0120744
threshold=73.500000000000014 0.54210048228403163 0.58477011494252884 0.0026398330096584848 4.3500000000000005 0.048312543312543317 3.1999999999998869 0.15091916555796375 0.20009533610823105 0.0054869787746500082 0.00027381874481037575 0.00030406643102904587 0.11672654331972203 5.5000000000000009 11.000000000000002 9.0000000000000018
decision_type=2 2 2 2 2 2 2 2 2 2 2 2 2 2 2 2
left_child=1 2 3 4 5 6 7 8 -1 11 -10 12 -8 14 -14 -15
right_child=-2 -3 -4 -5 -6 -7 9 -9 10 -11 -12 -13 13 15 -16 -17
leaf_value=0.0035830572058430554 0.061365287059163227 0.061365287059163227 0.05201909993521861 0.05201909993521861 0.05201909993521861 0.05201909993521861 0.0035830572058430554 0.0035830572058430554 -0.073365912783310921 0.05201909993521861 0.0035830572058430554 0.05201909993521861 0.0035830572058430554 0.033637774812420827 0.051010133507920476 0.05201909993521861
leaf_weight=7.5260178521275511 31.560952365398407 26.906227171421051 41.270360201597214 24.392672536894679 21.478936828672886 21.189651466906071 128.07868784153834 14.808054956607519 46.937995181418955 15.578936038538812 2.1513280868530265 8.0754547119140607 6.115215781144796 14.223355101421475 3.7394432164728642 9.3107972946017981
leaf_count=15 31 19 45 24 24 17 1188 55 754 54 1 3 101 36 5 19
internal_value=0.019679 0.0160262 0.0122192 0.00685508 0.00208749 -0.00260138 -0.00758661 -0.0358462 -0.0528053 0.00358306 -0.0671977 0.00358306 0.00358306 0.0337368 0.00358306 0.0510101
internal_weight=423.344 391.783 364.877 323.607 299.214 277.735 256.545 71.4234 56.6153 185.122 49.0893 169.543 161.467 33.3888 9.85466 23.5342
internal_count=2391 2360 2341 2296 2272 2248 2231 825 770 1406 755 1352 1349 161 106 55
is_linear=0
shrinkage=0.06


Tree=51
num_leaves=17
num_cat=0
split_feature=87 211 147 201 173 127 149 43 144 93 1 144 30 29 95 250
split_gain=19.1178 20.0746 19.3045 20.2299 23.2789 24.3394 21.5041 27.4624 17.7884 12.937 12.7683 8.17594 3.37217 13.4624 1.99591 0.183481
threshold=1.277137377268059 0.38699530516431929 0.26846846846846856 0.96490147783251246 0.58477011494252884 0.46428571428571436 0.1162601220731934 0.035449600776030286 0.0011771630823920239 1.3022593404577139 0.19726783724736027 0.00035279618200972229 49.346160888671882 4.5037194100768856 0.80039831266333084 2.8665857277755635
decision_type=2 2 2 2 2 2 2 2 2 2 2 2 2 2 2 2
left_child=1 2 3 4 5 9 7 8 -7 -1 12 -8 13 -10 -11 -3
right_child=-2 15 -4 -5 -6 6 11 -9 10 14 -12 -13 -14 -15 -16 -17
leaf_value=-0.026396133318240072 0.060575716232415026 0.044760854117526824 0.044760854117526824 0.044760854117526824 0.044760854117526824 -0.026396133318240072 -0.026396133318240072 -0.026396133318240072 0.044760854117526824 -0.064557020662734291 -0.026396133318240072 0.044760854117526824 0.044760854117526824 -0.026396133318240072 -0.026396133318240072 0.059019734498140748
leaf_weight=80.653644941747189 32.840648725628853 40.89855845272541 23.961188390851021 19.68662166595459 25.780000299215317 12.836779232602565 2.3738993722945443 33.1231180857867 11.9020984582603 36.829348812345415 3.5872067036107174 41.427151263691485 27.771948340348899 4.8625979907810679 1.0730972290039051 20.957398816943169
leaf_count=453 34 71 20 14 26 145 27 388 20 836 41 138 96 49 1 21
internal_value=0.0178807 0.0139721 0.00789044 0.00342721 -0.00103372 -0.0066795 0.0104083 -0.00588779 0.0208718 -0.0263961 0.0377277 0.0441405 0.0441405 0.0151159 -0.0610674 0.0447609
internal_weight=420.565 387.725 325.869 301.908 282.221 256.441 137.885 94.0837 60.9606 118.556 48.1239 43.8011 44.5366 16.7647 37.9024 61.856
internal_count=2380 2346 2254 2234 2220 2194 904 739 351 1290 206 165 165 69 837 92
is_linear=0
shrinkage=0.06


Tree=52
num_leaves=19
num_cat=0
split_feature=20 60 239 112 31 93 147 31 4 31 31 47 55 147 0 94 10 250
split_gain=16.0535 17.5324 22.2578 15.7097 23.4003 18.6881 13.6475 21.5328 17.4373 7.56144 6.50097 25.6785 6.7424 6.37105 6.24351 0.891487 0.264868 0.0216519
threshold=82.500000000000014 13.000000000000002 1.4766666666666617 0.0082069543906000148 7.4411921690409146 1.3550666813353383 0.089898989898989909 5.968848643595476 21.500000000000004 9.0508949879898957 1.0000000180025095e-35 0.044596020589752296 0.12653522346170323 0.84166666666666679 67.216666666666683 6.0500000000000007 0.18189971894025805 2.3357839830928433
decision_type=2 2 2 2 2 2 2 2 2 2 2 2 2 2 2 2 2 2
left_child=1 2 16 4 5 6 8 -8 10 -5 -4 -12 14 15 -13 -7 -1 -16
right_child=-2 -3 3 9 -6 13 7 -9 -10 -11 11 12 -14 -15 17 -17 -18 -19
leaf_value=-0.076588337919374694 0.060392867558681222 0.049692135301113625 0.047477405758544637 0.049692135301113625 -0.053567741199197737 -0.053567741199197737 0.047477405758544637 0.0090179881577561391 -0.038161193987911055 0.0062722673133019354 -0.038161193987911055 -0.038161193987911055 0.0090179881577561391 0.0090179881577561391 -0.0037811441614765445 -0.038161193987911055 -0.053567741199197737 0.0090179881577561391
leaf_weight=10.62865603528917 27.341346263885498 42.456632636487484 15.546666026115416 24.83035891270265 14.022482291562481 18.118009667377954 35.386790588498116 23.882005027960986 12.641194463241844 15.16758571565151 19.430316002108157 18.695420086383827 123.74048567935824 2.5797591209411612 3.4990455703809848 1.7740297317504872 6.4593585981056085 3.2825161442160606
leaf_count=104 25 58 20 49 346 410 37 191 156 129 214 173 447 2 24 1 45 8
internal_value=0.0174358 0.0141495 0.00957604 0.013121 0.0081341 0.0121444 0.0168199 0.0415906 0.00901799 0.0474774 0.00901799 0.00901799 0.00901799 -0.0381612 -0.0311716 -0.0505075 -0.0535677 0.00901799
internal_weight=419.483 392.141 349.685 332.597 292.599 278.576 256.104 59.2688 196.836 39.9979 184.194 168.648 149.217 22.4718 25.477 19.892 17.088 6.78156
internal_count=2439 2414 2356 2207 2029 1683 1270 228 1042 178 886 866 652 413 205 411 149 32
is_linear=0
shrinkage=0.06


Tree=53
num_leaves=15
num_cat=0
split_feature=55 86 45 108 195 242 86 60 195 44 107 45 164 101
split_gain=37.457 13.648 14.4972 19.3306 17.2957 10.7826 10.7166 10.3508 9.89454 9.74712 3.64858 1.72216 0.223409 0.0131916
threshold=0.11642591486213232 73.500000000000014 0.0020299073101935718 0.0060271388840922148 0.052109261354452895 2.6059259574205367 567.50000000000011 21.000000000000004 0.28500000000000009 5.0000000000000009 0.43372365832328802 0.24746439501211906 0.046623980929040847 0.13474168218672278
decision_type=2 2 2 2 2 2 2 2 2 2 2 2 2 2
left_child=6 2 3 4 7 -4 8 -2 11 10 -7 13 -12 -1
right_child=1 -3 5 -5 -6 9 -8 -9 -10 -11 12 -13 -14 -15
leaf_value=-0.076332978429006201 -0.055278084112589825 0.059828563819707858 0.021510033626387471 0.021510033626387471 0.021510033626387471 0.021510033626387471 0.041074304713935056 0.021510033626387471 0.021510033626387471 0.021510033626387471 0.024539765283705939 -0.0058834380326201197 0.059828563819707858 -0.055278084112589825
leaf_weight=24.759947751648749 25.923416092526178 25.857107281684875 222.90350983245298 20.153647313825786 7.8554162140935651 2.4183843974024049 3.2787923216819754 2.6550614833831778 2.5937011241912833 7.1477921088226131 7.6758476193062952 2.0384645722806445 30.734607559628785 2.0430002659559241
leaf_count=347 401 29 1377 67 12 21 3 1 2 60 41 14 54 19
internal_value=0.0134059 0.0193069 0.0157635 -0.01154 -0.0376491 0.02151 -0.0444357 -0.0444357 -0.0552781 0.0497098 0.0598286 -0.0655374 0.0598286 -0.0693507
internal_weight=388.039 353.325 327.468 56.5875 36.4339 270.88 34.7139 28.5785 31.4351 47.9766 40.8288 28.8414 38.4105 26.8029
internal_count=2448 2063 2034 481 414 1553 385 402 382 176 116 380 95 366
is_linear=0
shrinkage=0.06


Tree=54
num_leaves=14
num_cat=0
split_feature=69 21 95 165 86 173 41 5 229 19 43 243 247
split_gain=16.8011 18.0142 19.2549 20.9458 19.0019 20.4261 17.8468 25.7948 27.3682 19.0352 14.6453 13.6072 12.5042
threshold=1.0000000180025095e-35 0.54210048228403163 0.72810308057753259 0.25833333333333336 73.500000000000014 0.59411764705882364 0.0050224925375225984 0.0018276549598543891 0.0083507670850767098 0.052537048499665125 0.035449600776030286 0.0095203235027539589 0.04557213488817026
decision_type=2 2 2 2 2 2 2 2 2 2 2 2 2
left_child=1 2 3 4 5 6 7 8 -1 12 -10 -12 -9
right_child=-2 -3 -4 -5 -6 -7 -8 9 10 -11 11 -13 -14
leaf_value=-0.065369668773716361 0.065204975809395771 0.06132803375385347 0.05057334549569683 0.05057334549569683 0.05057334549569683 0.047405807558934407 -0.067911446975070247 0.047405807558934407 -0.0049887988303429645 0.047405807558934407 -0.0049887988303429645 -0.065369668773716361 -0.0049887988303429645
leaf_weight=31.307855830760673 21.614233255386353 23.670885801315308 34.112333670258522 25.832417313009501 17.0447056889534 22.600366413593292 15.761694366578011 8.5137971080839652 121.8238317463547 29.751319269184023 3.6331316456198719 19.929533550515771 13.28807783545926
leaf_count=721 15 20 43 42 19 25 249 12 720 92 5 223 202
internal_value=0.0160148 0.0127824 0.00910254 0.00423616 -0.000643689 -0.00477422 -0.0099533 -0.00539585 -0.0162994 0.0311881 -0.0049888 -0.050425 -0.0049888
internal_weight=388.884 367.27 343.599 309.487 283.654 266.61 244.009 228.248 176.694 51.5532 145.386 23.5627 21.8019
internal_count=2388 2373 2353 2310 2268 2249 2224 1975 1669 306 948 228 214
is_linear=0
shrinkage=0.06


Tree=55
num_leaves=18
num_cat=0
split_feature=60 92 239 254 202 71 77 217 165 31 31 13 149 203 94 253 247
split_gain=19.3181 19.6988 20.7987 22.498 22.9491 19.5942 15.8009 16.2857 20.406 33.1376 16.396 16.3799 8.38303 7.69737 1.1474 0.942906 0.145402
threshold=13.000000000000002 1562.5000000000002 1.7466666666666926 0.0026398330096584848 0.3698815966554993 1.0000000180025095e-35 0.0042392153518458079 0.30901785714285718 0.085144927536231887 5.6071139350394175 1.0000000180025095e-35 0.13069819526252938 0.1162601220731934 0.32009952142834669 4.3500000000000005 0.00061607261629805746 0.052102540660524069
decision_type=2 2 2 2 2 2 2 2 2 2 2 2 2 2 2 2 2
left_child=1 2 3 4 5 6 7 8 10 -10 -1 -11 -13 14 -12 -2 -8
right_child=15 -3 -4 -5 -6 -7 16 -9 9 11 13 12 -14 -15 -16 -17 -18
leaf_value=0.029856152993280115 0.047168992235440861 0.047168992235440861 0.047168992235440861 0.047168992235440861 0.047168992235440861 0.047168992235440861 0.047168992235440861 0.037458176655521126 0.037458176655521126 -0.044320950108569304 -0.076659255019377065 -0.044108696337537383 0.037458176655521126 -0.044320950108569304 -0.044320950108569304 0.064742525788327426 0.037458176655521126
leaf_weight=10.390559375286101 10.693817563354967 42.79950001463294 28.144376483280212 20.37313874438405 19.839732144027948 10.741167426109312 8.338800557889039 14.648655787110327 27.74185074865818 21.455263965995982 35.96121168625541 3.2378683257848015 8.0103942062705737 82.660302421543747 1.0635443925857533 28.826475381851196 6.1192156327888378
leaf_count=24 27 151 61 23 25 5 11 17 115 372 543 47 15 893 1 27 35
internal_value=0.0148209 0.010057 0.00446148 -0.000823388 -0.00601091 -0.0115188 -0.0156764 -0.0200506 -0.0248155 0.00393545 -0.0380332 -0.0369766 0.0255991 -0.044321 -0.0727946 0.0535221 0.041291
internal_weight=381.046 341.526 298.726 270.582 250.209 230.369 219.628 205.17 190.521 60.4454 130.076 32.7035 11.2483 119.685 37.0248 39.5203 14.458
internal_count=2392 2338 2187 2126 2103 2078 2073 2027 2010 549 1461 434 62 1437 544 54 46
is_linear=0
shrinkage=0.06


Tree=56
num_leaves=12
num_cat=0
split_feature=239 243 22 86 112 93 53 86 243 86 31
split_gain=20.8826 28.8468 14.8172 15.3064 13.53 8.14385 5.7221 4.27399 1.80903 1.45333 0.730438
threshold=1.556666666666664 0.049009277051178753 0.48776921629905706 36.500000000000007 0.0082069543906000148 1.2370327873877709 0.019082314307846116 8.5000000000000018 0.050912881150307149 38.500000000000007 8.1855881977686291
decision_type=2 2 2 2 2 2 2 2 2 2 2
left_child=1 2 3 -1 5 6 -2 -4 -7 -3 -6
right_child=4 9 7 -5 10 8 -8 -9 -10 -11 -12
leaf_value=-0.068247493734336695 0.018931215015931702 -0.072023699362887328 -0.0069132859352020615 0.018931215015931702 0.07181145494242322 0.018931215015931702 0.054123709876546397 0.018931215015931702 -0.005434896212104863 -0.005434896212104863 0.054123709876546397
leaf_weight=12.115689022466542 12.464006373658775 19.000493621220841 22.108756064902991 7.709274668712168 25.131712257862091 137.16263987147249 32.248807415366173 56.947508181910962 34.861799171660095 1.2598802894353855 17.591647727414966
leaf_count=145 29 271 152 24 28 952 36 270 377 4 112
internal_value=0.0142153 -0.00650731 0.00724525 -0.0368195 0.0237079 0.0189312 0.0445408 0.0189312 0.0189312 -0.0682475 0.0541237
internal_weight=378.602 119.142 98.8812 19.825 259.461 216.737 44.7128 79.0563 172.024 20.2604 42.7234
internal_count=2400 866 591 169 1534 1394 65 422 1329 275 140
is_linear=0
shrinkage=0.06


Tree=57
num_leaves=15
num_cat=0
split_feature=86 60 1 239 243 111 29 144 30 209 17 5 215 253
split_gain=18.1786 18.3975 25.1415 17.4812 9.48495 11.3431 9.24157 15.2993 11.2081 8.23793 5.97732 6.27087 5.2561 0.577798
threshold=73.500000000000014 13.000000000000002 0.051662482004314059 1.556666666666664 0.032618342541436474 31.501044638951623 4.750947567241151 0.0018395339086057559 50.445163726806648 14.335278899624781 0.76571807281553561 0.016458364770640211 0.010938933429061467 0.00036873281677201345
decision_type=2 2 2 2 2 2 2 2 2 2 2 2 2 2
left_child=1 2 3 -1 -4 9 -5 -8 -9 10 11 -6 -10 -3
right_child=-2 13 4 6 5 -7 7 8 12 -11 -12 -13 -14 -15
leaf_value=-0.015045920288831135 0.058611158778782584 0.045446426446586141 -0.015045920288831135 0.045446426446586141 -0.072743141822608659 -0.015045920288831135 -0.015045920288831135 -0.015045920288831135 -0.015045920288831135 -0.015045920288831135 -0.015045920288831135 -0.015045920288831135 0.045446426446586141 0.058611158778782584
leaf_weight=27.854554578196257 22.940336227416992 7.6852395199239245 97.171857976354659 39.253936698660254 43.357809574343264 13.681701612193136 14.088009512284769 8.7532330546528083 4.0416786125861099 5.5541823282837859 2.1345698833465567 1.9601837396621693 28.782881225924939 26.898415148258209
leaf_count=208 30 27 778 94 750 105 189 71 29 9 2 2 81 27
internal_value=0.00924431 0.00537784 0.000261986 0.0206063 -0.0150459 -0.0374893 0.0328121 0.0151667 0.0347755 -0.0521887 -0.0613426 -0.0670498 0.0454464 0.0454464
internal_weight=344.159 321.218 286.635 122.774 163.86 66.6884 94.9197 55.6658 41.5778 53.0067 47.4526 45.318 32.8246 34.5837
internal_count=2402 2372 2318 672 1646 868 464 370 181 763 754 752 110 54
is_linear=0
shrinkage=0.06


Tree=58
num_leaves=17
num_cat=0
split_feature=148 43 144 31 235 253 118 97 17 2 161 209 173 235 165 209
split_gain=14.3879 25.1445 12.9314 18.7105 14.0747 19.3225 24.9069 26.2469 15.0866 25.8255 17.563 6.24685 3.45909 2.8109 1.38448 0.294692
threshold=0.0086945743023091101 0.070691295955074465 0.0066292843066286886 8.1330462805784389 0.18389967637540455 0.00061607261629805746 0.0025886539797058124 0.84523809523809534 0.12639347976368212 1.0000000180025095e-35 30.49625461661871 10.432655195176631 0.58477011494252884 5.2750000000000012 0.25833333333333336 2.2485679110525685
decision_type=2 2 2 2 2 2 2 2 2 2 2 2 2 2 2 2
left_child=1 2 3 4 5 6 7 8 9 -1 12 -7 -11 -5 -3 -6
right_child=-2 14 -4 13 15 11 -8 -9 -10 10 -12 -13 -14 -15 -16 -17
leaf_value=0.029714741862546204 0.059278632287142252 -0.071005778182171755 0.049790564102681976 -0.048072523442815394 0.029714741862546204 0.029714741862546204 0.029714741862546204 -0.048072523442815394 0.029714741862546204 -0.048072523442815394 0.029714741862546204 0.049790564102681976 0.028677189795496324 0.021987865298769591 -0.048072523442815394 0.049790564102681976
leaf_weight=15.323666803538798 23.331837862730026 16.264737291028769 35.357522686943412 13.311235897475834 2.8191723041236392 41.373162570409477 56.962048940360546 35.340015223016962 18.47792400047183 26.704838482663042 6.9678779765963546 37.591233059763908 2.2697201967239371 1.0242279767990119 5.0994804920628658 31.836772902868688
leaf_count=25 21 250 60 380 11 128 385 530 39 380 8 41 2 1 19 102
internal_value=0.0154999 0.0122309 0.0164601 0.0120832 0.0156831 0.0103174 -0.00162216 -0.0188464 0.00346741 -0.0147902 -0.0429317 0.0342538 -0.0480725 -0.0480725 -0.0480725 0.0497906
internal_weight=370.055 346.724 325.359 290.002 275.666 241.01 162.046 105.084 69.744 51.2661 35.9424 78.9644 28.9746 14.3355 21.3642 34.6559
internal_count=2382 2361 2092 2032 1651 1538 1369 984 454 415 390 169 382 381 269 113
is_linear=0
shrinkage=0.06


Tree=59
num_leaves=16
num_cat=0
split_feature=86 166 41 143 31 147 253 1 229 17 134 29 191 17 148
split_gain=13.2587 14.2976 18.3256 13.2942 23.7997 15.7222 23.2189 21.474 31.3944 18.1117 7.54153 3.57082 2.59927 0.850233 0.537001
threshold=73.500000000000014 0.0043813210033138731 0.0050224925375225984 4.3500000000001373 7.8163671393615273 0.089898989898989909 0.0013459169625389467 0.051662482004314059 0.021436448855803699 0.60826380644252054 0.00053031022058177364 5.3791398981308207 2.0999999999999264 0.0024113885923351922 0.0086945743023091101
decision_type=2 2 2 2 2 2 2 2 2 2 2 2 2 2 2
left_child=1 2 3 4 5 6 7 10 9 -9 -1 -7 -12 -10 -4
right_child=-2 -3 14 -5 -6 11 -8 8 13 -11 12 -13 -14 -15 -16
leaf_value=0.01632705362423012 0.057790833822437521 0.054004316221337424 -0.068972372498149415 0.054004316221337424 -0.049043560839381162 0.054004316221337424 0.038659061447424335 -0.049043560839381162 0.0033379415142930011 0.01632705362423012 0.01632705362423012 0.038659061447424335 0.038659061447424335 0.01632705362423012 -0.049043560839381162
leaf_weight=53.044884063303471 20.824081659317017 23.050287051126361 14.980028094956653 19.0585718145594 16.087608302477747 18.156234192661941 55.098896920681 45.468155026901513 19.30183881893754 6.253684163093566 7.8693213574588361 16.218724600505084 18.802496049553156 18.052595673128963 2.8991750478744498
leaf_count=361 30 34 254 28 447 42 99 859 68 5 28 98 18 43 2
internal_value=0.0134457 0.0103565 0.00680043 0.0105123 0.0069268 0.01157 0.00557286 -0.00555366 -0.0255327 -0.0490436 0.0168496 0.0481763 0.0386591 0.0163271 -0.0490436
internal_weight=355.167 334.343 311.292 293.413 274.354 258.267 223.892 168.793 89.0763 51.7218 79.7167 34.375 26.6718 37.3544 17.8792
internal_count=2416 2386 2352 2096 2068 1621 1481 1382 975 864 407 140 46 111 256
is_linear=0
shrinkage=0.06


Tree=60
num_leaves=14
num_cat=0
split_feature=211 87 31 112 31 118 243 98 29 106 167 112 98
split_gain=14.9266 13.3205 15.9056 17.8574 19.7842 23.3111 18.2027 12.7811 7.15355 6.58511 2.32632 1.35048 0.226722
threshold=0.38699530516431929 1.277137377268059 7.9020513357465578 0.007278645204414398 6.717869808135533 0.0025886539797058124 0.034689304554634239 0.027291053532613924 4.7987126152829545 0.0086259462110865274 0.71944444444444455 0.048752894668329251 0.011559837040133495
decision_type=2 2 2 2 2 2 2 2 2 2 2 2 2
left_child=1 2 3 4 5 7 -7 -1 -9 -8 -10 -4 -6
right_child=-2 -3 11 -5 12 6 9 8 10 -11 -12 -13 -14
leaf_value=-0.005519905928995328 0.044010800081300219 0.044010800081300219 -0.05815222287964987 0.044010800081300219 -0.022393388103669757 0.044010800081300219 -0.005519905928995328 -0.005519905928995328 -0.048794863715835031 0.042453848740418069 -0.005519905928995328 -0.0018320448733851829 -0.054029620333682783
leaf_weight=113.95434201322496 48.080759052187204 19.390472784638405 12.762401292566205 16.215048473328352 5.2900162306614495 56.308496326208115 20.361845866311345 10.332862599287184 19.074450946878649 8.3435820285230857 2.4409386664628974 1.8584549231454719 16.124521390534937
leaf_count=679 87 29 435 22 71 202 176 69 272 23 5 20 309
internal_value=0.0136287 0.00854154 0.00495376 0.00842197 0.00381812 0.00907665 0.0336619 -0.00551991 -0.0424139 -0.00551991 -0.0487949 -0.0520753 -0.0487949
internal_weight=350.538 302.457 283.067 268.446 252.231 230.817 85.0139 145.803 31.8483 28.7054 21.5154 14.6209 21.4145
internal_count=2399 2312 2283 1828 1806 1426 401 1025 346 199 277 455 380
is_linear=0
shrinkage=0.06


Tree=61
num_leaves=12
num_cat=0
split_feature=242 243 30 31 243 95 31 173 96 243 0
split_gain=13.5939 21.4268 12.6802 11.9071 7.24247 14.1846 10.9011 5.71918 3.88568 2.14261 1.74208
threshold=2.6059259574205367 0.062895484094152257 54.709676742553718 7.9020513357465578 0.031892566441750834 0.6157631870431709 6.5137612340191886 0.58477011494252884 25.000000000000004 0.011812447556494316 75.50833333333334
decision_type=2 2 2 2 2 2 2 2 2 2 2
left_child=3 2 10 4 9 -6 -7 -8 -3 -1 -2
right_child=1 8 -4 -5 5 6 7 -9 -10 -11 -12
leaf_value=0.029157840769591558 0.029157840769591558 0.0056096828330900106 0.10375169889855393 -0.046167342380562276 -0.046167342380562276 0.0056096828330900106 -0.046167342380562276 0.0056096828330900106 0.029157840769591558 0.0056096828330900106 0.058595035431153152
leaf_weight=19.043120004702359 12.190126933157446 14.684304108377548 15.775617877952753 14.012970644515006 15.855645602336152 71.056257974356413 12.613549698144196 2.7705653756856909 9.4717734158039075 137.74163522059098 7.1995268277823916
leaf_count=63 60 208 19 365 358 258 163 4 15 857 6
internal_value=0.0113868 0.0369321 0.0664041 0.00560968 0.00560968 -0.00364323 0.00560968 -0.0419708 0.00560968 0.0167676 0.0291578
internal_weight=332.415 59.3213 35.1653 273.094 259.081 102.296 86.4404 15.3841 24.1561 156.785 19.3897
internal_count=2376 308 85 2068 1703 783 425 167 223 920 66
is_linear=0
shrinkage=0.06


Tree=62
num_leaves=21
num_cat=0
split_feature=70 21 94 31 14 93 166 41 98 108 93 239 127 239 60 166 111 13 14 108
split_gain=12.9481 13.3948 14.1252 15.7542 14.5138 17.9125 10.775 32.1839 15.121 10.3753 22.5715 21.0728 16.1747 13.9783 13.816 9.33529 3.22449 3.14477 1.34107 0.9886
threshold=1.0000000180025095e-35 0.54210048228403163 4.3500000000000005 8.1330462805784389 0.7385331306876376 1.3550666813353383 0.0043813210033138731 0.0025717964433587467 0.30617320122267538 0.0034665383085028833 1.3017454561152431 1.556666666666664 0.46428571428571436 1.6933333333333243 13.000000000000002 0.075668688766075479 22.359986482347765 0.11646168356330237 0.8419960159995985 0.15708960411202505
decision_type=2 2 2 2 2 2 2 2 2 2 2 2 2 2 2 2 2 2 2 2
left_child=1 2 3 4 5 6 7 8 9 10 11 12 14 -12 -1 -7 -11 -14 -5 -10
right_child=-2 -3 -4 18 -6 15 -8 -9 19 16 13 -13 17 -15 -16 -17 -18 -19 -20 -21
leaf_value=-0.045427378413719362 0.062417185447228553 0.059233431401873662 0.056456235711350208 -0.057944951029269838 0.056456235711350208 -0.051362046704284264 0.051626202822959683 -0.045427378413719362 -0.045427378413719362 0.041281096916484246 -0.045427378413719362 0.041281096916484246 0.026078598345979847 0.039043920165103267 0.026078598345979847 0.038394900044912618 0.051626202822959683 0.041281096916484246 -0.0031727403355200916 -0.00029451820054231693
leaf_weight=17.379727806430317 17.82819601893425 18.690753370523453 19.420905113220215 12.293788359034798 12.376897446811197 17.364516196073989 18.997014611959457 34.418685876997188 8.5158450435846849 27.982644563540816 19.159160649869602 73.365584190934896 9.9867946691811174 5.7864426095038644 6.1338625699281684 2.9146075248718253 25.83045265218243 11.784993356093763 2.0842823740094909 1.8596097603440274
leaf_count=134 16 18 30 400 20 436 27 370 95 131 389 145 53 26 7 3 77 16 23 10
internal_value=0.0151081 0.0123285 0.00930976 0.00599441 0.00912903 0.00601359 0.0103466 0.00671254 0.0157 0.01957 0.010859 0.0218162 -0.0101306 -0.0390086 -0.0390086 -0.0457151 0.0415926 0.0260786 -0.051362 -0.0454274
internal_weight=364.175 346.347 327.656 308.235 293.857 281.48 261.201 242.204 207.785 197.41 143.597 118.651 45.2854 24.9456 23.5136 20.2791 53.8131 21.7718 14.3781 10.3755
internal_count=2426 2410 2392 2362 1939 1919 1480 1453 1083 978 770 355 210 415 141 439 208 69 423 105
is_linear=0
shrinkage=0.06


Tree=63
num_leaves=18
num_cat=0
split_feature=70 148 43 95 31 146 112 155 14 29 193 209 235 143 130 29 222
split_gain=11.6393 12.2077 19.2452 12.4051 13.9012 14.2199 10.5923 10.7298 15.871 26.0049 7.58937 5.83065 4.64327 4.08179 2.05571 0.849899 0.729542
threshold=1.0000000180025095e-35 0.0086945743023091101 0.070691295955074465 0.72810308057753259 7.8163671393615273 0.15462738655197064 0.0031266496783738168 0.82201463603996683 0.54790498673059174 4.2710756138063646 0.084561213434452887 13.79119789198865 0.18389967637540455 3.400000000000063 0.0048068011737492982 4.3706030056377658 0.17647668110022016
decision_type=2 2 2 2 2 2 2 2 2 2 2 2 2 2 2 2 2
left_child=1 2 3 4 5 6 7 8 9 10 -1 12 15 -14 -12 -10 -4
right_child=-2 -3 16 -5 -6 -7 -8 -9 11 -11 14 -13 13 -15 -16 -17 -18
leaf_value=0.017173180170769572 0.061658039519128759 0.058218259843424623 -0.065664586793301574 0.049596759141356854 -0.042559975262028045 -0.042559975262028045 0.049596759141356854 0.049596759141356854 0.017173180170769572 -0.042559975262028045 -0.042559975262028045 0.049596759141356854 0.017173180170769572 0.049596759141356854 0.0091453421813283784 0.003775572130784245 -0.042559975262028045
leaf_weight=21.882285008206967 15.437889158725737 16.70174765586853 13.580306839663509 26.225054711103439 16.572809876641259 12.723280330654232 15.479124534875153 17.092060096561909 15.073685134761034 26.326877721585333 4.5865537635982028 15.596707936376331 5.0275615453720084 10.543523674830793 2.144713094457984 98.422820310108364 1.6898836046457297
leaf_count=59 14 17 262 40 440 153 36 28 45 495 66 15 26 24 15 627 2
internal_value=0.0137822 0.0111012 0.00813898 0.0117575 0.00761468 0.0113274 0.0148481 0.010999 0.00679379 -0.0201796 0.0171732 0.0171732 0.0171732 0.0495968 -0.0399964 0.0171732 -0.0535029
internal_weight=335.107 319.669 302.967 287.697 261.472 244.899 232.176 216.697 199.605 54.9404 28.6136 144.664 129.068 15.5711 6.73127 113.497 15.2702
internal_count=2364 2350 2333 2069 2029 1589 1436 1400 1372 635 140 737 722 50 81 672 264
is_linear=0
shrinkage=0.06


Tree=64
num_leaves=15
num_cat=0
split_feature=173 197 242 209 50 201 148 113 85 36 70 8 250 95
split_gain=13.8757 16.4204 13.1559 17.1123 20.2791 24.7355 31.3367 21.5437 20.6171 14.2415 13.1827 6.54223 6.89782 4.19415
threshold=0.58477011494252884 0.10928754206746817 2.6059259574205367 12.898613516819553 1.0000000180025095e-35 0.46589147286821714 0.0086945743023091101 43.080516719818121 0.043198245426587352 58.500000000000007 1.0000000180025095e-35 6.5000000000000009 2.8665857277755635 0.67423545667401463
decision_type=2 2 2 2 2 2 2 2 2 2 2 2 2 2
left_child=1 2 3 4 -1 6 7 8 9 10 11 -6 -13 -3
right_child=-2 13 -4 -5 5 -7 -8 -9 -10 -11 -12 12 -14 -15
leaf_value=0.029811508604910539 0.048779473777126596 0.029811508604910539 0.029811508604910539 0.029811508604910539 -0.07563035695855197 0.029811508604910539 0.029811508604910539 0.029811508604910539 0.029811508604910539 0.029811508604910539 0.029811508604910539 -0.053311871699348271 0.029811508604910539 0.048779473777126596
leaf_weight=19.038984457962215 30.194774068892002 53.135785207385197 34.903348922729492 24.382462527602911 76.466132065979764 23.33408264676109 12.239023447036741 6.321780076250433 7.7284399606287471 2.9931214451789847 2.8717758655548087 4.4457901970017693 3.1769961006939411 28.643523512408137
leaf_count=41 44 395 230 39 1405 92 14 9 22 2 2 72 3 39
internal_value=0.0113093 0.00723554 -0.00143137 -0.00794954 -0.0153213 -0.0234718 -0.0347447 -0.0458831 -0.053188 -0.0612621 -0.0659474 -0.070426 -0.0133513 0.0298115
internal_weight=329.876 299.681 217.902 182.999 158.616 139.577 116.243 104.004 97.6823 89.9538 86.9607 84.0889 7.62279 81.7793
internal_count=2409 2365 1931 1701 1662 1621 1529 1515 1506 1484 1482 1480 75 434
is_linear=0
shrinkage=0.06


Tree=65
num_leaves=16
num_cat=0
split_feature=235 60 21 94 147 11 93 32 247 31 93 23 31 0 93
split_gain=11.9033 13.2601 14.2818 16.2202 20.6886 21.0035 15.9361 14.1214 8.93123 7.34158 5.13296 7.59933 3.22807 2.45491 0.992372
threshold=0.18389967637540455 13.000000000000002 0.54210048228403163 4.3500000000000005 0.10818713450292398 0.031214071250483266 1.3000769625448949 17.500000000000004 0.17750847007030759 6.0120811282362085 1.1498387080098018 0.060826243547641462 1.0000000180025095e-35 39.25833333333334 1.2832620560060033
decision_type=2 2 2 2 2 2 2 2 2 2 2 2 2 2 2
left_child=1 2 3 4 5 6 12 -8 10 -6 -7 -12 -1 -2 -13
right_child=13 -3 -4 -5 9 8 7 -9 -10 -11 11 14 -14 -15 -16
leaf_value=0.043446777283750383 0.082079552219432958 0.043446777283750383 0.043446777283750383 0.043446777283750383 0.043446777283750383 0.021922401729649311 -0.034162762047189613 0.021922401729649311 -0.071805814022724068 0.021922401729649311 -0.07088870735477118 0.0097514265486499854 0.021922401729649311 0.043446777283750383 -0.034162762047189613
leaf_weight=13.590612292289732 6.450921405106782 27.009984182193875 14.864768803119658 15.536373211536555 23.274533357471228 7.3581423982977858 21.166625759797174 3.6536123752593985 22.337789746234193 21.505824409425259 22.666127857402898 26.333303067367524 50.35430618096143 27.46135616232641 15.533502928214146
leaf_count=13 25 47 15 26 33 12 382 1 403 233 456 115 171 143 319
internal_value=0.010858 0.00670724 0.0023626 -0.00144384 -0.00576689 -0.0147355 0.00618587 -0.032968 -0.0341628 0.0299463 -0.0341628 -0.0341628 0.0219224 0.0434468 -0.0341628
internal_weight=319.098 285.186 258.176 243.311 227.774 182.994 88.7652 24.8202 94.2289 44.7804 71.8911 64.5329 63.9449 33.9123 41.8668
internal_count=2394 2226 2179 2164 2138 1872 567 383 1305 266 902 890 184 168 434
is_linear=0
shrinkage=0.06


Tree=66
num_leaves=14
num_cat=0
split_feature=191 243 31 147 60 111 85 10 85 36 197 12 21
split_gain=13.6432 16.7906 17.5064 15.4367 7.7759 5.63579 5.59462 8.0786 4.1431 3.79919 1.89815 4.91178 0.317082
threshold=2.0999999999999264 0.033205599802685899 6.160212837649266 0.089898989898989909 13.000000000000002 33.908198515574149 0.013642104226257031 0.18209148198366168 0.76907955194126776 41.500000000000007 0.10937760005945439 114.50000000000001 0.54210048228403163
decision_type=2 2 2 2 2 2 2 2 2 2 2 2 2
left_child=1 3 6 4 12 10 7 9 -4 -3 -2 -12 -1
right_child=5 2 8 -5 -6 -7 -8 -9 -10 -11 11 -13 -14
leaf_value=0.0024094493550531754 0.026630832616649031 -0.065603910608925509 -0.065603910608925509 0.026630832616649031 0.026630832616649031 0.057585122301971742 0.0024094493550531754 0.0024094493550531754 0.0024094493550531754 0.0024094493550531754 0.026630832616649031 0.057585122301971742 0.026630832616649031
leaf_weight=62.415084024658427 84.166030772263184 9.5916108689270896 23.613738695275991 28.141423118533567 16.25203150510788 20.65494256420061 20.125350683927536 9.9293724563904089 1.2303483486175526 1.7141570933163173 8.8270329986698908 25.399364244192839 9.4112920165061933
leaf_count=679 582 110 552 64 22 66 97 68 2 4 61 57 10
internal_value=0.0126163 0.00176126 -0.0219656 0.0154202 0.00240945 0.0266308 0.00240945 -0.0270408 -0.0597013 -0.0584277 0.0266308 0.0455601 0.00240945
internal_weight=321.472 182.424 66.2046 116.22 88.0784 139.047 41.3605 21.2351 24.8441 11.3058 118.392 34.2264 71.8264
internal_count=2374 1608 833 775 711 766 279 182 554 114 700 118 689
is_linear=0
shrinkage=0.06


Tree=67
num_leaves=15
num_cat=0
split_feature=70 27 17 147 93 191 235 29 217 166 29 29 246 98
split_gain=12.4879 13.6478 12.2598 14.3604 14.5306 27.6455 14.6037 13.5926 10.1312 3.80437 3.55966 0.175054 0.152315 0.0569095
threshold=1.0000000180025095e-35 0.073381757289187263 0.23745343362405893 0.089898989898989909 1.2875469131250128 2.2833333333333132 0.17222816399286991 5.3476805103254721 0.34020833333333339 0.0062543859871352836 1.0000000180025095e-35 4.750947567241151 1.9187416100443475 0.0059180353418521294
decision_type=2 2 2 2 2 2 2 2 2 2 2 2 2 2
left_child=1 2 3 4 10 6 8 -5 -6 -9 -1 -12 -3 -8
right_child=-2 12 -4 7 5 -7 13 9 -10 -11 11 -13 -14 -15
leaf_value=0.042329162484766578 0.060827774159509025 0.060827774159509025 0.050610728275435023 0.050610728275435023 -0.068289282465392662 0.0081008373762201484 0.0081008373762201484 0.0081008373762201484 0.0075764466839872762 0.049758656806115777 0.015905214115738923 0.0081008373762201484 0.050610728275435023 0.0075764466839872762
leaf_weight=9.050058186054228 16.229710012674332 11.759867020882671 14.107509285211561 26.454681077506393 45.741622060537338 21.151167537085712 4.3864843323826763 26.294171027140692 2.4199440479278556 7.1339377611875525 33.534686349332333 75.357504958054051 12.798011532984672 9.2970650061033648
leaf_count=9 16 15 16 77 1187 95 6 287 1 8 102 394 77 101
internal_value=0.0125159 0.00951167 0.00550151 0.00232526 -0.00540855 -0.024345 -0.0463269 0.0276124 -0.0613333 0.00810084 0.00810084 0.00810084 0.0506107 0.00757645
internal_weight=315.716 299.487 274.929 260.821 200.939 82.9963 61.8451 59.8828 48.1616 33.4281 117.942 108.892 24.5579 13.6835
internal_count=2391 2375 2283 2267 1895 1390 1295 372 1188 295 505 496 92 107
is_linear=0
shrinkage=0.06


Tree=68
num_leaves=16
num_cat=0
split_feature=173 86 201 148 41 213 144 253 199 223 213 12 111 10 199
split_gain=15.2531 15.8237 15.451 17.1964 16.7909 17.8961 19.6608 22.7576 18.7691 8.69118 7.76299 6.9894 4.04035 2.5192 0.344744
threshold=0.58477011494252884 73.500000000000014 0.82758620689655182 0.0086945743023091101 0.0024089131964341415 0.013840996168582377 0.0062518918460353241 0.00076942810908947406 0.14910239435296344 0.063312236286919857 0.068278943278943294 153.50000000000003 24.289231282472613 0.18718697130680087 0.1407485839682272
decision_type=2 2 2 2 2 2 2 2 2 2 2 2 2 2 2
left_child=1 2 3 4 5 6 7 -1 -9 12 11 -6 -10 -7 -8
right_child=-2 -3 -4 -5 10 13 14 8 9 -11 -12 -13 -14 -15 -16
leaf_value=-0.033808959092823394 0.046937130012063233 0.046937130012063233 0.046937130012063233 0.046937130012063233 -0.070314512713850225 0.03883427811547456 0.018224090092193192 -0.033808959092823394 -0.033808959092823394 0.03883427811547456 0.020765946393170937 -0.033808959092823394 0.022589902107220297 0.046937130012063233 0.03883427811547456
leaf_weight=98.666091568302363 28.768672861158848 16.901274681091309 14.041885107755659 13.723214864730833 29.654349938500673 18.760524641140375 8.2757574925199169 6.9924659070093176 2.5345331877470008 29.540972796268761 4.7216081256046882 4.3526453031226984 3.4078135746531188 11.664380011148749 13.380167800933121
leaf_count=1313 44 30 17 16 532 190 25 54 11 58 20 17 23 36 23
internal_value=0.00685791 0.0023826 -0.00151695 -0.00524793 -0.00933429 -0.00193398 -0.0099319 -0.0182049 0.0179319 0.0371851 -0.0443475 -0.0540393 -0.0269838 0.0388343 0.0388343
internal_weight=305.386 276.618 259.716 245.675 231.951 193.223 162.798 141.142 42.4758 35.4833 38.7286 34.007 5.94235 30.4249 21.6559
internal_count=2409 2365 2335 2318 2302 1733 1507 1459 146 92 569 549 34 226 48
is_linear=0
shrinkage=0.06


Tree=69
num_leaves=18
num_cat=0
split_feature=87 148 110 0 163 243 127 95 3 0 253 20 221 13 0 0 112
split_gain=11.2931 12.5289 13.383 13.1052 16.6635 11.4856 19.5785 14.9641 10.3133 7.49733 6.05321 5.51384 4.31667 3.95508 1.52177 1.97584 1.33966
threshold=1.277137377268059 0.0086945743023091101 0.0074831633491122497 38.07500000000001 0.82404540763673906 0.039485372649633289 0.58571428571428574 0.69620239874786016 0.20397569408628871 38.32500000000001 0.0012705186406405621 117.50000000000001 0.34599520383693055 0.098069596160531944 72.541666666666671 73.01666666666668 0.10178863481253216
decision_type=2 2 2 2 2 2 2 2 2 2 2 2 2 2 2 2 2
left_child=1 2 3 4 8 9 7 11 -1 -5 -11 14 16 -12 -7 -16 -10
right_child=-2 -3 -4 5 -6 6 -8 -9 12 10 13 -13 -14 -15 15 -17 -18
leaf_value=0.020565235896827249 0.056078829600428495 0.055297528133938276 0.051641520893458817 0.051641520893458817 0.035633671505390721 -0.074079895311157995 0.016160633897202226 0.016160633897202226 -0.076416687615916579 0.016160633897202226 0.016160633897202226 0.016160633897202226 0.018133971058752682 0.050970301715589826 0.016160633897202226 -0.040781812252372207 0.00096698988892667686
leaf_weight=4.8535890607163337 17.111348181962967 17.193255722522736 18.65034945262596 3.3954393044114104 8.8333739489316923 23.278091044514458 34.237426321255043 9.3930347040295583 21.370190572575673 114.01440853462555 6.2997962459921828 1.4253567457199086 1.2305272519588459 30.037651428952813 1.1991472593508654 2.5374026084318757 0.78271161764860053
leaf_count=18 32 22 63 4 15 494 246 20 403 959 21 2 5 56 3 55 5
internal_value=0.0112872 0.00836565 0.00512973 0.001465 -0.0306529 0.00696031 -0.0125731 -0.04144 -0.0523747 0.0161606 0.0161606 -0.0621243 -0.0679419 0.0412122 -0.0682889 -0.0189628 -0.0738289
internal_weight=315.843 298.732 281.538 262.888 37.0704 225.818 72.0705 37.833 28.237 153.747 150.352 28.44 23.3834 36.3374 27.0146 3.73655 22.1529
internal_count=2423 2391 2369 2306 446 1860 820 574 431 1040 1036 554 413 77 552 58 408
is_linear=0
shrinkage=0.06


Tree=70
num_leaves=16
num_cat=0
split_feature=69 209 165 191 155 110 145 85 173 243 169 199 12 10 98
split_gain=12.5498 13.3314 15.926 21.7606 22.9428 21.2431 18.226 23.7896 18.1231 18.127 16.4529 9.73334 3.14633 2.85536 0.193374
threshold=1.0000000180025095e-35 14.335278899624781 0.16333333333333336 2.2833333333333132 0.81988843927780797 0.0074831633491122497 0.10405405405405407 0.024281993185232626 0.58477011494252884 0.011812447556494316 0.64758064516129044 0.19644764376641413 123.50000000000001 0.18706373870372775 0.0050812981828835145
decision_type=2 2 2 2 2 2 2 2 2 2 2 2 2 2 2
left_child=1 2 3 4 5 6 -1 8 9 -8 14 -12 -4 -9 -11
right_child=-2 -3 12 -5 -6 -7 7 13 -10 10 11 -13 -14 -15 -16
leaf_value=0.032754559349305004 0.059040911625207443 0.04762307283673823 0.034713331225178695 0.034713331225178695 0.034713331225178695 0.034713331225178695 0.018090059076224126 0.018090059076224126 0.018090059076224126 -0.060047026998382942 -0.060047026998382942 0.018090059076224126 0.04762307283673823 0.032754559349305004 -0.075830431186110867
leaf_weight=14.86623080447316 14.72401502728462 22.739324793219566 25.179888055892661 36.169089915696532 20.883465790655464 12.045669225510208 9.0286004845984262 18.720401178579795 10.620154164731501 5.0185193801298729 5.2934709852561346 10.501019300892947 16.462438013404608 6.1215913936030111 73.798811296699569
leaf_count=37 18 31 180 145 55 46 61 142 19 46 42 23 25 22 1526
internal_value=0.00848035 0.00550042 0.00155198 -0.00489207 -0.0132075 -0.0208543 -0.0271899 -0.0339698 -0.0454049 -0.0530486 -0.0607508 -0.00419233 0.0347133 0.0180901 -0.0717005
internal_weight=302.173 287.449 264.709 223.067 186.898 166.014 153.969 139.103 114.261 103.64 94.6118 15.7945 41.6423 24.842 78.8173
internal_count=2418 2400 2369 2164 2019 1964 1918 1881 1717 1698 1637 65 205 164 1572
is_linear=0
shrinkage=0.06


Tree=71
num_leaves=14
num_cat=0
split_feature=14 125 111 144 187 124 0 23 118 242 85 9 124
split_gain=13.4938 12.7257 18.553 15.1118 7.58231 7.30382 4.87101 4.45011 3.77554 3.05598 1.81775 1.69818 1.68659
threshold=0.54790498673059174 0.90000000000000013 21.829958266682098 0.0011560162569484312 0.6083333333333335 0.013517872781573468 48.25833333333334 0.061188659723928694 0.0028018341094399545 2.9261110493694242 0.021781342566895474 0.10546383634890412 0.032421292697680439
decision_type=2 2 2 2 2 2 2 2 2 2 2 2 2
left_child=6 2 -2 12 -3 9 -1 -6 11 -5 -9 -8 -4
right_child=1 4 3 5 7 -7 8 10 -10 -11 -12 -13 -14
leaf_value=-0.020996531938239173 -0.020996531938239173 0.025649634269197214 -0.020996531938239173 -0.020996531938239173 0.025649634269197214 0.025649634269197214 -0.070135901496542322 0.028179977083707956 -0.020996531938239173 0.025649634269197214 0.080698150084860476 -0.020996531938239173 0.024022769093018394
leaf_weight=35.209721774794161 34.781406966038048 73.555110021610744 14.724421021761374 7.016697883140294 9.2771926217246818 44.644622230203822 14.518204737454649 6.1881202259101 8.4430894092656654 2.658954001031816 15.739133183844386 0.87336179986596185 2.6606651633046559
leaf_count=423 309 467 284 116 45 277 266 23 120 11 23 3 16
internal_value=0.00391297 0.0110069 -0.00360558 0.0159266 0.0256496 0.0256496 -0.0209965 0.0550043 -0.0476966 -0.0209965 0.0694713 -0.0644845 -0.0209965
internal_weight=270.291 211.246 106.487 71.7054 104.76 54.3203 59.0444 31.2044 23.8347 9.67565 21.9273 15.3916 17.3851
internal_count=2383 1571 1013 704 558 404 812 91 389 127 46 269 300
is_linear=0
shrinkage=0.06


Tree=72
num_leaves=15
num_cat=0
split_feature=21 88 110 29 45 144 81 147 163 111 69 243 114 181
split_gain=11.4665 11.97 11.7823 17.152 17.246 21.105 13.5411 14.0393 11.9809 8.95778 6.87694 5.44995 3.11063 1.74365
threshold=0.54210048228403163 1.0000000180025095e-35 0.0074831633491122497 5.4419122218424212 0.0079852008389837501 0.0061747507893625446 0.013168913041169168 0.4250000000000001 0.85982456140350882 22.427995187895643 0.00030406643102904587 0.031684601585973478 0.16658488692954623 0.1303056027164686
decision_type=2 2 2 2 2 2 2 2 2 2 2 2 2 2
left_child=1 2 3 9 5 6 7 8 10 -1 12 -11 13 -5
right_child=-2 -3 -4 4 -6 -7 -8 -9 -10 11 -12 -13 -14 -15
leaf_value=0.016880992387661883 0.056974898856823247 0.055461809630979061 0.048220418082726077 -0.074044304308303333 0.016880992387661883 0.016880992387661883 0.016880992387661883 0.016880992387661883 0.01494340588140225 0.048220418082726077 0.01494340588140225 0.016880992387661883 0.01494340588140225 -0.00041191259952678001
leaf_weight=106.04931199969724 16.368758052587509 15.925036430358885 18.768918437417597 52.60983202944044 39.993971016607247 15.041225548833607 5.890942513360641 4.3711218237876883 6.5005003809928885 14.574581804219635 1.5780216455459584 4.2464012764394274 0.73396205902099509 1.2057809531688679
leaf_count=707 22 32 59 1160 247 43 32 6 19 41 1 60 1 5
internal_value=0.0109443 0.00794795 0.00477654 0.00119785 -0.014135 -0.0287973 -0.0425135 -0.0505256 -0.058231 0.016881 -0.0669284 0.0482204 -0.0707055 -0.0724684
internal_weight=303.858 287.49 271.565 252.796 127.925 87.9314 72.8902 66.9992 62.6281 124.87 56.1276 18.821 54.5496 53.8156
internal_count=2435 2413 2381 2322 1514 1267 1224 1192 1186 808 1167 101 1166 1165
is_linear=0
shrinkage=0.06


Tree=73
num_leaves=10
num_cat=0
split_feature=242 243 30 31 243 99 30 95 98
split_gain=11.8704 12.9958 8.78009 8.34446 14.3533 4.02116 3.85678 3.64125 3.09901
threshold=2.599592554063499 0.062505232460227655 54.709676742553718 6.5377026996759549 0.025086962798313548 0.35416666666666669 62.132944107055671 0.72810308057753259 0.0057628009199132283
decision_type=2 2 2 2 2 2 2 2 2
left_child=3 2 5 -1 -5 -2 -3 8 -6
right_child=1 6 -4 4 7 -7 -8 -9 -10
leaf_value=0.0086473810438797219 0.0086473810438797219 0.0086473810438797219 0.094644820745774946 0.0086473810438797219 0.0081070642021531716 0.049792159030304185 0.045851396662569016 0.0086473810438797219 -0.062559544301204195
leaf_weight=203.58285909029655 5.5791434897109875 9.7235753266140836 14.838854517787693 17.621824513655156 2.0213901435490831 10.40587182343006 9.2219012214336527 1.7292940467596043 19.018728318740614
leaf_count=1296 36 167 20 151 21 23 44 4 614
internal_value=0.0142652 0.0404065 0.0636082 0.00864738 -0.0180391 0.0274761 0.00864738 -0.0488937 -0.055656
internal_weight=293.743 49.7693 30.8239 243.974 40.3912 15.985 18.9455 22.7694 21.0401
internal_count=2376 290 79 2086 790 59 211 639 635
is_linear=0
shrinkage=0.06


Tree=74
num_leaves=14
num_cat=0
split_feature=69 258 165 41 173 53 155 95 53 155 149 173 159
split_gain=12.3725 12.2729 13.0934 16.6099 13.7132 16.6207 9.28524 9.33378 5.50947 4.34448 2.85794 2.33622 0.242948
threshold=1.0000000180025095e-35 1.0000000180025095e-35 0.16333333333333336 0.0020020040080160327 0.47213622291021679 0.019774031709682987 0.35116447937307943 0.68893472772586972 0.016276073388425273 0.83980409578847082 0.11580166984349489 0.8047619047619049 10.524542220450682
decision_type=2 2 2 2 2 2 2 2 2 2 2 2 2
left_child=1 2 3 4 6 -6 7 -1 -4 11 -10 12 -5
right_child=-2 -3 8 9 5 -7 -8 -9 10 -11 -12 -13 -14
leaf_value=-0.043456228327091402 0.058580396675845865 0.056030098276029672 -0.0085138763217720379 -0.067533015956781794 -0.0085138763217720379 0.031727584102266886 -0.0085138763217720379 -0.0085138763217720379 0.031727584102266886 -0.0085138763217720379 0.056030098276029672 -0.0085138763217720379 -0.043456228327091402
leaf_weight=21.575955655891448 14.17572997510433 13.722981050610541 5.8347925390116862 13.12496781651865 17.00975100917276 43.013450694736093 97.832092273514718 10.981840319931505 16.40949574043043 2.5021545998752108 18.829860436730087 0.99983817338943382 14.7328330517048
leaf_count=417 17 29 59 213 109 92 996 22 104 5 38 1 290
internal_value=0.00755264 0.00453538 0.00144408 -0.00439811 0.00241935 0.0256785 -0.00851388 -0.0396823 0.0317276 -0.0434562 0.0405739 -0.0513101 -0.0551978
internal_weight=290.746 276.57 262.847 221.773 190.413 60.0232 130.39 32.5578 41.0741 31.3598 35.2394 28.8576 27.8578
internal_count=2392 2375 2346 2145 1636 201 1435 439 201 509 142 504 503
is_linear=0
shrinkage=0.06


Tree=75
num_leaves=17
num_cat=0
split_feature=173 98 190 4 21 199 9 147 243 199 5 21 242 12 120 21
split_gain=9.47243 9.60272 8.5886 8.444 11.1235 10.5251 9.45613 6.7602 6.80904 3.77198 4.51575 2.37073 1.10097 0.953181 0.539722 0.152031
threshold=0.58477011494252884 0.30617320122267538 0.98143931387825267 1.5000000000000002 0.30021519487188447 0.22353031092494371 0.10533626817574425 0.089898989898989909 0.032900903782519197 0.23388833787285332 0.045328975350846588 0.72651913901468201 2.5336601328755064 110.50000000000001 0.004817614638442329 0.47407704453550276
decision_type=2 2 2 2 2 2 2 2 2 2 2 2 2 2 2 2
left_child=1 2 3 -1 5 6 10 -6 -9 11 -5 15 -10 -14 -4 -3
right_child=-2 9 14 4 7 -7 -8 8 12 -11 -12 -13 13 -15 -16 -17
leaf_value=0.039766654658748589 0.047997548371567861 -0.054675817265298438 0.039766654658748589 -0.045987966610109704 0.010995412455337082 0.010995412455337082 0.010995412455337082 0.039766654658748589 0.010995412455337082 0.010995412455337082 0.010995412455337082 0.010995412455337082 0.010995412455337082 0.039766654658748589 0.047997548371567861 -0.0076657738436354175
leaf_weight=18.732350617647171 21.88581757992506 11.663786419085206 14.36853833880742 30.679911003797315 118.52209622808732 9.4288511825725418 5.8665012624114743 20.192304744385183 7.3589263651519987 1.6783022284507758 1.9085534214973439 0.87553179264068681 2.8186728963628394 5.7973548419540748 16.892469935351983 0.98252324573695737
leaf_count=32 38 217 94 572 1123 22 20 46 137 2 3 1 31 17 50 11
internal_value=0.0117178 0.00841857 0.0112943 0.00695218 0.00316824 -0.0215446 -0.0351211 0.0109954 0.0363719 -0.0351211 -0.0351211 -0.045988 0.0109954 0.0369451 0.0397667 -0.052569
internal_weight=289.652 267.767 252.567 221.306 202.573 47.8838 38.455 154.689 36.1673 15.2001 32.5885 13.5218 15.975 8.61603 31.261 12.6463
internal_count=2416 2378 2147 2003 1971 617 595 1354 231 231 575 229 185 48 144 228
is_linear=0
shrinkage=0.06


Tree=76
num_leaves=13
num_cat=0
split_feature=45 65 27 197 147 29 246 0 159 165 65 29
split_gain=11.2136 9.82604 7.95185 10.7153 9.50135 6.46382 3.70367 3.16344 5.0671 2.31634 2.12259 2.42163
threshold=0.0020299073101935718 0.0010843539478655676 0.073381757289187263 0.1090076902260383 0.089898989898989909 5.5067527939555712 1.9187416100443475 48.108333333333341 13.412966350496058 0.25833333333333336 0.00032206122503169793 3.8555477244796301
decision_type=2 2 2 2 2 2 2 2 2 2 2 2
left_child=1 -1 3 4 10 -6 -4 -3 -9 -7 -2 -12
right_child=2 7 6 -5 5 9 -8 8 -10 -11 11 -13
leaf_value=-0.062867208738944261 -0.030249231395716086 -0.0031255249909084887 0.071968946804696662 0.026731427854110996 0.026731427854110996 -0.0031255249909084887 0.026731427854110996 -0.062019305626342058 -0.0031255249909084887 0.026731427854110996 0.026731427854110996 -0.0031255249909084887
leaf_weight=11.507187189999966 17.012105097528547 25.357681927853264 9.7490062071010488 73.278761518071406 19.014961137436334 6.8834585687145573 8.3961170963011664 6.5539000343997014 6.1843511656625196 4.790637587197125 5.7883075773715964 83.291959064197727
leaf_count=239 232 190 12 429 43 139 61 112 60 10 18 885
internal_value=0.00646716 -0.0188841 0.0120938 0.00855011 -0.00143515 0.0267314 0.0481958 -0.00312552 -0.030947 -0.00312552 -0.00312552 -0.00312552
internal_weight=277.808 49.6031 228.205 210.06 136.781 30.6891 18.1451 38.0959 12.7383 11.6741 106.092 89.0803
internal_count=2430 601 1829 1756 1327 192 73 362 172 149 1135 903
is_linear=0
shrinkage=0.06


Tree=77
num_leaves=14
num_cat=0
split_feature=53 47 177 265 243 25 253 34 86 0 265 47 247
split_gain=14.9708 12.6269 14.6867 13.5432 13.5682 5.66435 5.4383 3.72162 2.95883 1.79315 1.64537 1.09346 0.396606
threshold=0.01374388817448036 0.066704717974637354 0.19399641577060936 0.0084559179508569299 0.028068382241309617 0.0054141994489066087 0.0023130800305710235 48.219173073768623 73.500000000000014 47.791666666666671 0.10137744344111961 0.27024650867920591 0.049553323972763769
decision_type=2 2 2 2 2 2 2 2 2 2 2 2 2
left_child=9 2 3 4 -2 7 8 -3 -6 -1 -4 -11 -9
right_child=1 5 10 -5 6 -7 -8 12 -10 11 -12 -13 -14
leaf_value=-0.033102583584160614 0.024605596738119642 0.024605596738119642 0.024605596738119642 -0.033102583584160614 -0.033102583584160614 0.060974204206381014 0.024605596738119642 0.060974204206381014 0.024605596738119642 -0.065693608786700733 -0.013401978954397374 -0.0042833507215345266 0.034043000377633074
leaf_weight=19.974713176721718 26.71766719664447 75.928119658026844 36.663447878323495 44.941655157017522 13.540828459314069 14.332457078155128 2.2900516986846915 10.047615641728045 1.9318613708019263 9.1945072109810955 3.0935612635221323 1.472905776929111 13.082260798197238
leaf_count=220 146 645 184 680 239 35 1 8 5 154 33 14 48
internal_value=0.00511904 0.0101785 -0.00266729 -0.0161234 0.00767905 0.0246056 -0.0320222 0.0246056 -0.0331026 -0.0331026 0.0246056 -0.0592294 0.0518862
internal_weight=273.212 242.57 129.179 89.4221 44.4804 113.39 17.7627 99.058 15.4727 30.6421 39.757 10.6674 23.1299
internal_count=2412 2024 1288 1071 391 736 245 701 244 388 217 168 56
is_linear=0
shrinkage=0.06


Tree=78
num_leaves=16
num_cat=0
split_feature=69 87 94 108 147 253 243 248 167 243 198 165 193 243 167
split_gain=11.0523 11.3761 11.0101 12.0358 15.1085 33.268 14.1762 14.4562 18.0651 9.19182 8.04139 5.38207 2.43842 0.914235 0.297431
threshold=1.0000000180025095e-35 1.277137377268059 4.3500000000000005 0.56986675850000956 0.089898989898989909 0.00047506324208884297 0.0085843999619721178 5.8688013875243277 0.162280701754386 0.030158743032271489 0.96190232427993883 0.085144927536231887 0.076794871794871808 0.058795856091552211 0.082207207207207214
decision_type=2 2 2 2 2 2 2 2 2 2 2 2 2 2 2
left_child=1 2 3 4 5 6 -1 8 12 11 -10 -6 -8 -7 -9
right_child=-2 -3 -4 -5 9 13 7 14 10 -11 -12 -13 -14 -15 -16
leaf_value=0.019208462560918481 0.05756658985099216 0.053088266225019685 0.051475493434748755 0.051475493434748755 0.019208462560918481 0.019208462560918481 -0.051468631935007676 0.0016961361772932109 -0.051468631935007676 0.019208462560918481 0.014041226669632853 0.051475493434748755 -0.071634108981283903 0.014041226669632853 0.014041226669632853
leaf_weight=7.5855351360514751 12.814357429742811 14.134873270988463 12.711578145623205 11.100521445274351 5.9889053916558685 60.75829796679318 20.51776234654244 7.6131982486695016 4.8377527648117375 27.719412827165797 7.6985904374159873 21.617630930850282 51.166304254322313 4.8733208468183866 6.2570925503969193
leaf_count=33 16 32 29 15 30 191 220 26 110 314 22 43 1264 53 12
internal_value=0.00711158 0.00425435 0.00109947 -0.00200109 -0.00519267 -0.0139842 -0.0345727 -0.0410317 -0.050217 0.0215669 0.0140412 0.0514755 -0.0615868 0.0192085 0.0140412
internal_weight=277.395 264.581 250.446 237.734 226.634 171.308 105.676 98.0907 84.2204 55.3259 12.5363 27.6065 71.6841 65.6316 13.8703
internal_count=2410 2394 2362 2333 2318 1931 1687 1654 1616 387 132 73 1484 244 38
is_linear=0
shrinkage=0.06


Tree=79
num_leaves=12
num_cat=0
split_feature=173 203 87 147 11 31 41 248 31 248 159
split_gain=9.65982 10.0575 9.91973 9.527 20.9013 17.4705 12.0292 6.38326 15.3713 2.54921 1.98467
threshold=0.58477011494252884 0.71015360546411166 1.277137377268059 0.089898989898989909 0.046997025811610721 5.968848643595476 0.0025717964433587467 2.2689575577602024 1.0000000180025095e-35 6.2107316817574665 16.04779415211657
decision_type=2 2 2 2 2 2 2 2 2 2 2
left_child=1 2 3 4 6 -5 7 8 -1 -8 -7
right_child=-2 -3 -4 5 -6 10 9 -9 -10 -11 -12
leaf_value=0.0015701135232640451 0.044820723146471342 0.044820723146471342 0.044820723146471342 0.044820723146471342 -0.059556525411952305 0.0015701135232640451 -0.059556525411952305 0.0015701135232640451 -0.054004456057756202 0.0015701135232640451 0.038207348533573951
leaf_weight=11.123362172394993 24.224906876683235 13.106887400150297 11.974720999598501 25.663300356827676 21.064048958243802 19.838330992148261 10.457935957936565 114.89566025335807 19.960465015261434 1.5649461150169361 8.3733727782964689
leaf_count=25 44 20 27 48 409 303 196 505 809 5 42
internal_value=0.0100838 0.00650285 0.00347938 0.000488801 -0.00619879 0.0221429 0.00157011 0.00157011 -0.027027 -0.0540045 0.00157011
internal_weight=282.248 258.023 244.916 232.941 179.066 53.875 158.002 145.979 31.0838 12.0229 28.2117
internal_count=2433 2389 2369 2342 1949 393 1540 1339 834 201 345
is_linear=0
shrinkage=0.06


Tree=80
num_leaves=13
num_cat=0
split_feature=55 60 17 144 110 213 86 173 1 112 31 144
split_gain=11.07 6.67219 7.79147 8.84886 9.17788 9.85635 9.03291 9.51939 9.94499 5.06769 3.98381 0.340913
threshold=0.13113023698476678 13.000000000000002 0.23745343362405893 0.0062518918460353241 0.0068650245067236404 0.054342667299477933 491.50000000000006 0.68333333333333346 1.0000000180025095e-35 0.0082069543906000148 8.7976366661398355 0.052242068552699437
decision_type=2 2 2 2 2 2 2 2 2 2 2 2
left_child=1 2 3 4 5 6 7 8 -1 -2 -11 -12
right_child=9 -3 -4 -5 -6 -7 -8 -9 -10 10 11 -13
leaf_value=0.00079951401531219246 0.014200088869544833 0.014200088869544833 0.014200088869544833 0.014200088869544833 0.014200088869544833 0.014200088869544833 0.014200088869544833 0.014200088869544833 -0.073979785443152327 0.061777604085381646 0.014200088869544833 0.038128367370488053
leaf_weight=7.5437463112175456 153.83604183560237 10.324161287397144 5.9115468859672538 9.043406277894972 5.5689853031653902 6.0169106830144292 3.059932827949523 2.7183344364166251 38.799018133373465 12.751584799960257 2.9212837561499319 3.24110147356987
leaf_count=24 1270 22 8 30 39 24 7 3 835 25 86 9
internal_value=0.00539784 -0.0116266 -0.0182834 -0.0247776 -0.0329095 -0.040398 -0.0488509 -0.0555022 -0.0622776 0.0142001 0.0440598 0.0142001
internal_weight=261.736 88.986 78.6619 72.7503 63.7069 58.1379 52.121 49.0611 46.3428 172.75 18.914 6.16239
internal_count=2382 992 970 962 932 893 869 862 859 1390 120 95
is_linear=0
shrinkage=0.06


Tree=81
num_leaves=11
num_cat=0
split_feature=242 21 112 21 93 100 191 69 29 231
split_gain=13.0384 14.7909 10.9493 9.10215 11.1443 11.1101 6.03085 5.8244 2.30943 1.40845
threshold=2.6059259574205367 0.36246770318103122 0.0082069543906000148 0.54210048228403163 1.3133547507788164 0.0040574838798189067 2.3666666666666463 0.00036861815804759939 6.2571889199534452 0.060927835051546399
decision_type=2 2 2 2 2 2 2 2 2 2
left_child=3 2 -2 4 -1 6 7 9 -3 -6
right_child=1 8 -4 -5 5 -7 -8 -9 -10 -11
leaf_value=0.0010001958050148581 0.0010001958050148581 0.093309190969515537 0.053696412916849956 0.052417601253630673 -0.064893890221449285 0.0010001958050148581 0.0010001958050148581 0.0010001958050148581 0.053696412916849956 0.0010001958050148581
leaf_weight=157.12240636080969 10.297501403605567 11.631361704319717 12.213714451529084 9.7290284484624845 27.856160920404374 14.467810953035949 4.2322004324523723 1.7539447546005238 8.1400881025474501 0.4538489580154409
leaf_count=914 181 18 46 16 917 191 28 1 50 2
internal_value=0.00709991 0.0367547 0.00243271 0.0010002 -0.00191042 -0.0277234 -0.0464963 -0.0558404 0.0720194 -0.0631065
internal_weight=257.898 42.2827 22.5112 215.615 205.886 48.764 34.2962 30.064 19.7714 28.31
internal_count=2364 295 227 2069 2053 1139 948 920 68 919
is_linear=0
shrinkage=0.06


Tree=82
num_leaves=13
num_cat=0
split_feature=144 242 53 239 30 17 70 149 85 217 5 31
split_gain=14.2884 13.7008 8.70205 9.70582 8.56831 7.58123 7.33085 6.78072 5.8923 4.11614 2.83792 2.09194
threshold=0.0011560162569484312 2.4427566360668949 0.020595386478573108 1.7466666666666926 54.709676742553718 0.23745343362405893 1.0000000180025095e-35 0.11711762653042875 0.039099353561236977 0.28619047619047627 0.045328975350846588 5.8445092244949768
decision_type=2 2 2 2 2 2 2 2 2 2 2 2
left_child=2 -2 3 5 7 6 8 -3 9 10 -1 -6
right_child=1 4 -4 -5 11 -7 -8 -9 -10 -11 -12 -13
leaf_value=-0.073468674373350654 0.0082808935436022493 0.0082808935436022493 0.0082808935436022493 0.0082808935436022493 0.1006247130950377 0.0082808935436022493 0.0082808935436022493 0.05888713393987971 0.0082808935436022493 -0.0044948303805621443 -0.0044948303805621443 0.05888713393987971
leaf_weight=28.044342742592566 134.18137884465978 11.582589809782805 39.619480755878612 3.6841353843919924 7.3681672438979389 3.2177618294954291 2.5635060369968405 7.813831875100731 2.4686457887291899 4.1927962303161612 0.75017684698104758 19.07666020700708
leaf_count=622 1119 143 362 8 4 5 4 20 13 11 1 92
internal_value=0.00875585 0.0182474 -0.0114101 -0.0289443 0.0458543 -0.0398344 -0.0481694 0.0135115 -0.0558516 -0.0625244 -0.0701334 0.0669588
internal_weight=264.563 180.023 84.5408 44.9214 45.8412 41.2372 38.0195 19.3964 35.456 32.9873 28.7945 26.4448
internal_count=2404 1378 1026 664 259 656 651 163 647 634 623 96
is_linear=0
shrinkage=0.06


Tree=83
num_leaves=14
num_cat=0
split_feature=71 136 94 243 118 209 10 167 43 31 107 9 30
split_gain=9.64755 9.215 10.3391 11.7242 22.2308 16.0789 8.46161 5.95174 5.7452 7.7736 1.80061 1.48393 0.9893
threshold=1.0000000180025095e-35 0.0080915966996899149 4.3500000000000005 0.034947175263096639 0.0025886539797058124 9.6678173123533995 0.18718697130680087 0.067424242424242428 0.023320540934307379 6.160212837649266 0.75957631319761287 0.10485091196853032 64.394943237304702
decision_type=2 2 2 2 2 2 2 2 2 2 2 2 2
left_child=1 2 3 4 5 -1 11 10 -5 -10 -7 -6 -11
right_child=-2 -3 -4 8 6 7 -8 -9 9 12 -12 -13 -14
leaf_value=-0.018367506811623552 0.056605693660709763 0.048628996574316671 0.048628996574316671 -0.018367506811623552 0.024954117699018372 -0.018367506811623552 0.048628996574316671 0.024954117699018372 -0.018367506811623552 -0.066808278532676041 0.023437282350269012 0.048628996574316671 -0.018367506811623552
leaf_weight=47.025035574799404 11.949106305837629 14.410149606410412 12.455744892358778 45.968032271019183 19.879748994717374 4.196127710863947 18.098986690631136 25.762347743380815 15.547798265237359 21.120883332332607 2.4590573310852051 12.436390009708701 2.1550843720324329
leaf_count=739 17 51 31 469 217 36 43 50 143 528 5 19 35
internal_value=0.0080506 0.00520314 0.00204725 -0.00125329 0.0100307 -0.0097594 0.0403978 0.0249541 -0.0183675 -0.0412402 -0.0183675 0.0249541 -0.0628517
internal_weight=253.464 241.515 227.105 214.649 129.858 79.4426 50.4151 32.4175 84.7918 38.8238 6.65519 32.3161 23.276
internal_count=2383 2366 2315 2284 1109 830 279 91 1175 706 41 236 563
is_linear=0
shrinkage=0.06


Tree=84
num_leaves=16
num_cat=0
split_feature=203 258 239 209 242 147 43 85 191 93 13 31 31 126 43
split_gain=9.0817 8.37437 9.70998 8.06535 10.7243 11.0757 15.8279 19.61 12.4212 5.58513 5.3601 4.03244 4.28774 1.25737 0.851868
threshold=0.71015360546411166 1.0000000180025095e-35 1.4499999999999946 12.697738014190614 2.4427566360668949 0.089898989898989909 1.0000000180025095e-35 0.013642104226257031 2.3333333333333139 1.2222204104090792 0.10436945141800867 5.6686232734809918 5.6686232734809918 0.28627887625786447 0.038723744267362574
decision_type=2 2 2 2 2 2 2 2 2 2 2 2 2 2 2
left_child=1 2 -1 4 5 6 7 8 9 -4 -8 -6 -7 -5 -14
right_child=-2 -3 3 13 11 12 10 -9 -10 -11 -12 -13 14 -15 -16
leaf_value=-0.064469063222392306 0.054647570611471533 0.054647570611471533 0.014470186428095354 0.033824367295517327 0.033824367295517327 0.033824367295517327 -0.064469063222392306 0.021985976264655052 0.021985976264655052 -0.041078869642157713 -0.041078869642157713 0.021985976264655052 0.021985976264655052 0.054647570611471533 -0.039508408503030917
leaf_weight=5.2587327999062827 12.977470487356184 10.031500285724176 6.0929224677383926 16.975717825815085 19.620159526355565 21.914336409419775 24.807954183488619 39.771741838892922 6.7815002538263789 21.792587647796609 22.192034925450571 25.702575983828865 4.6980115864425871 13.428696695715187 10.754805127158759
leaf_count=64 22 27 16 43 69 43 517 255 15 476 260 323 21 18 196
internal_value=0.00920888 0.00643322 0.00394792 0.00601412 0.00158386 -0.00582028 -0.014594 0.00276565 -0.030185 -0.0410789 -0.0410789 0.0266767 0.021986 0.0338244 0.021986
internal_weight=262.801 249.823 239.792 234.533 204.129 158.806 121.439 74.4388 34.667 27.8855 47 45.3227 37.3672 30.4044 15.4528
internal_count=2365 2343 2316 2252 2191 1799 1539 762 507 492 777 392 260 61 217
is_linear=0
shrinkage=0.06


Tree=85
num_leaves=14
num_cat=0
split_feature=145 45 242 143 219 203 33 111 242 30 118 235 76
split_gain=7.19121 13.1881 9.49034 10.112 7.82279 4.58386 4.44667 2.98495 2.84497 2.86707 0.588108 0.413247 0.401378
threshold=0.11238738738738741 0.0020482480347260557 1.5851148306444192 3.1999999999998869 0.093095238095238106 0.32249494604939771 4.9327046726511368 22.797300332784655 2.599592554063499 54.709676742553718 0.0038760188499014935 0.23666666666666669 1.5000000000000002
decision_type=2 2 2 2 2 2 2 2 2 2 2 2 2
left_child=12 5 -3 4 6 7 -4 -2 -5 -10 11 -9 -1
right_child=1 2 3 8 -6 -7 -8 10 9 -11 -12 -13 -14
leaf_value=0.044024671394870929 -0.065324534373825752 -0.01198655642010998 -0.01198655642010998 0.028488249073701007 0.028488249073701007 -0.01198655642010998 0.028488249073701007 -0.041926627445008011 0.028488249073701007 0.044024671394870929 -0.01198655642010998 -0.01198655642010998 0.06745057128800333
leaf_weight=12.368145682848992 9.9109744941815752 39.360809223144315 23.38085560413311 93.744119141018018 10.060739490669219 19.47656734456541 5.011901229619979 2.6904915259219702 9.9971565280575323 21.41217883117497 3.0482453653821722 0.54831016063690174 7.6967371553182593
leaf_count=45 195 440 432 726 46 248 6 89 95 59 32 2 5
internal_value=0.0111701 0.00806476 0.0140035 0.0203255 -0.0063366 -0.024673 -0.0119866 -0.0474236 0.0284882 0.0440247 -0.0119866 -0.0335217 0.0440247
internal_weight=258.707 238.642 202.968 163.607 38.4535 35.6746 28.3928 16.198 125.153 31.4093 6.28705 3.2388 20.0649
internal_count=2420 2370 1804 1364 484 566 438 318 880 154 123 91 50
is_linear=0
shrinkage=0.06


Tree=86
num_leaves=13
num_cat=0
split_feature=173 201 40 187 134 254 94 25 197 243 113 12
split_gain=9.38947 8.44171 8.85126 20.2051 10.2972 13.1139 11.001 6.58101 5.34267 6.7465 3.74075 1.81685
threshold=0.58477011494252884 0.82758620689655182 10.500000000000002 0.58796296296296313 0.0023513762157715257 0.0036928985738758744 4.6000000000000005 0.0054141994489066087 0.10928754206746817 0.038582095505955809 32.104873134976351 150.50000000000003
decision_type=2 2 2 2 2 2 2 2 2 2 2 2
left_child=1 2 3 4 5 6 -1 8 -4 10 11 -10
right_child=-2 -3 7 -5 -6 -7 -8 -9 9 -11 -12 -13
leaf_value=-0.070034039594242731 0.044188069256824447 0.044188069256824447 0.010206120393597837 0.010206120393597837 0.010206120393597837 0.010206120393597837 0.010206120393597837 0.044188069256824447 0.010206120393597837 0.010206120393597837 0.044188069256824447 0.044188069256824447
leaf_weight=36.157962761411909 21.705459102988243 10.607850775122641 85.806371437269263 23.975201756984461 6.6592873861081889 4.4068506620824328 3.1522829867899409 12.509820912498979 3.9943760707974416 11.334500746801494 29.021251382306218 4.1243764292448759
leaf_count=1032 43 18 771 215 22 9 11 31 67 117 44 12
internal_value=0.00819988 0.00448003 0.00169835 -0.0149257 -0.0378924 -0.0486654 -0.0603874 0.0102061 0.0102061 0.0312017 0.0441881 0.0102061
internal_weight=253.456 231.75 221.142 74.3516 50.3764 43.7171 39.3102 146.791 134.281 48.4745 37.14 8.11875
internal_count=2392 2349 2331 1289 1074 1052 1043 1042 1011 240 123 79
is_linear=0
shrinkage=0.06


Tree=87
num_leaves=18
num_cat=0
split_feature=69 1 47 53 218 144 23 29 77 53 77 165 111 17 159 144 30
split_gain=9.09358 10.0764 10.1364 7.2709 9.91737 11.0267 15.531 10.7924 8.58436 3.29757 2.05675 1.74768 1.22949 1.16975 0.209863 0.115267 0.0187917
threshold=1.0000000180025095e-35 1.0000000180025095e-35 0.045008741197432499 0.01374388817448036 0.036785936800185513 0.0011560162569484312 0.060485088275623031 6.3003330693982615 0.00095602316299715101 0.020965811433168245 0.0023267113226818153 1.0000000180025095e-35 33.908198515574149 0.60826380644252054 13.412966350496058 0.0046924518882982581 48.728044509887702
decision_type=2 2 2 2 2 2 2 2 2 2 2 2 2 2 2 2 2
left_child=1 -1 11 15 5 9 10 16 13 -5 -7 12 14 -9 -3 -4 -8
right_child=-2 2 3 4 -6 6 7 8 -10 -11 -12 -13 -14 -15 -16 -17 -18
leaf_value=0.046290642843631859 0.05588734668253937 -0.066319030939706036 -0.028138357755616336 -0.028138357755616336 0.046290642843631859 -0.01888705609496423 0.043550011002152542 -0.01888705609496423 0.043550011002152542 -0.01888705609496423 0.023504047537067235 -0.028138357755616336 -0.028138357755616336 0.028106467802504 -0.028138357755616336 -0.01888705609496423 0.046290642843631859
leaf_weight=17.244954269379377 11.222182258963583 9.1293186749680846 14.547008903289681 20.611612736713141 15.540218770503996 27.981495289830498 19.546870894730091 12.543794157681981 7.1758846202865234 24.502892690827139 2.5211708564311257 22.162704708578531 1.427075346931814 1.630825787782668 1.3297621823148809 2.3995683365501455 34.698884321842343
leaf_count=34 16 168 253 386 15 331 148 230 26 250 16 328 14 3 60 21 108
internal_value=0.00743971 0.00467397 0.00098677 0.00663003 0.0105233 0.00542436 0.01592 0.0302812 -0.00554922 -0.0188871 -0.0188871 -0.0281384 -0.0519527 -0.0188871 -0.0615216 -0.0281384 0.0440795
internal_weight=246.216 234.994 217.749 183.7 166.754 151.213 106.099 75.5963 21.3505 45.1145 30.5027 34.0489 11.8862 14.1746 10.4591 16.9466 54.2458
internal_count=2407 2391 2357 1787 1513 1498 862 515 259 636 347 570 242 233 228 274 256
is_linear=0
shrinkage=0.06


Tree=88
num_leaves=11
num_cat=0
split_feature=175 43 254 118 261 108 12 149 145 235
split_gain=11.4414 12.7444 11.6394 7.83103 6.28314 5.33372 3.51872 4.64945 2.10203 1.24652
threshold=0.13245614035087722 0.037769555480243938 0.0026398330096584848 0.0025670608323796703 0.15349828063476814 0.22000175982142448 127.50000000000001 0.11617008745670319 0.11238738738738741 0.20833333333333334
decision_type=2 2 2 2 2 2 2 2 2 2
left_child=4 3 6 8 -1 9 -3 -8 -2 -6
right_child=1 2 -4 -5 5 -7 7 -9 -10 -11
leaf_value=-0.01291862807033742 0.052171439974571167 -0.01291862807033742 0.026285699764431715 0.077202158794849013 -0.072187399841833241 -0.01291862807033742 -0.01291862807033742 0.026285699764431715 0.026285699764431715 -0.01291862807033742
leaf_weight=56.989322643959895 16.736630383878946 32.545569670968689 11.375444982200859 9.4074292718432826 11.467798869474782 2.6621136670000842 3.6617493168450883 9.5140389986336213 92.52901816618396 0.67133554536849338
leaf_count=637 28 550 29 27 252 9 63 31 768 8
internal_value=0.00702164 0.0152197 -0.00789178 0.0262857 -0.0129186 -0.0498801 -0.0129186 0.02169 0.0262857 -0.0677366
internal_weight=247.56 175.77 57.0968 118.673 71.7906 14.8012 45.7214 13.1758 109.266 12.1391
internal_count=2402 1496 673 823 906 269 644 94 796 260
is_linear=0
shrinkage=0.06


Tree=89
num_leaves=15
num_cat=0
split_feature=29 266 239 55 21 146 269 159 1 10 93 0 0 93
split_gain=8.09717 10.7436 6.56014 5.56649 4.77804 2.73275 1.26842 4.89195 0.782339 0.692602 0.483293 0.342443 0.325894 0.238121
threshold=4.2710756138063646 0.006062356163424599 1.5600000000000074 0.10808319972846936 0.29675919293180802 0.17093263294284142 1.0000000180025095e-35 17.374135219270279 0.047731227356987677 0.19110111892223361 1.2729319585925671 60.925000000000004 26.225000000000005 1.178103848883737
decision_type=2 2 2 2 2 2 2 2 2 2 2 2 2 2
left_child=1 2 13 -2 -5 6 -6 9 -4 12 -10 -12 -8 -1
right_child=3 -3 8 4 5 -7 7 -9 10 -11 11 -13 -14 -15
leaf_value=0.018113205457322559 -0.04827990255252082 0.0013891328615118091 0.068400845940860669 -0.044162978366716239 0.0013891328615118091 -0.038309312065178645 0.0013891328615118091 0.0013891328615118091 0.041689218340137675 0.0013891328615118091 0.0013891328615118091 0.019741021598847313 -0.038309312065178645 0.0013891328615118091
leaf_weight=1.5678223222494114 6.1244957721210076 12.276716046035288 18.758526911027751 6.6917825809214255 161.93915159470635 6.3873669735039575 0.55610005138441465 4.0349627919495097 3.9676445499062529 1.5154762399615727 1.3010333506390455 2.4994312929920852 10.238520507235078 5.9416588684543967
leaf_count=3 179 88 21 117 1535 120 5 26 4 22 31 16 211 40
internal_value=0.00678982 0.0288086 0.047011 0.00138913 0.00138913 0.00138913 0.00138913 -0.0237342 0.0601877 -0.0383093 0.0304104 0.00832102 -0.0383093 0.00138913
internal_weight=243.801 46.3128 34.0361 197.488 191.363 184.672 178.284 16.3451 26.5266 12.3101 7.76811 3.80046 10.7946 7.50948
internal_count=2418 203 115 2215 2036 1919 1799 264 72 238 51 47 216 43
is_linear=0
shrinkage=0.06


Tree=90
num_leaves=19
num_cat=0
split_feature=60 11 191 235 235 124 40 191 53 108 213 203 108 248 173 191 191 17
split_gain=10.8987 10.8314 10.7295 7.45095 7.45862 7.66055 5.34051 4.11206 5.96175 6.37733 6.37723 1.86298 1.55345 2.18202 0.996816 1.43096 0.505175 0.496152
threshold=13.000000000000002 0.031284813838266361 2.0999999999999264 0.17222816399286991 0.77166666666666672 0.010580258667823006 20.500000000000004 2.1666666666666878 0.021322902250303703 0.18672649873633715 0.054342667299477933 0.40081005592595093 0.24305834166106535 5.9846209788681213 0.54006410256410264 2.6333333333333488 2.2833333333333132 0.23745343362405893
decision_type=2 2 2 2 2 2 2 2 2 2 2 2 2 2 2 2 2 2
left_child=1 2 3 6 5 12 11 8 9 10 13 -1 16 -7 -2 -9 -3 -13
right_child=14 4 -4 -5 -6 7 -8 15 -10 -11 -12 17 -14 -15 -16 -17 -18 -19
leaf_value=-0.011188597666706428 0.032756437912818993 -0.062425855183611836 0.032756437912818993 0.032756437912818993 0.032756437912818993 -0.0585185368920405 0.032756437912818993 0.0044562126775515689 -0.011188597666706428 -0.011188597666706428 -0.011188597666706428 0.0087385874295001428 -0.011188597666706428 -0.011188597666706428 0.055350367653901757 0.032756437912818993 -0.011188597666706428 0.032756437912818993
leaf_weight=26.899896932998672 8.8488755300641078 12.278960158291719 55.60753126477357 8.9052035487256926 6.0951342582702628 22.146004550624653 5.4373715519905081 17.802897110465008 40.360555818595458 6.0668709473684421 4.4705358343198887 5.4580688024871034 0.69413193129003126 1.6749552972614754 14.359602116048334 3.8876725407317272 1.531302292481995 3.7399275600910187
leaf_count=394 28 318 257 36 18 593 7 181 436 21 24 42 2 7 28 13 16 6
internal_value=0.00554819 0.00131009 0.0150525 -0.00497 -0.0111886 -0.0151207 -0.0111886 -0.0111886 -0.0149852 -0.0362406 -0.0501691 -0.0111886 -0.0535194 -0.0535194 0.0429451 0.0137448 -0.0585185 0.0270073
internal_weight=246.265 223.057 106.048 50.4405 117.009 110.914 41.5353 96.4095 74.7189 34.3584 28.2915 36.0979 14.5044 23.821 23.2085 21.6906 13.8103 9.198
internal_count=2427 2371 742 485 1629 1611 449 1275 1081 645 624 442 336 600 56 194 334 48
is_linear=0
shrinkage=0.06


Tree=91
num_leaves=14
num_cat=0
split_feature=71 29 30 0 112 108 144 165 201 99 173 94 250
split_gain=6.91483 8.85145 11.8669 11.735 11.7177 7.35101 7.26484 9.27911 7.48288 6.41054 4.78883 2.76973 1.12423
threshold=1.0000000180025095e-35 5.367968972742343 48.611856460571296 43.225000000000009 0.0021369824228115284 0.004727786977803578 0.0069461400315318283 0.20344827586206901 0.62916666666666676 0.11805555555555557 0.68333333333333346 2.9500000000000006 2.8333333333333366
decision_type=2 2 2 2 2 2 2 2 2 2 2 2 2
left_child=1 5 -3 11 6 -1 7 8 10 -7 -5 12 -4
right_child=-2 2 3 4 -6 9 -8 -9 -10 -11 -12 -13 -14
leaf_value=0.019850149860824045 0.05456948115793038 -0.047087334842935133 -0.044770140951530833 -0.047087334842935133 0.019850149860824045 0.019850149860824045 0.019850149860824045 0.019850149860824045 0.019850149860824045 0.05456948115793038 0.019850149860824045 0.019850149860824045 0.012117504631882993
leaf_weight=88.252825013594702 10.065630942583082 16.883121579419822 2.7047635663766409 28.597292359219871 22.751378135755658 5.0413406003499537 5.129634183831512 4.3921891357749692 2.7545464579015961 19.580338844563812 2.2513919472694388 38.615337418799754 0.7384289763867854
leaf_count=671 16 300 71 615 263 63 10 23 6 44 4 300 3
internal_value=0.0101483 0.00782755 -0.00318623 0.00441247 -0.0120873 0.0198501 -0.0300152 -0.0391336 -0.0470873 0.0518449 -0.0470873 0.0198501 -0.0326004
internal_weight=247.758 237.693 124.818 107.935 65.8764 112.875 43.1251 37.9954 33.6032 24.6217 30.8487 42.0585 3.44319
internal_count=2389 2373 1595 1295 921 778 658 648 625 107 619 374 74
is_linear=0
shrinkage=0.06


Tree=92
num_leaves=13
num_cat=0
split_feature=254 41 53 187 40 45 144 218 125 31 187 14
split_gain=6.56542 9.16698 6.70277 7.42841 18.6866 9.01434 10.1371 6.48914 4.40906 3.74957 0.690593 0.185416
threshold=0.0035105003498519124 0.0050224925375225984 0.013995115102292151 0.6083333333333335 10.500000000000002 0.0029882338408785485 0.0066292843066286886 0.063416349079736492 0.90000000000000013 5.916007607299286 1.1833333333333336 0.56483870045657347
decision_type=2 2 2 2 2 2 2 2 2 2 2 2
left_child=1 2 10 4 -4 6 7 -6 -5 -3 -1 -10
right_child=-2 9 3 8 5 -7 -8 -9 11 -11 -12 -13
leaf_value=-0.018645233456754035 0.049969770430707071 -0.018645233456754035 -0.018645233456754035 0.029536796899655104 -0.018645233456754035 0.029536796899655104 0.029536796899655104 0.029536796899655104 0.029536796899655104 -0.060279295635298706 0.012895956984489771 0.049969770430707071
leaf_weight=23.943515020830095 11.221751978620885 4.0404109931550893 35.915238338697236 14.693039195786694 20.806046201498251 83.429100647452287 7.3043344467878333 5.2214307188987723 5.222060111351321 9.6086918325745483 1.1979054156690825 20.128771537914872
leaf_count=364 23 15 771 160 272 402 10 5 32 246 4 57
internal_value=0.00877632 0.00636871 0.0094766 0.0132991 0.00704545 0.0191953 -0.00689593 -0.0186452 0.0356731 -0.0381094 -0.0186452 0.0499698
internal_weight=242.732 231.511 217.861 192.72 152.676 116.761 33.3318 26.0275 40.0439 13.6491 25.1414 25.3508
internal_count=2361 2338 2077 1709 1460 689 287 277 249 261 368 89
is_linear=0
shrinkage=0.06


Tree=93
num_leaves=15
num_cat=0
split_feature=173 242 235 13 65 0 118 218 31 203 95 19 175 13
split_gain=8.47508 9.93814 8.61577 10.8909 14.5783 6.0802 7.86613 4.24654 3.71799 3.33413 2.78789 0.922682 0.69602 0.554742
threshold=0.58477011494252884 2.4427566360668949 0.18389967637540455 0.095382878075787145 0.0021155075159367937 67.783333333333346 0.035350702989437023 0.057563869736857252 5.6801938493054305 0.60170062899123888 0.80039831266333084 0.39855402469276108 0.16227781435154709 0.07167559753696022
decision_type=2 2 2 2 2 2 2 2 2 2 2 2 2 2
left_child=1 2 3 4 -1 6 10 9 12 -5 11 -6 -3 -4
right_child=-2 8 13 7 5 -7 -8 -9 -10 -11 -12 -13 -14 -15
leaf_value=-0.061649318807660135 0.041867344396691021 0.026513523563393145 0.0041696269175124567 0.0041696269175124567 -0.061649318807660135 0.0041696269175124567 0.0041696269175124567 0.026513523563393145 0.026513523563393145 0.026513523563393145 0.0041696269175124567 0.0036993920118292317 0.041867344396691021 0.026513523563393145
leaf_weight=24.10029131337069 22.218008406460285 7.6702387249097255 1.2239920713473491 78.435121580434497 12.311794092180204 11.941582482540978 3.9013987332582465 12.107190549373625 31.354466310411226 7.94106092583388 0.92418307065963823 0.56942376121878702 14.704403848387299 20.047418557107449
leaf_count=536 50 60 15 850 296 53 7 17 364 18 1 6 22 122
internal_value=0.00810372 0.00446595 -0.00258589 -0.00774698 -0.028948 -0.000149958 -0.0296305 0.00416963 0.0265135 0.00416963 -0.0525606 -0.0598223 0.0418673 0.0265135
internal_weight=249.451 227.233 173.503 152.232 53.7487 29.6484 17.7068 98.4834 53.7291 86.3762 13.8054 12.8812 22.3746 21.2714
internal_count=2417 2367 1921 1784 899 363 310 885 446 868 303 302 82 137
is_linear=0
shrinkage=0.06


Tree=94
num_leaves=18
num_cat=0
split_feature=69 148 41 147 11 191 253 202 87 212 202 29 2 147 191 201 67
split_gain=8.06153 7.51155 8.12464 7.46192 11.7695 8.23238 10.9039 13.4533 12.1693 6.12284 5.00707 4.33839 3.2067 1.90289 2.65953 1.4008 0.132942
threshold=1.0000000180025095e-35 0.0086945743023091101 0.0050224925375225984 0.089898989898989909 0.046997025811610721 2.108333333333273 0.00061607261629805746 0.3698815966554993 1.277137377268059 0.23677319403885441 0.37580774743948403 5.4185554182270028 1.0000000180025095e-35 0.14644607843137258 2.3833333333333546 0.02062074829931973 0.045945967509809615
decision_type=2 2 2 2 2 2 2 2 2 2 2 2 2 2 2 2 2
left_child=1 2 3 4 5 6 7 8 9 12 14 15 -1 -4 -6 -5 -7
right_child=-2 -3 13 11 10 16 -8 -9 -10 -11 -12 -13 -14 -15 -16 -17 -18
leaf_value=0.012058116724241692 0.054463011618710963 0.050080752778492894 -0.058333823123876125 0.022151871760395039 -0.053555871786201366 0.021112290979698294 0.021112290979698294 0.021112290979698294 0.021112290979698294 0.021112290979698294 0.021112290979698294 0.022151871760395039 -0.040447153308973062 -0.010269194375565015 0.010839536670907779 0.050080752778492894 0.022151871760395039
leaf_weight=6.6332899853587142 10.513693183660505 10.578985363245009 6.9345059577026369 6.3103230060078213 19.029210564738641 32.749424516805448 33.3405158277601 7.6468552500009528 5.5845643579959861 3.6151831810129798 3.0483033359050742 14.34366473299451 32.190611588768661 5.9761147920507938 1.9127722159028042 9.6815373413264734 35.210076459916309
leaf_count=22 19 20 185 34 398 257 123 12 15 9 9 126 925 71 6 8 166
internal_value=0.00749937 0.00495409 0.00240087 0.00537368 0.000622854 0.00673598 -0.00526213 -0.0212419 -0.0341516 -0.0368162 -0.0368162 0.0319224 -0.0368162 -0.0404472 -0.0404472 0.0500808 0.0221519
internal_weight=245.3 234.786 224.207 211.296 180.961 156.971 89.011 55.6705 48.0236 42.4391 23.9903 30.3355 38.8239 12.9106 20.942 15.9919 67.9595
internal_count=2405 2386 2366 2110 1942 1529 1106 983 971 956 413 168 947 256 404 42 423
is_linear=0
shrinkage=0.06


Tree=95
num_leaves=13
num_cat=0
split_feature=143 10 53 89 250 197 34 250 155 10 207 213
split_gain=9.61511 14.9976 8.41749 4.85944 3.57833 2.97377 1.64006 1.38595 1.06278 0.848918 0.335891 0.221769
threshold=3.1999999999998869 0.17755359411239627 0.017211402280536581 1.0000000180025095e-35 1.7986420252709558 0.10819895194843414 51.29278230667115 2.6682629614642042 0.85431606761579015 0.17460774630308154 10.827611267150155 0.069188034188034209
decision_type=2 2 2 2 2 2 2 2 2 2 2 2
left_child=1 7 -3 9 6 -5 8 11 10 -2 -4 -1
right_child=3 2 4 5 -6 -7 -8 -9 -10 -11 -12 -13
leaf_value=-0.069204415486175744 0.0032011142148656935 -0.033542802367179242 -0.033542802367179242 0.016169745809900424 0.016169745809900424 0.056398993871829756 0.016169745809900424 -0.033542802367179242 0.014780360156888087 0.016169745809900424 0.0051225772498467116 -0.033542802367179242
leaf_weight=13.125306153029667 36.243287905293982 12.083429894351864 4.449884026660583 5.1061398561578306 29.048994810902514 16.070654551964253 1.083422318100929 3.6126651524100444 0.61601048707962025 123.13987202255521 0.83522494952194382 0.62035902030766088
leaf_count=310 304 215 122 52 171 50 2 32 1 1133 27 3
internal_value=0.00907231 -0.0103993 0.00725936 0.0161697 0.0161697 0.0440511 -0.024268 -0.0550415 -0.0335428 0.0161697 -0.0335428 -0.0656057
internal_weight=246.035 65.4753 48.117 180.56 36.0335 21.1768 6.98454 17.3583 5.90112 159.383 5.28511 13.7457
internal_count=2422 883 538 1539 323 102 152 345 150 1437 149 313
is_linear=0
shrinkage=0.06


Tree=96
num_leaves=11
num_cat=0
split_feature=203 60 118 31 99 197 41 251 256 231
split_gain=7.60624 6.90501 8.01808 19.2512 8.14282 11.8374 8.08215 5.28211 5.30134 0.747053
threshold=0.71015360546411166 17.000000000000004 0.0025886539797058124 6.0448877454206569 0.11805555555555557 0.10938896622464417 0.00062637024621666891 0.062069605530725581 0.057439061423714764 0.028333333333333339
decision_type=2 2 2 2 2 2 2 2 2 2
left_child=1 2 6 4 5 -4 -1 8 9 -8
right_child=-2 -3 3 -5 -6 -7 7 -9 -10 -11
leaf_value=-0.0055598869222982005 0.053028064941224209 0.053028064941224209 -0.0055598869222982005 -0.0055598869222982005 0.053028064941224209 0.053028064941224209 -0.068914534014662895 -0.0055598869222982005 -0.0055598869222982005 -0.0055598869222982005
leaf_weight=116.052133887948 10.874773591756819 8.3341773226857168 8.7908019870519656 32.515315714292228 31.24118589842692 9.5346359335817379 15.472877908730887 3.9135371893644324 2.2330108955502501 0.66489977785386223
leaf_count=1154 21 12 130 579 100 22 358 14 6 9
internal_value=0.00810545 0.00552875 0.00325083 0.017879 0.041779 0.00786197 -0.00555989 -0.0402106 -0.0542204 -0.0665106
internal_weight=239.627 228.753 220.418 82.0819 49.5666 18.3254 138.336 22.2843 18.3708 16.1378
internal_count=2405 2384 2372 831 252 152 1541 387 373 367
is_linear=0
shrinkage=0.06


Tree=97
num_leaves=17
num_cat=0
split_feature=95 202 148 69 161 31 195 144 130 222 151 118 144 77 195 32
split_gain=9.52934 10.5599 9.97085 9.70721 10.5585 13.247 13.6986 17.9031 11.8779 12.7897 9.07889 2.4056 1.77195 1.32403 0.762659 0.719155
threshold=0.74482001456456148 0.3698815966554993 0.0086945743023091101 1.0000000180025095e-35 31.658947854783417 6.0993980531422194 0.014733014977208596 0.0011771630823920239 0.0026308503832964546 0.093687668811012967 0.37483850450928297 0.0026808585890924046 0.003637381370378852 0.027653250017392803 0.019960159362549804 8.5000000000000018
decision_type=2 2 2 2 2 2 2 2 2 2 2 2 2 2 2 2
left_child=1 2 3 4 5 6 7 -1 9 10 13 -8 15 -9 -14 -7
right_child=-2 -3 -4 -5 -6 12 11 8 -10 -11 -12 -13 14 -15 -16 -17
leaf_value=-0.041601592157762803 0.046922312645916488 0.046397162669873232 0.046397162669873232 0.046397162669873232 0.043049756627091366 -0.065409640922849982 0.02692515528363746 -0.041601592157762803 0.02692515528363746 0.02692515528363746 0.02692515528363746 0.043049756627091366 -0.041601592157762803 0.02692515528363746 0.0093687892437239288 -0.041601592157762803
leaf_weight=28.298243587021716 14.145856671035288 13.730219919234512 9.7971288785338384 7.6852811872959128 10.213417248334734 26.034764120297051 10.996689483989035 18.039057371206596 34.554246598854661 9.107456910889594 4.0913769137114278 14.229228271171449 7.8386192976031479 1.6947723925113667 8.8023345097899419 3.2794276538770637
leaf_count=477 40 35 21 14 21 859 70 345 208 26 6 29 106 4 59 58
internal_value=0.00251459 -0.000917241 -0.0046924 -0.00802822 -0.0111201 -0.014904 -0.00425381 -0.0146698 0.003098 -0.0220126 -0.0416016 0.0334688 -0.0416016 -0.0416016 -0.0416016 -0.0593286
internal_weight=222.538 208.392 194.662 184.865 177.18 166.966 121.011 95.7852 67.4869 32.9327 23.8252 25.2259 45.9551 19.7338 16.641 29.3142
internal_count=2378 2338 2303 2282 2268 2247 1165 1066 589 381 355 99 1082 349 165 917
is_linear=0
shrinkage=0.06


Tree=98
num_leaves=17
num_cat=0
split_feature=218 239 243 25 204 215 165 139 133 60 11 0 144 173 0 173
split_gain=8.58863 9.50119 10.4066 11.9556 13.7591 17.0096 18.6997 13.5388 14.0166 9.56976 6.98232 4.58279 4.2084 2.77684 1.73529 1.71993
threshold=0.048312543312543317 1.7466666666666926 0.011812447556494316 0.0054141994489066087 0.38644135835051091 0.053589743589743603 0.16333333333333336 9.2000000000000011 0.31666666666666671 21.000000000000004 0.030051196925932219 63.125000000000007 0.0072064945728289222 0.49137931034482768 30.391666666666669 0.68333333333333346
decision_type=2 2 2 2 2 2 2 2 2 2 2 2 2 2 2 2
left_child=1 2 -1 4 5 6 7 8 9 10 13 -7 15 14 -4 -12
right_child=-2 -3 3 -5 -6 11 -8 -9 -10 -11 12 -13 -14 -15 -16 -17
leaf_value=0.039691335803758061 0.043423510609020437 0.042246192556161556 0.015010934839462482 0.038483698782505231 0.038483698782505231 0.015010934839462482 0.015010934839462482 0.015010934839462482 0.015010934839462482 0.015010934839462482 -0.075824935713485531 0.038483698782505231 -0.019822232838053771 0.015010934839462482 -0.019822232838053771 -0.019822232838053771
leaf_weight=14.726642737630753 14.249894611537455 14.194660608074626 3.6812123283743805 14.815527259022927 9.8571128356270474 23.337226935022045 21.781173261231743 5.2271453142166129 8.2834938596934062 2.5761679410934439 55.671837294910802 13.800502482336013 3.8390357811003915 3.6084665749222049 6.7910501018632203 0.57311367988586326
leaf_count=81 20 72 10 79 23 237 174 16 35 2 1497 52 20 10 84 1
internal_value=0.00144774 -0.00189755 -0.00562899 -0.00987595 -0.0148033 -0.0195845 -0.0311146 -0.0429935 -0.0492686 -0.0571907 -0.061459 0.0150109 -0.0702637 -0.0198222 -0.0198222 -0.0744633
internal_weight=217.014 202.764 188.57 173.843 159.028 149.17 112.033 90.2515 85.0244 76.7409 74.1647 37.1377 60.084 14.0807 10.4723 56.245
internal_count=2413 2393 2321 2240 2161 2138 1849 1675 1659 1624 1622 289 1518 104 94 1498
is_linear=0
shrinkage=0.06


Tree=99
num_leaves=12
num_cat=0
split_feature=31 159 111 203 12 29 213 95 0 10 159
split_gain=6.17716 17.3114 5.76528 10.2045 8.4649 4.29632 2.34033 1.4159 0.947779 0.793996 0.0823571
threshold=6.717869808135533 16.462686842047813 22.359986482347765 0.37815910996617502 31.500000000000004 10.315596439588248 0.006968725718725719 0.9840418849817999 41.891666666666673 0.18718697130680087 14.17881577069477
decision_type=2 2 2 2 2 2 2 2 2 2 2
left_child=2 -2 10 -4 -5 -3 8 -7 -6 -8 -1
right_child=1 5 3 4 6 7 9 -9 -10 -11 -12
leaf_value=0.0046551107416828571 -0.055218238229259226 0.012888582152449901 0.012888582152449901 0.012888582152449901 0.042724572648569471 -0.046258946666382278 0.051723963564219183 0.012888582152449901 0.012888582152449901 0.10179731397043509 0.012888582152449901
leaf_weight=133.61501949484227 17.424545607587788 18.237452620582204 18.940478287404403 5.5728874093620098 4.5298517383635106 4.5726115434663361 11.71813795110211 0.66281756758689869 2.6936574028804898 7.8866450940258792 2.1807905212044707
leaf_count=1081 632 147 202 69 11 143 38 2 48 9 8
internal_value=0.00828349 -0.0124069 0.0128886 0.0327713 0.0540045 0.0128886 0.0684396 -0.0363815 0.0278642 0.0794264 0.0128886
internal_weight=228.035 40.8974 187.137 51.3417 32.4012 23.4729 26.8283 5.23543 7.22351 19.6048 135.796
internal_count=2390 924 1466 377 175 292 106 145 59 47 1089
is_linear=0
shrinkage=0.06


Tree=100
num_leaves=16
num_cat=0
split_feature=95 31 30 29 23 44 14 269 53 93 94 207 0 0 40
split_gain=6.28468 10.2487 11.4309 13.2618 10.7414 8.19699 6.3552 5.42784 4.78081 3.11895 2.18261 3.07453 0.408642 2.79138 0.257352
threshold=0.74482001456456148 8.1330462805784389 48.611856460571296 5.4419122218424212 0.060424327130976556 5.0000000000000009 0.56581687489074473 1.0000000180025095e-35 0.01374388817448036 1.3550666813353383 3.1500000000000008 10.827611267150155 38.07500000000001 28.008333333333336 14.500000000000002
decision_type=2 2 2 2 2 2 2 2 2 2 2 2 2 2 2
left_child=1 2 3 7 -4 6 -6 9 -8 12 11 -10 13 -1 -15
right_child=-2 -3 4 -5 5 -7 8 -9 10 -11 -12 -13 -14 14 -16
leaf_value=0.0051936530632862628 0.04872235255921243 -0.052240947733103588 0.0051936530632862628 -0.051713645001126858 0.0051936530632862628 0.0051936530632862628 0.0051936530632862628 -0.050522659197090966 0.0051936530632862628 -0.041692295703195256 0.04872235255921243 0.04872235255921243 0.0051936530632862628 -0.041692295703195256 -0.0052693231073991055
leaf_weight=3.1471371627412719 12.285900086164473 7.9366862329188725 36.589504434086848 16.450148784148041 11.555169351515358 13.988499000726732 4.1046043138485393 4.3119343558792016 5.9917543816845846 3.8930277491454026 49.893999456835445 4.1751699447631836 55.749576740898192 3.4803463200805709 1.3772335629910228
leaf_count=16 35 419 421 285 185 216 43 69 66 129 155 3 322 49 10
internal_value=0.0100482 0.00749929 0.0101693 -0.00630472 0.0216197 0.0334727 0.0415806 0.00519365 0.0487224 0.00519365 0.0487224 0.0148145 0.00519365 -0.0215063 -0.0416923
internal_weight=234.931 222.645 214.708 88.4094 126.299 89.7092 75.7207 71.9593 64.1655 67.6473 60.0609 10.1669 63.7543 8.00472 4.85758
internal_count=2423 2388 1969 880 1089 668 452 595 267 526 224 69 397 75 59
is_linear=0
shrinkage=0.06


Tree=101
num_leaves=20
num_cat=0
split_feature=31 13 29 111 60 67 0 165 239 239 68 191 250 243 60 85 205 111 32
split_gain=7.05007 6.57899 12.6891 7.16022 6.48853 11 10.4923 5.93284 2.70516 2.2078 2.41734 1.88743 1.46502 1.23136 0.986918 0.563178 0.359152 0.34452 0.108179
threshold=7.8163671393615273 0.11561046999196047 6.1632782370507648 22.359986482347765 13.000000000000002 0.042231344125714131 50.658333333333339 0.19615384615384621 1.703333333333352 1.5600000000000074 26.500000000000004 2.0666666666666775 2.9870305062534714 0.011812447556494316 23.000000000000004 0.012640242986652351 0.037749287749287756 32.037002992630015 13.500000000000002
decision_type=2 2 2 2 2 2 2 2 2 2 2 2 2 2 2 2 2 2 2
left_child=1 2 3 4 5 11 7 8 -7 10 15 -1 18 -3 17 -8 -15 -4 -2
right_child=12 13 14 -5 -6 6 9 -9 -10 -11 -12 -13 -14 16 -16 -17 -18 -19 -20
leaf_value=-0.026486877336482525 -0.054029694812434713 0.054003477498918907 -0.026486877336482525 0.032247090798987299 0.032247090798987299 -0.020819252307728891 -0.020819252307728891 0.032247090798987299 0.032247090798987299 0.032247090798987299 0.032247090798987299 -0.020819252307728891 -0.026486877336482525 0.032247090798987299 0.017577736655478085 0.0050937842735235923 0.054003477498918907 0.0087931212159834422 -0.026486877336482525
leaf_weight=19.266312839172315 9.1648664682288494 11.758941116742788 22.123462552670443 32.427441219100729 12.615920717827974 13.678623572457587 2.524570917710661 5.669685306493192 2.5487168282270423 31.360962011036463 2.235536590218544 23.510787839069963 4.1313448683358738 36.070424511097372 0.76519292593002219 2.3925418499857187 7.404151549562811 1.0718943637330074 1.0117312720976777
leaf_count=351 464 28 463 241 24 208 35 17 6 133 3 198 22 179 1 11 10 10 12
internal_value=0.0119407 0.0145681 0.00859217 0.0152289 0.00763398 0.0019106 0.0181571 -0.0145091 -0.0208193 0.0322471 -0.00205711 -0.0208193 -0.0264869 0.0322471 -0.0264869 -0.0208193 0.0322471 -0.0264869 -0.049904
internal_weight=241.733 227.425 172.192 148.231 115.804 103.188 60.4106 21.897 16.2273 38.5136 7.15265 42.7771 14.3079 55.2335 23.9605 4.91711 43.4746 23.1954 10.1766
internal_count=2416 1918 1701 1227 986 962 413 231 214 182 49 549 498 217 474 46 189 473 476
is_linear=0
shrinkage=0.06


Tree=102
num_leaves=20
num_cat=0
split_feature=239 55 31 112 77 59 149 23 0 0 261 250 33 25 23 197 163 112 0
split_gain=7.82036 12.7351 8.23548 8.93563 8.06873 9.70936 8.20555 14.7265 6.41155 5.95368 4.23101 4.0081 2.28389 2.12559 1.46649 1.42111 0.922559 0.126778 0.0521872
threshold=1.7466666666666926 0.10808319972846936 7.8163671393615273 0.0031266496783738168 0.0042074257251220153 0.38327486934090488 0.11470697093755008 0.063017605910743388 47.50833333333334 72.108333333333334 0.084978313492272431 2.0234722784298342 2.2245345229178919 0.0041797328814388414 0.12374552931217331 0.10819895194843414 0.80673457838143758 0.015001523401571923 49.650000000000006
decision_type=2 2 2 2 2 2 2 2 2 2 2 2 2 2 2 2 2 2 2
left_child=1 -1 3 4 5 14 7 13 -9 10 11 -8 -13 16 -3 -14 -7 -4 -10
right_child=-2 2 17 -5 -6 6 9 8 18 -11 -12 12 15 -15 -16 -17 -18 -19 -20
leaf_value=-0.058888953869488329 0.044475175250324482 -0.042272081854839327 -0.050601144676662914 0.044475175250324482 0.044475175250324482 -0.042272081854839327 0.017446994764129847 0.017446994764129847 -0.0042549091046321852 -0.024817879733810003 0.017446994764129847 0.017446994764129847 0.017446994764129847 -0.024817879733810003 -0.024817879733810003 0.044475175250324482 -0.024817879733810003 -0.019485421240085555 -0.024817879733810003
leaf_weight=10.181667061726328 13.791198634309692 12.328274413477631 6.1175398028863057 16.206117196707055 10.844346954487262 16.71480475633874 18.229142832744401 20.611453329212967 1.3576347809284826 5.3930262485519043 10.272799845784901 2.2060514290351412 5.8597171381115905 6.3091026853071517 4.4855503533035508 35.823398862034082 5.4965717289596787 4.6774006625637412 9.9428678585682047
leaf_count=211 72 361 347 55 45 329 194 124 9 81 114 56 26 46 36 72 24 100 114
internal_value=0.00380269 0.000633464 0.0043477 0.00754088 0.00311071 -0.000684016 0.00475523 -0.0116163 0.0160252 0.017447 0.0223042 0.0340127 0.0441141 -0.0411491 -0.0411491 0.0444752 -0.0411491 -0.0422721 -0.0248179
internal_weight=216.849 203.057 192.876 182.081 165.875 155.03 138.217 60.4324 31.912 77.7841 72.3911 62.1183 43.8892 28.5205 16.8138 41.6831 22.2114 10.7949 11.3005
internal_count=2416 2344 2133 1686 1631 1586 1189 646 247 543 462 348 154 399 397 98 353 447 123
is_linear=0
shrinkage=0.06


Tree=103
num_leaves=13
num_cat=0
split_feature=173 4 111 165 14 20 60 77 29 21 92 47
split_gain=8.3125 8.91355 9.01043 13.0273 13.5708 18.9238 6.98568 6.26446 5.55015 4.64668 3.60016 1.19978
threshold=0.58477011494252884 1.5000000000000002 22.359986482347765 0.16333333333333336 0.60286422806864548 47.500000000000007 13.000000000000002 0.027653250017392803 5.4288573017845048 0.35883314333457933 3539.5000000000005 0.066545349190354722
decision_type=2 2 2 2 2 2 2 2 2 2 2 2
left_child=1 -1 3 4 5 6 7 10 9 -4 -3 -6
right_child=-2 2 8 -5 11 -7 -8 -9 -10 -11 -12 -13
leaf_value=0.045772895831159441 0.045837834941092087 -0.074398102418080189 0.014972980275228705 0.014972980275228705 0.0099114071857545408 0.0099114071857545408 0.0099114071857545408 0.0099114071857545408 0.014972980275228705 0.045772895831159441 0.0061532744974621021 0.014972980275228705
leaf_weight=15.148212377447633 17.05793185159564 35.69929303257959 6.9511165160220143 20.025688122725114 11.685760514461444 12.32262627838645 3.6976431235671035 1.6197701692581166 66.449625495966757 11.327811103779821 1.8001301321201015 18.422257001977414
leaf_count=33 42 841 83 100 102 53 10 5 1019 36 15 52
internal_value=0.00790933 0.00434352 0.000598104 -0.0110349 -0.0220991 -0.039313 -0.0580131 -0.0652219 0.014973 0.0457729 -0.0704155 0.00991141
internal_weight=222.208 205.15 190.002 105.273 85.2475 55.1395 42.8168 39.1192 84.7286 18.2789 37.4994 30.108
internal_count=2391 2349 2316 1178 1078 924 871 861 1138 119 856 154
is_linear=0
shrinkage=0.06


Tree=104
num_leaves=11
num_cat=0
split_feature=258 166 43 44 239 69 21 201 25 14
split_gain=7.34283 6.90262 12.3089 11.9118 6.34083 4.02163 2.27787 2.15679 0.526328 0.417143
threshold=1.0000000180025095e-35 0.0043813210033138731 0.050606002483415187 5.0000000000000009 1.7466666666666926 1.0000000180025095e-35 0.54210048228403163 0.62916666666666676 0.0054141994489066087 0.76096272239447071
decision_type=2 2 2 2 2 2 2 2 2 2
left_child=1 2 4 -4 5 6 8 9 -1 -5
right_child=-2 -3 3 7 -6 -7 -8 -9 -10 -11
leaf_value=0.0037399343678277321 0.050074981423126025 0.041876297177521532 0.0037399343678277321 -0.067966016957169681 0.041876297177521532 0.041876297177521532 0.041876297177521532 0.0037399343678277321 0.033308075670532566 -0.0049953968229819786
leaf_weight=127.29636177391512 9.287870556348933 11.492234503384678 7.4955081162042942 18.222603878530229 13.027654089615679 6.3933069333434096 5.9588558524847022 0.65432510524988075 14.338080809568053 0.72386759566143055
leaf_count=1661 32 37 84 432 62 12 12 2 69 14
internal_value=0.00295843 0.000368092 -0.00249139 -0.0385166 0.00373993 0.00373993 0.00373993 -0.0625303 0.00373993 -0.0662668
internal_weight=214.891 205.603 194.111 27.0963 167.014 153.987 147.593 19.6008 141.634 18.9465
internal_count=2417 2385 2348 532 1816 1754 1742 448 1730 446
is_linear=0
shrinkage=0.06


Tree=105
num_leaves=11
num_cat=0
split_feature=69 29 118 31 127 77 31 14 203 10
split_gain=6.71825 6.99038 8.53171 11.2315 7.7208 5.34282 5.10208 3.04327 3.55241 2.52426
threshold=1.0000000180025095e-35 5.367968972742343 0.0024972260742552902 5.8216338324208277 0.31666666666666671 0.00063464797326483744 1.0000000180025095e-35 0.77885917251981385 0.78158123251550415 0.18718697130680087
decision_type=2 2 2 2 2 2 2 2 2 2
left_child=1 2 6 9 5 7 -1 8 -3 -4
right_child=-2 4 3 -5 -6 -7 -8 -9 -10 -11
leaf_value=0.035254262961064549 0.05213014027940762 -0.069560971976355038 0.035254262961064549 -0.00013664133984545737 -0.00013664133984545737 -0.00013664133984545737 -0.00013664133984545737 -0.00013664133984545737 -0.00013664133984545737 0.05213014027940762
leaf_weight=12.664488177746533 8.8280029743909818 13.726091790624199 20.323036183719523 4.9046799540519705 85.728530643566046 4.6442656037397674 43.291208655573428 1.9005833053961385 1.0295753479003913 14.603448369074611
leaf_count=30 19 429 124 89 1104 61 511 23 2 19
internal_value=0.00605774 0.00356287 0.0151819 0.0356795 -0.00692349 -0.0376656 -0.000136641 -0.0529572 -0.0614582 0.0503425
internal_weight=211.644 202.816 95.7869 39.8312 107.029 21.3005 55.9557 16.6563 14.7557 34.9265
internal_count=2411 2392 773 232 1619 515 541 454 431 143
is_linear=0
shrinkage=0.06


Tree=106
num_leaves=16
num_cat=0
split_feature=145 250 159 243 14 14 173 159 253 254 155 0 173 77 89
split_gain=5.96196 8.20449 7.86134 8.28698 6.19313 5.5467 3.94287 2.2078 2.1043 3.54414 4.12565 2.01736 1.70754 1.64204 0.0473992
threshold=0.11238738738738741 1.733333333333358 8.0213219288852233 0.036512375338330801 0.54790498673059174 0.71540907173677382 0.58477011494252884 13.251488336281303 0.0013925658972033881 0.0035105003498519124 0.82955144385271007 62.958333333333343 0.65000000000000002 0.011377188637598644 1.0000000180025095e-35
decision_type=2 2 2 2 2 2 2 2 2 2 2 2 2 2 2
left_child=11 7 14 4 6 12 13 8 9 10 -2 -1 -5 -4 -3
right_child=1 2 3 5 -6 -7 -8 -9 -10 -11 -12 -13 -14 -15 -16
leaf_value=0.033045060365555268 -0.065573607054811939 -0.018485113516174614 -0.010081686419842594 -0.010081686419842594 0.033045060365555268 0.033045060365555268 0.033045060365555268 -0.010081686419842594 -0.018485113516174614 -0.018485113516174614 -0.018485113516174614 0.06705238511924759 0.030414188062315526 0.033045060365555268 -0.010081686419842594
leaf_weight=9.8985265463124978 16.424008196743682 10.38398957101162 8.7813805268378839 48.327066910162102 82.445350597030483 10.755505014443768 3.4288591742515573 11.281389838055473 4.8918356336653224 2.4812932386994353 2.0532897375524035 7.3455597758293143 1.8724078685045231 2.7187612652778634 2.5352812437340626
leaf_count=41 526 132 220 674 451 73 3 221 20 6 7 6 4 5 6
internal_value=0.00944157 0.00642329 0.0119752 0.0159151 0.0265993 -0.0014555 -0.0014555 -0.0184851 -0.0298783 -0.041227 -0.0536463 0.0414568 -0.0100817 -0.0100817 -0.0184851
internal_weight=225.625 208.38 171.249 158.329 97.3744 60.955 14.929 37.1318 25.8504 20.9586 18.4773 17.2441 50.1995 11.5001 12.9193
internal_count=2395 2348 1568 1430 679 751 228 780 559 539 533 47 678 225 138
is_linear=0
shrinkage=0.06


Tree=107
num_leaves=20
num_cat=0
split_feature=148 139 110 0 29 253 187 251 21 162 0 94 166 191 60 163 175 30 0
split_gain=6.83934 7.30585 6.89139 14.1177 8.71479 7.30847 13.0887 10.0109 12.4929 4.95643 4.58551 4.42578 4.25417 4.56147 3.26016 2.40986 0.367159 0.113931 0.0443066
threshold=0.0086945743023091101 9.2000000000000011 0.0074831633491122497 38.07500000000001 4.2398332679286144 0.00030571693471807875 0.6083333333333335 0.039052802403244082 0.54210048228403163 0.1475222918163335 62.958333333333343 5.0500000000000007 0.0043813210033138731 2.6333333333333488 13.000000000000002 0.76417112299465251 0.19433516915814322 50.445163726806648 69.700000000000017
decision_type=2 2 2 2 2 2 2 2 2 2 2 2 2 2 2 2 2 2 2
left_child=1 2 3 9 10 6 7 8 12 11 15 14 13 -6 -1 -5 -9 -4 -7
right_child=-2 -3 17 4 5 18 -8 16 -10 -11 -12 -13 -14 -15 -16 -17 -18 -19 -20
leaf_value=-0.072256789835473414 0.050551054084598174 0.049836655211298382 0.036645837751220052 0.011413056890347698 -0.069421727290750398 0.011413056890347698 0.011413056890347698 0.0092305264619277835 0.0092305264619277835 0.023445452649223087 0.036645837751220052 0.023445452649223087 0.0092305264619277835 0.0092305264619277835 0.014392541299137909 0.036645837751220052 0.011413056890347698 0.049836655211298382 0.018113719442105713
leaf_weight=16.243645722890516 8.7062187790870649 8.5847373828291875 4.5715586673468325 8.282388971885668 32.43161158208386 45.476447048713453 19.574795780819841 4.6814957041060525 4.1983642876148215 1.9685858488082875 14.364760318305342 1.2198430746793736 1.9618736235424865 1.2201731614768494 1.0534638799726952 7.70804337412119 9.6440132140414772 9.2261010000947845 7.3547868214081964
leaf_count=419 20 30 27 99 1054 262 204 87 7 4 36 3 9 5 6 14 51 35 40
internal_value=0.00382765 0.00131046 -0.00136193 -0.00469394 0.00165738 -0.0053695 -0.0173817 -0.0328842 -0.047755 -0.0491594 0.029472 -0.0584112 -0.0601239 -0.0649926 -0.0660348 0.0114131 0.00923053 0.0366458 0.0114131
internal_weight=208.473 199.767 191.182 177.384 156.899 126.544 73.7123 54.1375 39.812 20.4855 30.3552 18.517 35.6137 33.6518 17.2971 15.9904 14.3255 13.7977 52.8312
internal_count=2412 2392 2362 2300 1868 1719 1417 1213 1075 432 149 428 1068 1059 425 113 138 62 302
is_linear=0
shrinkage=0.06


Tree=108
num_leaves=16
num_cat=0
split_feature=145 92 147 120 211 106 16 253 243 77 94 70 134 159 243
split_gain=5.6272 6.90099 9.0095 10.6587 10.4569 7.94273 8.08116 6.34729 5.20766 4.61218 4.58163 4.52995 2.22419 0.352951 0.156628
threshold=0.11238738738738741 1562.5000000000002 0.089898989898989909 0.0068678353463729027 0.36188623309245882 0.14758666468150577 4.5000000000000009 0.0023130800305710235 0.030158743032271489 0.027653250017392803 4.8500000000000005 1.0000000180025095e-35 0.00053031022058177364 16.04779415211657 0.0054144903604342052
decision_type=2 2 2 2 2 2 2 2 2 2 2 2 2 2 2
left_child=12 2 3 4 5 6 7 9 -4 10 11 -2 -1 -10 -5
right_child=1 -3 8 14 -6 -7 -8 -9 13 -11 -12 -13 -14 -15 -16
leaf_value=0.030214197548379156 -0.072188915483435367 0.030214197548379156 0.030214197548379156 0.023577003078694987 0.0086184139178254061 0.0086184139178254061 0.0086184139178254061 0.0086184139178254061 0.0086184139178254061 0.0086184139178254061 0.0086184139178254061 0.0086184139178254061 0.063845504209921369 0.030214197548379156 0.0086184139178254061
leaf_weight=9.1851694853976387 37.653520591527922 23.108036941324826 21.006800602655858 1.1838406240567554 17.671136427437887 8.0285999033367244 3.7702984781935802 1.8113731145858754 16.281807218358171 1.3247677981853474 1.2200669273734082 1.0839340686798085 7.1721864342689505 4.5814212104305616 52.558938715781551
leaf_count=40 1110 164 65 3 68 59 26 1 273 4 4 1 4 19 536
internal_value=0.00391237 0.000858033 -0.00348329 -0.0114713 -0.0261825 -0.0388323 -0.048036 -0.0556197 0.0200381 -0.0608841 -0.0647464 -0.0685316 0.0356452 0.00861841 0.00861841
internal_weight=207.642 191.285 168.177 126.306 72.5637 54.8926 46.864 43.0937 41.87 41.2823 39.9575 38.7375 16.3574 20.8632 53.7428
internal_count=2377 2333 2169 1812 1273 1205 1146 1120 357 1119 1115 1111 44 292 539
is_linear=0
shrinkage=0.06


Tree=109
num_leaves=15
num_cat=0
split_feature=201 147 258 145 250 45 250 60 242 243 165 139 14 0
split_gain=5.83812 5.34216 5.69792 6.23037 10.1348 8.25713 7.74353 6.71933 4.70198 5.00295 2.11219 1.35187 0.976023 0.49411
threshold=0.82758620689655182 0.30949612403100779 1.0000000180025095e-35 0.11238738738738741 1.348981518953223 0.0019927762172371796 2.8665857277755635 13.000000000000002 2.6059259574205367 0.062505232460227655 0.25833333333333336 6.9000000000000012 0.7385331306876376 62.958333333333343
decision_type=2 2 2 2 2 2 2 2 2 2 2 2 2 2
left_child=1 2 3 13 -5 6 10 8 -7 -10 11 -6 -11 -1
right_child=-2 -3 -4 4 5 7 -8 -9 9 12 -12 -13 -14 -15
leaf_value=0.035511663623267534 0.050761413374405186 0.049014217660757788 0.048065582818809897 -0.057375663010548764 -0.057375663010548764 0.0063467103903101446 0.0063467103903101446 0.035511663623267534 0.035511663623267534 0.0063467103903101446 0.0063467103903101446 0.0063467103903101446 0.035511663623267534 0.048065582818809897
leaf_weight=7.9183296218980086 8.7771562561392766 7.6209355965256682 7.680606697453185 9.3377778182330058 12.954764441645231 99.456331033288734 5.4700765125453463 15.377641151659189 20.365281025879089 5.5216881867963803 0.73490863549523133 0.52843073382973749 4.2112409295514226 7.1046140044927597
leaf_count=34 21 20 25 318 382 1324 26 38 62 118 4 2 19 5
internal_value=0.00766262 0.00533664 0.00316767 0.000858673 -0.00250357 0.00126029 -0.0333152 0.00634671 0.00634671 0.0316464 -0.0555198 -0.0573757 0.00634671 0.0355117
internal_weight=213.06 204.283 196.662 188.981 173.958 164.62 19.6882 144.932 129.555 30.0982 14.2181 13.4832 9.73293 15.0229
internal_count=2398 2377 2357 2332 2293 1975 414 1561 1523 199 388 384 137 39
is_linear=0
shrinkage=0.06


Tree=110
num_leaves=15
num_cat=0
split_feature=53 218 191 165 17 173 258 69 92 191 235 165 134 235
split_gain=7.78844 7.50101 7.97303 8.83308 12.7557 10.8632 10.7569 7.15875 2.67784 1.9474 3.31682 1.93294 1.90615 0.410579
threshold=0.01374388817448036 0.048312543312543317 2.1666666666665537 0.16333333333333336 0.12639347976368212 0.59411764705882364 1.0000000180025095e-35 0.00030406643102904587 1562.5000000000002 2.8416666666666663 0.18389967637540455 0.91666666666666685 0.0023513762157715257 2.2383333333333337
decision_type=2 2 2 2 2 2 2 2 2 2 2 2 2 2
left_child=9 2 3 4 5 6 7 10 -4 11 -2 12 -1 -12
right_child=1 -3 8 -5 -6 -7 -8 -9 -10 -11 13 -13 -14 -15
leaf_value=-0.060451634279318114 -0.036270833906716024 0.04886688640483336 0.021637900884987609 0.021637900884987609 0.021637900884987609 0.021637900884987609 0.021637900884987609 0.021637900884987609 0.04886688640483336 0.021261058801556917 0.00067101173353149369 0.019744079664642474 -0.036270833906716024 0.021637900884987609
leaf_weight=14.89559216800266 52.658538144547492 10.784933164715765 35.460835458128713 20.32334130757954 17.397047865728382 7.063467849045991 5.1172847079578778 4.2277761027216902 10.836148377973585 1.0469532385468472 7.6726874401792866 0.93338918685912986 4.9381371620111159 1.4887003898620603
leaf_count=382 1263 14 328 144 103 19 15 5 27 3 88 2 18 5
internal_value=0.000239399 0.00461705 0.00111641 -0.00730554 -0.0150695 -0.0255178 -0.0319559 -0.0319559 0.0216379 -0.0319559 -0.0319559 -0.0362708 -0.040474 0.00880626
internal_weight=194.845 173.031 162.246 115.949 95.6255 78.2285 71.165 66.0477 46.297 21.8141 61.8199 20.7671 19.8337 9.16139
internal_count=2416 2011 1997 1642 1498 1395 1376 1361 355 405 1356 402 400 93
is_linear=0
shrinkage=0.06


Tree=111
num_leaves=15
num_cat=0
split_feature=69 86 21 219 144 95 5 23 169 262 250 124 262 149
split_gain=4.998 5.17225 5.16886 5.65033 7.40694 17.4347 7.70215 6.56418 4.66991 2.86822 1.07401 0.486874 0.142324 0.108303
threshold=1.0000000180025095e-35 73.500000000000014 0.54210048228403163 0.090127012258159819 0.0011771630823920239 0.68787090564819808 0.0030142599879322439 0.063070286780540122 0.70135135135135152 0.22072762599812415 3.2019155537569763 0.026884112084194639 0.054169958933901481 0.10805342630391905
decision_type=2 2 2 2 2 2 2 2 2 2 2 2 2 2
left_child=1 2 3 4 5 6 8 12 10 -9 -1 -8 -5 -11
right_child=-2 -3 -4 7 -6 -7 11 9 -10 13 -12 -13 -14 -15
leaf_value=-0.072453181283489418 0.049784693819877823 0.048070719375165584 0.047744887951836151 0.02295220416573646 0.0046223667795597312 0.0046223667795597312 0.00047345348024384619 0.047744887951836151 0.00047345348024384619 0.0046223667795597312 0.00047345348024384619 0.0046223667795597312 0.0046223667795597312 0.017392214775152383
leaf_weight=23.499214429466534 7.1444046869873992 7.2843887358903876 6.5649308413267127 6.8044996206881478 103.26607721485198 14.997169868554918 5.2384302314603683 11.66611462971195 2.8614240586757651 1.5505249268899213 0.55588069371879001 3.9164363362360746 7.8206369010731578 2.490466388175264
leaf_count=713 15 29 15 39 1179 30 134 39 12 28 6 15 132 12
internal_value=0.00636887 0.00432539 0.00217875 6.46755e-05 -0.00465806 -0.022891 -0.0473864 0.0228963 -0.0625715 0.0477449 -0.070635 0.000473453 0.00462237 0.00462237
internal_weight=205.661 198.516 191.232 184.667 154.335 51.0686 36.0714 30.3322 26.9165 15.7071 24.0551 9.15487 14.6251 4.04099
internal_count=2398 2383 2354 2339 2089 910 880 250 731 79 719 149 171 40
is_linear=0
shrinkage=0.06


Tree=112
num_leaves=15
num_cat=0
split_feature=258 239 41 118 118 149 211 190 23 118 251 34 251 32
split_gain=5.45918 5.57658 5.55229 11.8926 7.56174 7.56835 7.17123 5.03502 3.90353 3.17511 1.46747 0.951 0.315783 0.0341783
threshold=1.0000000180025095e-35 1.4499999999999946 0.0018596005878793122 0.0025886539797058124 0.029641625514937434 0.11481235704074305 0.39299777828851606 0.98143931387825267 0.060803194148932448 0.0036514127447459838 0.004219416043501646 48.219173073768623 0.079268983361054993 3.5000000000000004
decision_type=2 2 2 2 2 2 2 2 2 2 2 2 2 2
left_child=1 -1 3 6 5 -4 7 -3 13 12 11 -11 -7 -9
right_child=-2 2 4 -5 -6 9 -8 8 -10 10 -12 -13 -14 -15
leaf_value=-0.049126957680824992 0.051995919706709616 0.0013987835654094818 -0.049126957680824992 0.051995919706709616 0.045945264972652167 -0.046097354576371305 0.038703490637495251 0.0013987835654094818 0.038703490637495251 -0.040356573929606773 0.0013987835654094818 0.0013987835654094818 -0.0009109698295460231 0.026657560545892349
leaf_weight=4.4926697871414936 7.6842076545581213 91.237660028564278 15.889873009989968 20.131995474803261 5.5403049995657048 2.6658589614089725 18.504058929160237 2.3059075442142811 12.421244363882577 3.0024911785149047 18.34768202516716 0.93719080835580815 0.72524209320545185 1.9065596743021158
leaf_count=64 29 1333 394 122 14 63 57 35 52 77 154 5 3 13
internal_value=0.00793541 0.0057238 0.00748582 0.0132095 -0.0101277 -0.0193672 0.00599668 0.00139878 0.0328367 0.00139878 0.0105521 -0.0337106 -0.0403566 0.00139878
internal_weight=205.793 198.109 193.616 146.507 47.1086 41.5683 126.375 107.871 16.6337 25.6785 22.2874 3.93968 3.3911 4.21247
internal_count=2415 2386 2322 1612 710 696 1490 1433 100 302 236 82 66 48
is_linear=0
shrinkage=0.06


Tree=113
num_leaves=22
num_cat=0
split_feature=60 0 0 197 12 0 144 191 266 191 41 143 239 139 107 145 0 155 0 0 0
split_gain=7.92903 6.16431 7.50671 5.57648 8.48991 4.60418 4.52488 3.65253 3.22567 4.95738 3.03105 2.29802 1.83927 1.63633 1.38104 0.632304 0.818876 0.0972564 0.0499659 0.0285571 0.13603
threshold=19.000000000000004 72.108333333333334 69.700000000000017 0.1095337238845726 123.50000000000001 63.558333333333344 0.0036599101999944049 2.0999999999999264 1.0000000180025095e-35 2.2833333333333132 0.0021282269474635382 3.5000000000000018 1.5741666666667091 3.8500000000000001 0.95803735405206691 0.14852941176470591 55.708333333333343 0.35818858467268228 28.008333333333336 57.308333333333344 61.558333333333344
decision_type=2 2 2 2 2 2 2 2 2 2 2 2 2 2 2 2 2 2 2 2 2
left_child=1 2 3 5 -5 10 14 12 -4 -10 -1 15 -6 -7 -3 17 18 -12 -17 -18 -21
right_child=-2 6 8 4 7 13 -8 -9 9 -11 11 -13 -14 -15 -16 16 19 -19 -20 20 -22
leaf_value=-0.0024120314558552136 0.058917424167409846 -0.0609100389140763 0.058917424167409846 -0.0024120314558552136 -0.0024120314558552136 -0.055229503859544872 0.011385273888012968 0.058917424167409846 -0.046233259516427108 0.043415361243047845 -0.0060263527501458209 -0.0024120314558552136 0.033525271199047746 -0.0024120314558552136 0.0028264322289760706 -0.0061434116981894269 -0.0060263527501458209 -0.0024120314558552136 -0.046336948371360882 -0.022098382619670922 -0.0060263527501458209
leaf_weight=98.112248142904718 8.0163617990910989 7.8004497492802312 10.456170735124031 11.124258825206196 2.736033059423792 6.0615242705098344 5.0581199545413247 15.354099817923268 2.1335675232112399 2.803941247984767 1.6226908523822272 7.0792103841376948 3.4920853943331167 1.8116240869276223 1.2017739508301017 0.78571412459131984 1.1625332555267953 1.7220945422013754 11.381623222056076 0.85780662609613478 0.93653170322068036
leaf_count=1183 12 207 38 156 35 165 29 31 36 3 31 73 16 13 11 16 18 19 294 26 16
internal_value=0.00683208 0.00409633 0.00720772 0.00319778 0.0245973 -0.00241203 -0.0316019 0.0462723 0.044704 0.00251626 -0.00241203 -0.0235061 0.00506484 -0.0433996 -0.0534343 -0.0340915 -0.0388694 -0.00602635 -0.0449751 -0.00602635 -0.0128343
internal_weight=201.71 193.694 179.634 164.24 32.7065 131.534 14.0603 21.5822 15.3937 4.93751 123.66 25.5482 6.22812 7.87315 9.00222 18.469 15.1242 3.34479 12.1673 2.95687 1.79434
internal_count=2428 2416 2169 2092 238 1854 247 82 77 39 1676 493 51 178 218 420 370 50 310 60 42
is_linear=0
shrinkage=0.06


Tree=114
num_leaves=14
num_cat=0
split_feature=55 127 57 246 40 242 155 145 246 246 101 201 243
split_gain=11.2109 8.37103 8.93052 6.97731 4.41961 3.73041 5.78755 1.58821 0.730087 1.64226 0.580304 0.338409 0.267691
threshold=0.12633216581890053 0.46428571428571436 0.19933534134328693 1.5369913625059801 12.500000000000002 2.4427566360668949 0.42885966953777138 0.38315602836879442 1.8340376686259108 3.2869335835346898 0.13206024542450909 0.04210992907801419 0.036731928506366432
decision_type=2 2 2 2 2 2 2 2 2 2 2 2 2
left_child=7 2 3 4 11 -3 12 -1 -4 -10 -9 -2 -7
right_child=1 5 8 -5 -6 6 -8 10 9 -11 -12 -13 -14
leaf_value=-0.026453485606802808 -0.026453485606802808 0.019865518607619717 0.019865518607619717 -0.026453485606802808 0.019865518607619717 0.04484489010871149 0.070431744285135836 -0.060368442745199716 0.019865518607619717 -0.026453485606802808 -0.026453485606802808 0.0066785130012753354 0.019865518607619717
leaf_weight=30.571237084936001 3.2773558192420742 55.083056409435812 12.610015376005331 28.669497263996163 10.813802222255616 3.4741046885028499 12.177279270486904 7.2206468018121068 12.89834950189106 2.0217368889134368 1.4245567790057974 0.73199421353638161 7.6826830849749967
leaf_count=510 80 548 39 706 35 6 34 210 85 19 35 4 110
internal_value=0.00130499 0.00884261 -0.00601701 -0.0225533 0.0137635 0.022116 0.0438932 -0.0264535 0.0198655 0.0056534 -0.0523104 -0.0264535 0.0198655
internal_weight=188.656 149.44 71.0228 43.4926 14.8232 78.4171 23.3341 39.2164 27.5301 14.9201 8.6452 4.00935 11.1568
internal_count=2421 1666 968 825 119 698 150 755 143 104 245 84 116
is_linear=0
shrinkage=0.06


Tree=115
num_leaves=16
num_cat=0
split_feature=202 145 143 12 253 254 112 83 55 14 5 134 248 93 93
split_gain=5.41415 5.72387 8.55801 9.90295 6.87177 12.6021 9.07873 6.59905 4.64301 1.7085 1.24912 0.883513 0.728877 0.23073 0.111652
threshold=0.3698815966554993 0.11238738738738741 3.1999999999998869 31.500000000000004 0.00047506324208884297 0.00023188408602504382 0.0098091225880272553 0.087631590166200604 0.13651906515874276 0.72544458171249426 0.045328975350846588 0.00053031022058177364 5.1333451998506137 1.3140778528300516 1.3274580248162009
decision_type=2 2 2 2 2 2 2 2 2 2 2 2 2 2 2
left_child=1 11 8 -4 5 6 7 -5 9 10 -3 -1 13 -9 -15
right_child=-2 2 3 4 -6 -7 -8 12 -10 -11 -12 -13 -14 14 -16
leaf_value=0.032422628034828101 0.045477424222226934 -0.066264766452123869 -0.022165257957264525 -0.022165257957264525 0.032422628034828101 0.030544240377804059 0.030544240377804059 0.010059964240782385 -0.022165257957264525 -0.022165257957264525 -0.022165257957264525 0.045477424222226934 0.030544240377804059 0.004270362517317783 -0.017004042416381978
leaf_weight=10.584378303959967 9.8327212454751116 13.585450061829761 12.836741252802311 27.288127497362439 43.27990508521907 31.112703221704578 6.9990986390039316 2.0303962579928334 27.986297189287143 1.8050379076739762 0.6290207505226143 7.0949397385120383 4.8438948737457395 0.34976931812707313 0.71704295088420622
leaf_count=42 31 440 260 624 157 295 53 19 407 19 2 5 9 7 34
internal_value=0.0060661 0.00358879 0.00010851 0.00790194 0.0140382 0.00261659 -0.0184105 -0.0221653 -0.0221653 -0.0535041 -0.0612982 0.0342547 0.0305442 0.000859156 -0.0117928
internal_weight=200.976 191.143 173.463 129.458 116.621 73.341 42.2283 35.2292 44.0058 16.0195 14.2145 17.6793 7.9411 3.09721 1.06681
internal_count=2404 2373 2326 1458 1198 1041 746 693 868 461 442 47 69 60 41
is_linear=0
shrinkage=0.06


Tree=116
num_leaves=18
num_cat=0
split_feature=218 21 254 43 165 65 242 145 173 81 165 173 242 124 0 197 173
split_gain=4.82142 4.82973 5.0977 6.86308 8.57798 10.371 6.99165 11.4203 10.2601 8.66126 4.54958 4.21964 1.39924 1.37945 0.697345 0.418727 0.0300234
threshold=0.048312543312543317 0.54210048228403163 0.0035105003498519124 0.051302114573679169 0.085144927536231887 0.0008558742235418214 2.2627010624545805 0.11238738738738741 0.49137931034482768 0.0061406780896099715 0.16333333333333336 0.58477011494252884 4.178009399353817 0.022369938097351414 50.041666666666671 0.10789182578523955 0.56594202898550738
decision_type=2 2 2 2 2 2 2 2 2 2 2 2 2 2 2 2 2
left_child=1 2 3 4 5 11 7 -7 9 -9 -5 12 16 -10 -6 -11 -1
right_child=-2 -3 -4 10 14 6 -8 8 13 15 -12 -13 -14 -15 -16 -17 -18
leaf_value=-0.038408805193843272 0.040989386201839166 0.040989386201839166 0.040989386201839166 -0.054021483656052867 0.040989386201839166 0.032116067337321787 0.032116067337321787 -0.028197490155245097 0.019746089380906311 -0.013154204902404864 -0.0034659627976227352 0.019746089380906311 0.015994854993678049 0.032116067337321787 0.032116067337321787 0.019746089380906311 -0.0062343983766806393
leaf_weight=29.318142953576189 12.036465477198361 6.9250161647796622 7.4636282678693524 10.788124792859895 9.2848674910201314 14.55516182258725 29.898241897753906 23.12479942760547 7.9932728351559517 1.1736514825606699 13.436125948908737 4.035212129354476 0.7839483767747869 9.9723390105646086 12.749139921215827 7.4990771834272891 0.96490374952554603
leaf_count=632 21 19 23 341 35 27 260 547 66 46 169 12 5 21 146 46 5
internal_value=0.0070165 0.00445931 0.00230464 -1.88639e-05 0.0048319 -0.00126643 0.00914482 -0.00217984 -0.0162683 -0.0281975 -0.0283834 -0.0281975 -0.0355898 0.0197461 0.0377503 0.0197461 -0.0378334
internal_weight=202.002 189.966 183.041 175.577 151.353 129.319 94.2165 64.3183 49.7631 31.7975 24.2243 35.1022 31.067 17.9656 22.034 8.67273 30.283
internal_count=2421 2400 2381 2358 1848 1667 1013 753 726 639 510 654 642 87 181 92 637
is_linear=0
shrinkage=0.06


Tree=117
num_leaves=17
num_cat=0
split_feature=145 77 209 112 23 243 261 207 7 36 165 0 155 207 247 57
split_gain=7.22912 6.53535 7.6618 8.65395 13.7792 15.7235 7.63104 3.71554 3.65066 1.06573 0.830777 0.715744 0.524224 0.454124 0.184859 0.0977192
threshold=0.11238738738738741 0.0042074257251220153 12.697738014190614 0.0082069543906000148 0.062095151821086041 0.033721803236988548 0.22442695168056029 6.0862138466870173 0.022762578788044944 39.500000000000007 0.097619047619047633 62.958333333333343 0.79643597439862801 9.5176791144382236 0.17132088949333568 0.2180418620975719
decision_type=2 2 2 2 2 2 2 2 2 2 2 2 2 2 2 2
left_child=11 2 3 4 8 6 7 12 10 -4 15 -1 -6 14 -8 -2
right_child=1 -3 9 -5 5 -7 13 -9 -10 -11 -12 -13 -14 -15 -16 -17
leaf_value=0.0391334497400272 -0.069570325214803191 0.0391334497400272 0.025715747383992026 0.025715747383992026 -0.026254275610727424 -0.035847437592531443 -0.026254275610727424 0.025715747383992026 -0.035847437592531443 0.0391334497400272 -0.035847437592531443 0.064503171148555666 0.0073602817124752296 0.0015102981558515729 -0.035847437592531443 -0.035847437592531443
leaf_weight=8.3308011011686123 19.275502750446346 9.7135607518721354 14.632472189143302 14.513457776803987 3.876130581018514 17.722958283149637 1.8208821959560717 29.861912306892918 35.048099772640853 8.3264242215082032 4.6524435924657146 6.7621701210737237 0.90262929350137699 1.5925031028455121 5.3211425305344164 0.74518177658319373
leaf_count=33 492 56 47 189 80 405 18 138 626 17 86 4 5 30 121 4
internal_value=0.00195419 -0.00180694 -0.00495252 -0.0104541 -0.0158448 0.00422362 0.023625 0.0257157 -0.0358474 0.0257157 -0.0601183 0.0391334 -0.0262543 -0.0262543 -0.0314212 -0.066929
internal_weight=183.098 168.005 158.292 135.333 120.819 61.0982 43.3752 34.6407 59.7212 22.9589 24.6731 15.093 4.77876 8.73453 7.14202 20.0207
internal_count=2351 2314 2258 2194 2005 797 392 223 1208 64 582 37 85 169 139 496
is_linear=0
shrinkage=0.06


Tree=118
num_leaves=13
num_cat=0
split_feature=98 203 1 34 60 5 203 111 253 41 93 218
split_gain=6.02759 6.45889 7.35646 5.98255 5.30299 4.10357 1.91109 3.52649 1.89994 4.10269 2.77036 0.727313
threshold=0.2966696403449724 0.31937199256616866 0.045401068566584081 51.29278230667115 17.000000000000004 0.013786426591534805 0.78158123251550415 32.283472752571114 0.00047506324208884297 0.00095533800529440252 1.2887139645657324 0.063416349079736492
decision_type=2 2 2 2 2 2 2 2 2 2 2 2
left_child=1 2 -1 4 5 7 -2 11 -3 10 -10 -4
right_child=6 8 3 -5 -6 -7 -8 -9 9 -11 -12 -13
leaf_value=0.016235678646973548 -0.037774732876164605 0.016235678646973548 -0.037774732876164605 0.016235678646973548 0.016235678646973548 0.016235678646973548 0.016235678646973548 0.016235678646973548 0.049853146129581034 0.016235678646973548 0.016235678646973548 0.016235678646973548
leaf_weight=20.504621588392183 12.548484168946732 68.402721036545699 24.425963783156497 4.2366395117714992 2.8009145632386199 2.8603960871696463 1.0230244696140296 3.2776025074999771 27.345497820526361 9.3070609612623212 6.7624088285956523 2.0741324722766867
leaf_count=87 315 1076 645 15 5 8 2 48 47 80 50 3
internal_value=0.00465205 0.00780673 -0.0078731 -0.0226914 -0.0311963 -0.0311963 -0.0311963 -0.0311963 0.0162357 0.028972 0.041289 -0.0377747
internal_weight=185.569 171.998 60.1803 39.6756 35.439 32.6381 13.5715 29.7777 111.818 43.415 34.1079 26.5001
internal_count=2381 2064 811 724 709 704 317 696 1253 177 97 648
is_linear=0
shrinkage=0.06


Tree=119
num_leaves=12
num_cat=0
split_feature=243 112 31 73 147 165 60 5 31 144 31
split_gain=7.35812 8.68695 10.4401 8.4098 4.31976 5.45305 3.98899 3.44533 1.66365 1.36666 0.66332
threshold=0.036731928506366432 0.0023646336724331978 6.0993980531422194 0.0044611313754022996 0.089898989898989909 0.085144927536231887 11.000000000000002 0.016458364770640211 5.4751399854746357 0.0069461400315318283 6.1164683597351059
decision_type=2 2 2 2 2 2 2 2 2 2 2
left_child=4 2 3 6 -1 -6 7 9 -7 -2 -10
right_child=1 -3 -4 -5 5 8 -8 -9 10 -11 -12
leaf_value=0.011801398551048749 -0.061477843430389881 0.011801398551048749 -0.061477843430389881 0.011801398551048749 0.011801398551048749 0.067054615990980518 0.011801398551048749 0.011801398551048749 0.036317874058191549 0.00063282590199859609 0.011801398551048749
leaf_weight=97.179570182517637 10.402018234832203 16.6623146510683 16.613688352430472 20.710086856968701 3.9403294960502562 11.722787894308569 2.6482568024657676 1.1417470276355732 2.6232265233993521 1.2465649843215949 1.9685867527732623
leaf_count=1132 224 227 629 85 40 14 13 3 4 4 43
internal_value=0.00271696 -0.0125499 -0.024935 -0.00579761 0.0118014 0.0384714 -0.0374899 -0.0502827 0.0559761 -0.0596551 0.0159294
internal_weight=186.859 69.4247 52.7624 36.1487 117.435 20.2549 15.4386 12.7903 16.3146 11.6486 4.59181
internal_count=2418 1185 958 329 1233 101 244 231 61 228 47
is_linear=0
shrinkage=0.06


Tree=120
num_leaves=14
num_cat=0
split_feature=258 29 108 5 99 31 111 211 60 134 14 143 45
split_gain=5.46572 5.66699 11.2049 7.31361 5.86258 6.08601 4.61151 3.88439 2.55856 2.5324 1.64029 0.414718 0.235586
threshold=1.0000000180025095e-35 4.2398332679286144 0.0019647320622729171 0.00043744565417069798 0.11805555555555557 5.7130493747675608 34.541577172279368 0.43800019100372461 13.000000000000002 0.00053031022058177364 0.72544458171249426 3.9000000000000798 0.0063623428641978322
decision_type=2 2 2 2 2 2 2 2 2 2 2 2 2
left_child=1 9 3 6 -4 -6 7 8 -3 -1 -7 12 -12
right_child=-2 2 4 -5 5 10 -8 -9 -10 -11 11 -13 -14
leaf_value=0.020819906164394778 0.04742769347359424 -0.071688494567677299 -0.0078159271952850159 -0.0078159271952850159 0.020819906164394778 -0.0078159271952850159 -0.0078159271952850159 -0.0078159271952850159 -0.0078159271952850159 0.044858480036656719 -0.0078159271952850159 0.020819906164394778 0.010882020321631946
leaf_weight=16.917945581953973 6.7680451958440235 18.486323858640407 27.076012487959815 44.150891362660332 25.462651095585898 14.314640349301046 2.8902553489897391 2.4237435460090628 1.2261965628713358 15.277016807347534 0.77895861282013246 2.5294727385044098 0.83543921471573412
leaf_count=155 28 522 456 719 122 305 37 7 9 28 27 3 9
internal_value=0.00121324 -0.00112454 -0.00638667 -0.0232542 0.0102353 0.0208199 -0.0478959 -0.0577324 -0.0662921 0.0208199 -0.00781593 0.0208199 -0.00540443
internal_weight=179.138 172.37 140.175 69.1774 70.9972 43.9212 25.0265 22.1363 19.7125 32.195 18.4585 4.14387 1.6144
internal_count=2427 2399 2216 1294 922 466 575 538 531 183 344 39 36
is_linear=0
shrinkage=0.06


Tree=121
num_leaves=15
num_cat=0
split_feature=173 201 110 145 243 125 147 36 147 85 40 111 14 14
split_gain=5.09675 4.62233 5.14541 5.60415 11.4311 10.6363 14.4184 3.74958 3.1856 3.14732 1.96304 3.13847 0.713156 0.324535
threshold=0.58477011494252884 0.82758620689655182 0.0074831633491122497 0.11238738738738741 0.034689304554634239 0.90000000000000013 0.10818713450292398 57.500000000000007 0.26846846846846856 0.18748384064561407 12.500000000000002 34.541577172279368 0.54790498673059174 0.62109723505103476
decision_type=2 2 2 2 2 2 2 2 2 2 2 2 2 2
left_child=1 2 3 -1 5 6 7 9 10 -5 11 -6 -7 -4
right_child=-2 -3 13 4 8 12 -8 -9 -10 -11 -12 -13 -14 -15
leaf_value=0.030941080260845952 0.03856148341563885 0.03856148341563885 0.030941080260845952 -0.032293801508812225 -0.064932097368162398 0.025992812752550953 0.025992812752550953 0.025992812752550953 0.025087084076628841 0.025992812752550953 -0.032293801508812225 -0.032293801508812225 0.030941080260845952 0.03856148341563885
leaf_weight=14.313717061886562 13.800722587853668 6.3892641365528098 3.4321857460308802 27.602424435608562 19.156368383701196 7.3079484509071326 11.663532071164807 2.3196561634540549 2.3134259488433591 2.1549916565418235 24.345979789664852 3.796272339182905 39.220588940137532 7.8175145365530625
leaf_count=43 43 19 46 701 783 142 45 3 7 7 327 47 191 13
internal_value=0.00593585 0.00290203 0.000650308 -0.00240265 -0.00620269 0.00654372 -0.0143769 -0.0287497 -0.0287497 -0.0287497 -0.0322938 -0.0514459 0.0259928 0.0365421
internal_weight=185.635 171.834 165.445 154.195 139.881 90.2691 43.7406 32.0771 49.612 29.7574 47.2986 22.9526 46.5285 11.2497
internal_count=2417 2374 2355 2296 2253 1089 756 711 1164 708 1157 830 333 59
is_linear=0
shrinkage=0.06


Tree=122
num_leaves=11
num_cat=0
split_feature=175 222 10 17 88 4 211 32 41 251
split_gain=4.07033 8.50635 8.33007 5.25885 4.2195 2.57808 1.47229 1.17865 0.90987 0.430504
threshold=0.12861869313482219 0.077503425821939698 0.18154390156269076 0.60826380644252054 1.0000000180025095e-35 1.5000000000000002 0.38699530516431929 11.500000000000002 0.00087108030461253343 0.019414334758286664
decision_type=2 2 2 2 2 2 2 2 2 2
left_child=1 2 3 4 7 -2 -7 -1 -8 -4
right_child=5 -3 9 -5 -6 6 8 -9 -10 -11
leaf_value=-0.069764392864288469 0.038246809729138929 0.01320204575297213 0.009596085992384977 0.009596085992384977 0.009596085992384977 0.01320204575297213 0.038246809729138929 0.0054469698418637301 0.01320204575297213 0.01320204575297213
leaf_weight=15.813872956525309 13.352478679735212 25.362956755867344 4.9795103007490953 1.7881702333688725 1.1988587677478779 100.92631698031619 11.646772351115944 0.49313414096832353 4.386184179224073 8.8085241188527998
leaf_count=499 25 128 176 5 4 1451 35 3 26 72
internal_value=0.00736383 -0.00565946 -0.0254733 -0.0490823 -0.0592429 0.013202 0.013202 -0.0671434 0.033 0.00959609
internal_weight=188.757 58.445 33.0821 19.294 17.5059 130.312 116.959 16.307 16.033 13.788
internal_count=2424 887 759 511 506 1537 1512 502 61 248
is_linear=0
shrinkage=0.06


Tree=123
num_leaves=15
num_cat=0
split_feature=60 88 110 149 260 55 197 0 136 243 95 259 173 149
split_gain=5.22448 4.82099 5.24392 6.2355 8.83951 6.87627 5.25179 2.97723 1.76972 1.71733 2.35177 1.24354 0.454042 0.260441
threshold=17.000000000000004 1.0000000180025095e-35 0.0074831633491122497 0.11560982080797357 0.031893013147292988 0.12754152459591947 0.10819124105935679 68.441666666666677 0.0040785243289746262 0.051607770094376296 0.65485286700252654 0.00032441208006395422 0.59411764705882364 0.11273723697910708
decision_type=2 2 2 2 2 2 2 2 2 2 2 2 2 2
left_child=1 2 3 7 5 -5 -7 11 12 -8 -11 -1 -9 -4
right_child=-2 -3 13 4 -6 6 9 8 -10 10 -12 -13 -14 -15
leaf_value=-0.030986459908403589 0.048536136675739146 0.045603090653759421 0.0097575364378503383 -0.014407420993674211 -0.014407420993674211 -0.014407420993674211 0.033304684776329217 -0.05959214204462792 -0.014407420993674211 -0.014407420993674211 0.02811463697865587 -0.014407420993674211 -0.014407420993674211 0.03855724508919138
leaf_weight=22.033533238733071 6.2704210355877867 5.8827941194176665 3.1697349975584048 4.8419037840940282 9.4556729960604553 3.181040281066088 33.063931985467207 7.7807879524771106 1.5310570914298285 2.4487590564531265 3.8470487119629979 67.284962143239682 0.77424819767475117 8.4945291480980796
leaf_count=435 14 28 23 149 167 72 166 209 7 59 14 1026 2 30
internal_value=0.00194373 -0.000270424 -0.00239553 -0.00544796 0.0101783 0.0226467 0.0312802 -0.0144074 -0.044758 0.0333047 -0.000131668 -0.0144074 -0.0556106 0.0333047
internal_weight=180.06 173.79 167.907 156.243 56.8384 47.3827 42.5408 99.4046 10.0861 39.3597 6.29581 89.3185 8.55504 11.6643
internal_count=2401 2387 2359 2306 627 460 311 1679 218 239 73 1461 211 53
is_linear=0
shrinkage=0.06


Tree=124
num_leaves=12
num_cat=0
split_feature=60 118 43 10 251 43 98 173 155 14 243
split_gain=4.76065 4.4181 10.2129 8.20654 4.09161 3.89482 1.79729 1.72454 1.55411 0.855932 0.188125
threshold=19.000000000000004 0.0025886539797058124 0.050606002483415187 0.17966888844966891 0.0033300036992648494 0.035584006917346152 0.29492114162689725 0.60555555555555574 0.82955144385271007 0.80635006440514545 0.018567353473514212
decision_type=2 2 2 2 2 2 2 2 2 2 2
left_child=1 5 3 -3 10 6 -1 8 9 -8 -5
right_child=-2 2 -4 4 -6 -7 7 -9 -10 -11 -12
leaf_value=-0.0031008974830574539 0.049588245290849084 -0.0031008974830574539 -0.0031008974830574539 0.015769780151987985 0.049588245290849084 -0.052191165970209598 -0.052191165970209598 -0.0031008974830574539 -0.0031008974830574539 -0.0031008974830574539 -0.0031008974830574539
leaf_weight=103.57599135111377 6.6270421519875518 4.9052752542629596 31.117956262532971 1.0143177951686113 24.47091956489021 3.826322707172948 5.747985923488157 1.2100038528442381 1.2425353638827799 0.78411890869028855 2.4174327853834257
leaf_count=1260 11 131 542 6 100 103 192 2 8 10 54
internal_value=0.00600796 0.00387983 0.0162978 0.038965 0.0495882 -0.0031009 -0.0031009 -0.0287648 -0.0402126 -0.0503856 -0.0031009
internal_weight=186.94 180.313 63.9259 32.8079 27.9027 116.387 112.561 8.98464 7.77464 6.5321 3.43175
internal_count=2419 2408 833 291 160 1575 1472 212 210 202 60
is_linear=0
shrinkage=0.06


Tree=125
num_leaves=12
num_cat=0
split_feature=106 191 31 5 253 64 0 134 29 112 12
split_gain=4.00287 4.64681 6.75201 7.85519 8.70827 6.52088 4.40985 3.90329 4.48023 2.0041 0.28851
threshold=0.61755030801404975 2.0999999999999264 6.160212837649266 0.0018276549598543891 0.0013925658972033881 5.5000000000000009 51.675000000000004 0.00051463352108110526 4.7987126152829545 0.0021369824228115284 154.50000000000003
decision_type=2 2 2 2 2 2 2 2 2 2 2
left_child=1 2 3 4 5 -1 -7 -3 -9 -4 -10
right_child=-2 7 9 -5 -6 6 -8 8 10 -11 -12
leaf_value=-0.032366222685993568 0.046984980114719785 0.015070898969836309 -0.058832897125688843 0.015070898969836309 0.015070898969836309 -0.032366222685993568 0.015070898969836309 0.046984980114719785 0.015070898969836309 -0.032366222685993568 0.040997335453271083
leaf_weight=26.889932025398593 6.3236275091767302 53.516097542014904 11.290663447070985 21.432287506060675 18.005793871358037 3.2890593055635682 9.0542457051342335 14.685955580323936 6.9379508285783213 10.345627759466877 3.2858782224357128
leaf_count=608 19 710 499 85 50 73 56 14 57 241 5
internal_value=0.00625976 0.0043149 -0.00422493 0.00412507 -0.0103887 -0.0261913 0.0111349 0.0150709 0.0382887 -0.0323662 0.0150709
internal_weight=185.057 178.733 100.308 78.6713 57.239 39.2332 12.3433 78.4259 24.9098 21.6363 10.2238
internal_count=2417 2398 1612 872 787 737 129 786 76 740 62
is_linear=0
shrinkage=0.06


Tree=126
num_leaves=11
num_cat=0
split_feature=44 166 213 10 98 88 21 14 14 163
split_gain=6.25217 12.21 5.52765 7.15404 4.25447 3.25544 1.50623 0.3234 0.280871 0.146021
threshold=5.0000000000000009 0.0043813210033138731 0.013840996168582377 0.18718697130680087 0.0050812981828835145 1.0000000180025095e-35 0.4959541824815859 0.7385331306876376 0.7900100264195965 0.84292763157894746
decision_type=2 2 2 2 2 2 2 2 2 2
left_child=2 4 -1 7 -2 6 8 -4 9 -6
right_child=1 -3 3 -5 5 -7 -8 -9 -10 -11
leaf_value=0.011864273005897442 0.011864273005897442 0.011864273005897442 0.011864273005897442 0.069290473998368116 -0.063941431929244175 0.011864273005897442 0.011051197916231069 0.036535263387434097 -0.0032686267561125998 -0.00595360556890287
leaf_weight=130.97998744570941 2.3901972908061131 9.5751246502622944 8.3514549484534637 12.014664720743893 16.382605193502986 1.0729459188878525 0.49971957504749198 2.3247883846052 0.52031099644955148 0.59613955020904441
leaf_count=1617 16 38 159 26 524 5 4 7 10 8
internal_value=0.00689569 -0.0169338 0.0118643 0.0404536 -0.0433924 -0.0524774 -0.0585776 0.0118643 -0.0614955 -0.0627474
internal_weight=184.708 31.037 153.671 22.6909 21.4619 19.0717 17.9988 10.6762 17.4991 16.9787
internal_count=2414 605 1809 192 567 551 546 166 542 532
is_linear=0
shrinkage=0.06


Tree=127
num_leaves=16
num_cat=0
split_feature=243 23 207 261 239 31 93 31 149 235 143 219 219 207 193
split_gain=5.37261 6.10219 7.48973 4.51867 3.96101 5.47087 4.10077 2.3667 1.88425 0.968416 1.54258 0.628732 0.342363 0.302045 0.189459
threshold=0.034947175263096639 0.062095151821086041 6.6044564652532314 0.23004916936988964 1.6000000000000012 6.1848022211421378 1.2628628234536268 6.6137008434103484 0.11502098062386117 0.069693877551020425 3.400000000000063 0.086640419947506583 0.058111720838609833 10.08595693659788 0.086654632972322523
decision_type=2 2 2 2 2 2 2 2 2 2 2 2 2 2 2
left_child=1 13 12 7 5 6 -2 9 -8 -4 -11 -9 -3 -1 -10
right_child=4 2 3 -5 -6 -7 8 11 14 10 -12 -13 -14 -15 -16
leaf_value=-0.0014315948054500923 -0.0014315948054500923 -0.0014315948054500923 0.025214135393130714 0.0011859941618436061 -0.0014315948054500923 -0.05352147625171165 -0.05352147625171165 0.0011859941618436061 -0.0014315948054500923 0.025746973812781442 0.074235449582614119 0.025214135393130714 0.0011859941618436061 0.0011859941618436061 -0.017467582939266216
leaf_weight=43.880666120094247 14.947951707057657 4.7010039787273881 6.99604541331066 8.4106574748875556 33.21328997189994 11.418322770536177 4.8508543129428281 1.8735864243935787 1.9545667929342019 6.2058894692454514 14.682017575949429 1.5328038185834882 13.441774963284841 7.6771244222472879 0.77339577011298377
leaf_count=598 60 102 46 131 497 503 89 54 27 32 20 6 93 100 41
internal_value=0.00553718 0.0136434 0.0266789 0.0407663 -0.00768053 -0.023156 -0.00465521 0.0506949 -0.0410324 0.0561004 0.063338 0.00206216 -0.00143159 -0.00143159 -0.00143159
internal_weight=176.56 109.402 57.8438 39.701 67.1584 33.9451 22.5268 31.2903 7.57882 27.884 20.8879 3.40639 18.1428 51.5578 2.72796
internal_count=2399 1182 484 289 1217 720 217 158 157 98 52 60 195 698 68
is_linear=0
shrinkage=0.06


Tree=128
num_leaves=15
num_cat=0
split_feature=60 21 69 195 43 118 65 10 118 251 93 191 88 65
split_gain=4.44308 3.99024 4.04143 4.22537 5.75932 9.51904 8.72459 7.32798 3.3529 2.82339 2.80658 9.65594 0.694266 0.271383
threshold=19.000000000000004 0.54210048228403163 1.0000000180025095e-35 0.052109261354452895 0.051302114573679169 0.0025886539797058124 0.00041532551584714167 0.18026341497898105 0.0069853351843873175 0.0033300036992648494 1.3017454561152431 2.1666666666666683 1.0000000180025095e-35 0.0076020308931756342
decision_type=2 2 2 2 2 2 2 2 2 2 2 2 2 2
left_child=1 2 3 4 5 6 12 -7 -6 -9 -8 -12 -1 -10
right_child=-2 -3 -4 -5 8 7 10 9 13 -11 11 -13 -14 -15
leaf_value=-0.053289070346893827 0.048788001175190165 0.046380732935009154 0.046380732935009154 0.037512700454243028 -0.054577656221344528 0.0024635500380079918 0.0024635500380079918 0.0024635500380079918 -0.022243980046929099 0.037512700454243028 -0.030472229056924913 0.0024635500380079918 -0.030472229056924913 -0.00078783931170859993
leaf_weight=15.051810222284985 6.8458252847194663 6.059742145240306 5.4171474315226069 8.7834455372067151 8.5124722249020142 6.725890170884667 62.061631534423213 2.2211175276315833 0.76023985218489265 23.430690156645142 13.426444209369949 14.431204837921539 1.1158526092767722 9.8777785886195471
leaf_count=388 12 20 12 52 221 163 387 52 33 97 609 159 4 223
internal_value=0.00721648 0.00509186 0.00311873 0.00117284 -0.00129694 0.0031146 -0.0056783 0.0305792 -0.0304722 0.0375127 0.00246355 -0.015943 -0.0304722 -0.0055987
internal_weight=184.721 177.875 171.816 166.399 157.615 138.465 106.087 32.3777 19.1505 25.6518 89.9193 27.8576 16.1677 10.638
internal_count=2432 2420 2400 2388 2336 1859 1547 312 477 149 1155 768 392 256
is_linear=0
shrinkage=0.06


Tree=129
num_leaves=11
num_cat=0
split_feature=60 242 243 243 31 92 143 5 30 243
split_gain=6.18097 7.13585 7.71012 4.36292 4.28221 2.96795 2.62315 0.800275 0.267626 0.0424985
threshold=13.000000000000002 2.4427566360668949 0.062895484094152257 0.0095203235027539589 6.676098302709228 1864.0000000000002 3.9000000000000798 0.082618609528331763 53.269002914428718 0.049009277051178753
decision_type=2 2 2 2 2 2 2 2 2 2
left_child=1 3 8 -1 9 7 -4 -6 -3 -5
right_child=-2 2 6 4 5 -7 -8 -9 -10 -11
leaf_value=0.03287870697087774 0.04049563228716286 0.033052817198563185 -0.0041090186500623033 -0.0022582375078817052 -0.054623333921070195 -0.0041090186500623033 0.033052817198563185 -0.0041090186500623033 0.04049563228716286 -0.0041090186500623033
leaf_weight=8.5995787670835835 15.460471820086239 10.970888411218771 7.4411134446854685 89.848454869235866 9.8830610816366917 2.3024559796322128 5.601294091437012 0.33339957892894823 14.451313534053041 14.533765938831491
leaf_count=59 56 126 248 1101 569 39 32 2 36 128
internal_value=0.00654533 0.00289469 0.0248197 -0.00410902 -0.00733722 -0.0380126 -0.00410902 -0.0514742 0.0404956 -0.00410902
internal_weight=179.426 163.965 38.4646 125.501 116.901 12.5189 13.0424 10.2165 25.4222 104.382
internal_count=2396 2340 442 1898 1839 610 280 571 162 1229
is_linear=0
shrinkage=0.06


Tree=130
num_leaves=14
num_cat=0
split_feature=69 242 243 41 44 263 147 83 17 1 259 4 244
split_gain=3.8949 4.3499 6.4748 3.82521 3.66756 7.66282 6.86844 3.60293 2.88752 1.32687 1.20191 0.494935 0.161409
threshold=1.0000000180025095e-35 2.4427566360668949 0.062895484094152257 0.001447004022925932 3.0000000000000004 0.047729389503713367 0.18626126126126127 0.11399756554525478 0.60826380644252054 0.040598649165827075 0.00086355792993017056 10.500000000000002 10.167468896598516
decision_type=2 2 2 2 2 2 2 2 2 2 2 2 2
left_child=1 4 3 10 -1 -6 7 8 9 -7 -3 -5 -11
right_child=-2 2 -4 11 5 6 -8 -9 -10 12 -12 -13 -14
leaf_value=-0.0017851077889543671 0.046781249895258913 0.0054563460449209055 -0.0017851077889543671 0.0054563460449209055 -0.0017851077889543671 -0.0017851077889543671 -0.0017851077889543671 -0.0017851077889543671 -0.0017851077889543671 -0.067483183398127283 0.046781249895258913 -0.0017851077889543671 -0.0059286005179214358
leaf_weight=97.230329602316488 5.7724263407289973 3.391861704643822 12.911321160354417 3.8176291662384747 9.0197213189676386 0.39487051963807474 5.0654368817340574 2.0865998527297043 0.93103773891925712 19.833787311130447 14.728710978408342 2.2112815154250711 0.56330507248639961
leaf_count=1191 17 39 281 43 42 1 40 18 3 634 37 43 7
internal_value=0.00520242 0.00328737 0.0209263 0.038984 -0.00178511 -0.0199816 -0.0381379 -0.0521753 -0.0593136 -0.0642437 0.0467812 -0.00178511 -0.0664644
internal_weight=177.958 172.186 37.0608 24.1495 135.125 37.8948 28.875 23.8096 21.723 20.792 18.1206 6.02891 20.3971
internal_count=2396 2379 443 162 1936 745 703 663 645 642 76 86 641
is_linear=0
shrinkage=0.06


Tree=131
num_leaves=18
num_cat=0
split_feature=0 145 251 81 163 211 203 5 245 144 85 235 60 126 0 10 118
split_gain=4.12905 3.7676 6.42045 6.07028 5.06907 3.80534 3.3934 3.0479 2.48181 2.39541 2.16015 1.71593 1.59935 1.27044 0.755169 0.241845 3.24151
threshold=30.108333333333338 0.11238738738738741 0.0023761438209250847 0.0080742886713035984 0.76417112299465251 0.38699530516431929 0.71015360546411166 0.016458364770640211 0.18726308457468263 0.0081305815931741795 0.27461202084735398 0.13500000000000004 19.000000000000004 0.28109210859821382 62.958333333333343 0.18423110991716388 0.0025670608323796703
decision_type=2 2 2 2 2 2 2 2 2 2 2 2 2 2 2 2 2
left_child=8 14 3 4 6 12 7 10 9 11 -3 -1 15 -6 -2 -4 -17
right_child=1 2 5 -5 13 -7 -8 -9 -10 -11 -12 -13 -14 -15 -16 16 -18
leaf_value=-0.064220118862444997 0.036942980552401292 -0.067790804722496559 0.012259635707239445 0.012259635707239445 -0.00080932916327472752 0.036942980552401292 -0.00080932916327472752 -0.00080932916327472752 0.02374378239814421 0.015388175908432868 -0.00080932916327472752 0.0090115635307795577 0.036942980552401292 0.012259635707239445 0.062202261571973998 0.012259635707239445 0.036942980552401292
leaf_weight=5.4569197131640959 6.4494325919076783 14.278184044116639 67.343001689470839 7.0703000880021127 6.9067372113931897 15.311011223122476 1.3662810698151595 1.0149672031402595 1.2315697371959684 1.2829667245969174 0.63608454167842943 0.82957346481271077 4.6724022142589083 8.00352177582681 6.5390411093831062 13.377894221805038 18.013547052629292
leaf_count=132 30 487 1169 59 55 68 4 2 3 5 2 12 5 30 4 243 136
internal_value=0.00594507 0.00813292 0.00533228 -0.0151861 -0.0271945 0.0122596 -0.0474992 -0.0558321 -0.030195 -0.0420992 -0.0629218 -0.0547138 0.0122596 -0.000809329 0.036943 0.0122596 0.0273291
internal_weight=179.783 170.982 157.994 39.2761 32.2058 118.718 17.2955 15.9292 8.80103 7.56946 14.9143 6.28649 103.407 14.9103 12.9885 98.7344 31.3914
internal_count=2446 2294 2260 639 580 1621 495 491 152 149 489 144 1553 85 34 1548 379
is_linear=0
shrinkage=0.06


Tree=132
num_leaves=12
num_cat=0
split_feature=242 243 199 147 243 93 30 239 213 149 246
split_gain=6.29473 5.79219 7.60984 14.1243 5.70411 3.45997 2.41462 0.914346 0.902207 0.883931 0.224199
threshold=2.590263774003176 0.033205599802685899 0.16005234196477808 0.089898989898989909 0.062505232460227655 1.2887139645657324 54.709676742553718 1.7900000000000011 0.01465221124946329 0.11502098062386117 1.8053736371172233
decision_type=2 2 2 2 2 2 2 2 2 2 2
left_child=1 2 3 -1 6 -3 -2 9 -5 -7 -11
right_child=4 5 -4 8 -6 7 -8 -9 -10 10 -12
leaf_value=-0.018290991410615492 0.024200033974347699 -0.018290991410615492 0.024200033974347699 -0.014057454602364289 -0.0074563389489174289 -0.061858302223095372 0.061278642559406751 -0.018290991410615492 0.024200033974347699 -0.018290991410615492 -0.03761168388739277
leaf_weight=29.671050094737438 8.236018565250566 31.310800829145592 44.181187763635535 3.7409713020315367 10.746118644106899 8.8783108600037028 11.877515094354747 0.86426263098837708 12.040510091232134 4.9752948027453376 2.7284108265594114
leaf_count=788 65 292 215 23 228 426 23 7 43 122 188
internal_value=0.00351969 -0.00205698 0.00698014 -0.0100726 0.0271314 -0.018291 0.0446138 -0.0442706 0.0242 -0.0486139 -0.0237467
internal_weight=169.25 138.391 89.6337 45.4525 30.8597 48.7571 20.1135 17.4463 15.7815 16.582 7.70371
internal_count=2420 2104 1069 854 316 1035 88 743 66 736 310
is_linear=0
shrinkage=0.06


Tree=133
num_leaves=11
num_cat=0
split_feature=21 175 247 40 239 148 40 12 219 69
split_gain=4.21285 4.88671 7.75829 6.54413 2.6055 1.75653 1.76387 3.24333 1.56141 0.976278
threshold=0.54210048228403163 0.13245614035087722 0.054634927191204698 12.500000000000002 1.7466666666666926 0.0086945743023091101 10.500000000000002 143.50000000000003 0.066146086533787077 1.0000000180025095e-35
decision_type=2 2 2 2 2 2 2 2 2 2
left_child=1 2 3 -1 5 6 -3 9 -4 -8
right_child=-2 4 8 -5 -6 -7 7 -9 -10 -11
leaf_value=-0.035247596867152071 0.046088542629301101 -0.0088414709275568028 -0.05962768037644274 0.0080226539312454291 0.037419570352115447 0.037419570352115447 0.0080226539312454291 0.037419570352115447 -0.035247596867152071 0.037419570352115447
leaf_weight=6.0622602030343868 5.9383556991815558 32.782703634293284 11.637310915903077 15.470416589407249 9.0029429837595654 5.2762258835136882 53.506327154114842 9.9882552380440739 14.778235142002812 3.8682005554437628
leaf_count=162 21 741 386 69 53 19 585 49 263 9
internal_value=0.00340521 0.00130239 -0.0144141 0.00802265 0.00802265 0.00802265 0.00802265 0.00802265 -0.0352476 0.00802265
internal_weight=168.311 162.373 47.9482 21.5327 114.425 105.422 100.145 67.3628 26.4155 57.3745
internal_count=2357 2336 880 231 1456 1403 1384 643 649 594
is_linear=0
shrinkage=0.06


Tree=134
num_leaves=12
num_cat=0
split_feature=60 145 5 173 86 95 106 13 31 207 253
split_gain=6.5209 6.90975 7.11467 8.87361 5.43607 5.38747 5.28576 4.32261 4.56512 1.02365 0.424157
threshold=13.000000000000002 0.11238738738738741 0.00040518698443527069 0.46862745098039221 73.500000000000014 0.71413183943247371 0.61755030801404975 0.11597549030321271 7.0606300908862369 8.2727641815091157 0.00036873281677201345
decision_type=2 2 2 2 2 2 2 2 2 2 2
left_child=1 -1 3 4 5 6 -3 -4 9 -9 -2
right_child=10 2 7 -5 -6 -7 -8 8 -10 -11 -12
leaf_value=0.034559374895263784 0.034559374895263784 -0.069696716117220378 0.0037841653328111171 0.0037841653328111171 0.0037841653328111171 0.0037841653328111171 0.0037841653328111171 0.0050228982410776071 0.0037841653328111171 0.034559374895263784 0.051516261450479245
leaf_weight=14.467356870649381 4.2435890818014714 22.168008042892335 55.588790616006008 18.817691814620048 2.300346538424491 4.3224753513932219 1.4845355004072178 6.3163493070751491 10.363868806583922 14.789562855847178 11.745197867974637
leaf_count=43 27 841 1005 127 11 19 6 27 229 42 32
internal_value=0.00183472 -0.00221455 -0.00656586 -0.0243496 -0.0435829 -0.0516203 -0.0621254 0.00378417 0.0253664 0.0345594 0.0359852
internal_weight=166.608 150.619 136.152 49.0931 30.2754 27.975 23.6525 87.0586 31.4698 21.1059 15.9888
internal_count=2409 2350 2307 1004 877 866 847 1303 298 69 59
is_linear=0
shrinkage=0.06


Tree=135
num_leaves=10
num_cat=0
split_feature=269 197 87 209 197 95 173 95 153
split_gain=5.01819 5.61252 3.25342 2.74809 2.99815 4.41002 2.12257 1.37368 0.033389
threshold=1.0000000180025095e-35 0.10969022951399288 1.277137377268059 14.335278899624781 0.10928754206746817 0.65485286700252654 0.61507936507936523 0.67423545667401463 0.095454545454545472
decision_type=2 2 2 2 2 2 2 2 2
left_child=2 6 3 4 -1 -6 -2 8 -3
right_child=1 7 -4 -5 5 -7 -8 -9 -10
leaf_value=-0.0020039665959788841 -0.06144626723719241 -0.0020039665959788841 0.045477190496904414 0.036867400721749696 0.0081427133342213218 0.036867400721749696 -0.0020039665959788841 0.036867400721749696 0.0081427133342213218
leaf_weight=105.75311838946072 8.0834891497506653 1.1954250668641173 6.4979136288166037 11.039660408161579 14.119589533074757 18.786224154289812 0.76899128407239992 2.832009794190526 1.0809911149553952
leaf_count=1643 299 24 31 30 295 53 4 6 8
internal_value=0.00496025 -0.0272043 0.00814271 0.00814271 0.00814271 0.0182458 -0.0527797 0.00814271 -0.00200397
internal_weight=170.157 13.9609 156.197 149.699 138.659 32.9058 8.85248 5.10843 2.27642
internal_count=2393 341 2052 2021 1991 348 303 38 32
is_linear=0
shrinkage=0.06


Tree=136
num_leaves=14
num_cat=0
split_feature=242 243 243 145 30 93 155 60 4 94 139 30 243
split_gain=5.40318 7.29061 4.63224 5.58119 3.81076 3.515 2.60402 2.83597 1.07595 0.974692 0.900409 0.687421 0.170459
threshold=2.590263774003176 0.062505232460227655 0.036731928506366432 0.14670014347202298 54.709676742553718 1.1945412570747693 0.82201463603996683 13.000000000000002 10.500000000000002 4.3500000000000005 6.9000000000000012 61.747142791748054 0.011812447556494316
decision_type=2 2 2 2 2 2 2 2 2 2 2 2 2
left_child=2 4 12 -4 8 -5 7 9 -2 10 -7 -3 -1
right_child=1 11 3 5 -6 6 -8 -9 -10 -11 -12 -13 -14
leaf_value=0.0074751236514739514 0.031798902344232535 0.00069629116813954182 0.00069629116813954182 0.00069629116813954182 0.07020093589584965 -0.065640583599708827 0.00069629116813954182 0.00069629116813954182 0.0074751236514739514 0.00069629116813954182 0.00069629116813954182 0.027371474258211043 0.0046675386811727204
leaf_weight=11.672929636435581 5.4072606521658653 6.0862638691905868 18.169407233930542 3.0640422060387271 10.844388565747066 14.133822611504002 1.5033385099377472 2.1116232564672819 2.8288417637813836 0.35583000932820219 0.31156412512064058 4.4115427575306967 90.027155251271324
leaf_count=96 33 181 160 25 18 660 14 14 34 3 2 48 1143
internal_value=0.00571918 0.0281584 0.000696291 -0.0162152 0.0494285 -0.0362234 -0.0460742 -0.0527553 0.0137052 -0.0611413 -0.0634913 0.000696291 0.00747512
internal_weight=170.928 29.5783 141.35 39.6496 19.0805 21.4802 18.4162 16.9128 8.2361 14.8012 14.4454 10.4978 101.7
internal_count=2431 314 2117 878 85 718 693 679 67 665 662 229 1239
is_linear=0
shrinkage=0.06


Tree=137
num_leaves=15
num_cat=0
split_feature=95 31 30 93 29 239 124 253 87 242 155 203 242 93
split_gain=3.62897 5.19541 4.671 7.16042 9.54938 3.62067 3.77344 3.10916 2.76014 1.98018 2.33861 1.89773 0.692449 0.0306163
threshold=0.74482001456456148 7.8163671393615273 48.611856460571296 1.3000769625448949 5.4419122218424212 1.566666666666668 0.03397841615872161 0.012427759668973986 0.81861800007201035 2.6366880582269361 0.43132498544273962 0.3823266744032397 1.3316652744108954 1.3017454561152431
decision_type=2 2 2 2 2 2 2 2 2 2 2 2 2 2
left_child=1 2 3 4 5 6 7 11 9 13 -11 -1 -10 -4
right_child=-2 -3 8 -5 -6 -7 -8 -9 12 10 -12 -13 -14 -15
leaf_value=-0.039072529067360147 0.040193538846891454 -0.039945479226806947 0.014466812095151913 -0.039072529067360147 -0.039072529067360147 0.014466812095151913 0.014466812095151913 0.014466812095151913 0.014466812095151913 0.014466812095151913 0.038918829166768337 0.0061465817240929557 0.040193538846891454 -0.014969797466015853
leaf_weight=8.7473860027967003 7.9022771231830111 7.6944115301375851 36.656991815019865 15.949902492357067 7.2753739244653834 26.100917193689384 3.0864947172813109 1.9067506939172734 2.4602394700050327 6.9693956691771772 10.078488745959474 2.8347114771604547 12.858816588501211 16.53914265774074
leaf_count=105 36 485 290 539 106 84 7 4 12 74 23 21 81 544
internal_value=0.00493092 0.00270305 0.00536194 -0.00653726 0.00495573 0.0144668 -0.0126424 -0.0277874 0.0144668 0.0144668 0.0378113 -0.0390725 0.0389188 0.0144668
internal_weight=167.061 159.159 151.465 65.9015 49.9516 42.6763 16.5753 13.4888 85.5631 70.244 17.0479 11.5821 15.3191 53.1961
internal_count=2411 2375 1890 866 327 221 137 130 1024 931 97 126 93 834
is_linear=0
shrinkage=0.06


Tree=138
num_leaves=8
num_cat=0
split_feature=239 77 69 211 163 250 77
split_gain=2.97663 2.86777 2.43937 2.03406 1.5321 0.723064 0.483454
threshold=1.4499999999999946 0.011377188637598644 1.0000000180025095e-35 0.39299777828851606 0.76705426356589157 1.8701260548286223 0.0041023817838345003
decision_type=2 2 2 2 2 2 2
left_child=1 -1 3 6 -5 -6 -2
right_child=2 -3 -4 4 5 -7 -8
leaf_value=-0.049070445290635881 0.0059746486687745088 0.012286742745141372 0.046571240913097521 0.012286742745141372 0.012286742745141372 0.046571240913097521 0.012286742745141372
leaf_weight=3.8523036543338085 139.19716424906073 1.3944965749979017 5.7279602959752074 3.3037212155759361 3.986002222634851 11.79049928113818 6.7035573370667398
leaf_count=69 2176 3 16 33 13 32 57
internal_value=0.0108092 -0.0273866 0.0122867 0.0122867 0.031921 0.040294 0.0122867
internal_weight=175.956 5.2468 170.709 164.981 19.0802 15.7765 145.901
internal_count=2399 72 2327 2311 78 45 2233
is_linear=0
shrinkage=0.06


Tree=139
num_leaves=24
num_cat=0
split_feature=0 256 0 251 65 222 261 203 111 187 80 57 94 1 173 221 155 166 47 149 144 251 169
split_gain=6.15151 7.55913 5.09453 5.55001 4.6414 7.83291 7.3448 6.20729 3.92046 3.33398 3.25999 2.9123 2.86223 2.49169 1.84906 1.82526 1.24687 1.18347 0.741756 0.721138 1.7339 0.218919 0.0039006
threshold=37.916666666666671 0.11897412727787701 41.666666666666671 0.0039238769413067467 0.0017866810699273198 0.077503425821939698 0.046111980537538462 0.63364018795546151 34.541577172279368 0.96904761904761916 5.5000000000000009 0.18361052374418541 5.0500000000000007 1.0000000180025095e-35 0.68333333333333346 0.32889262636098082 0.85431606761579015 0.023026205126950441 0.08117045779736036 0.11672654331972203 0.0036599101999944049 0.012991330181825083 0.58477011494252884
decision_type=2 2 2 2 2 2 2 2 2 2 2 2 2 2 2 2 2 2 2 2 2 2 2
left_child=1 9 3 18 5 6 -4 8 10 12 14 22 15 -6 -8 16 17 -1 -2 -15 -21 -13 -5
right_child=2 -3 4 11 13 -7 7 -9 -10 -11 -12 21 -14 19 -16 -17 -18 -19 -20 20 -22 -23 -24
leaf_value=-0.067205923060394274 -0.044996242467616673 0.040415281776315197 0.011708149308292925 -0.016560375475321645 0.040992878831360914 0.011708149308292925 -0.070678069742736507 0.011708149308292925 0.011708149308292925 0.023604980818647713 0.0071315241042197546 0.025470567188899878 0.020239073161465195 0.011708149308292925 0.0071315241042197546 0.0065883097975435899 0.0065883097975435899 0.0065883097975435899 -0.016560375475321645 0.011708149308292925 0.040992878831360914 0.058945743595827639 -0.001480724925424424
leaf_weight=13.283218758333534 2.3386317021941094 3.3259460330009452 7.9431786650093263 1.1602702217060161 8.7792501747608167 17.369563385800575 18.712365835606779 2.3931670142337671 1.9503826670115803 1.3681870577856887 1.9268201681552444 5.9020684975548674 0.98528011143207628 42.368592332233675 0.47555691003799339 1.1712910099886364 0.47452693432569581 0.46244117990136224 1.784936092677526 7.6720609625335774 8.3028812448028457 11.335501966299487 0.47381032817065727
leaf_count=453 48 5 76 47 14 112 645 10 40 9 23 49 4 704 1 9 2 3 14 88 27 39 5
internal_value=0.00212726 -0.0266522 0.00674422 0.0313522 0.00150151 -0.0119247 -0.0287495 -0.043819 -0.0537145 -0.0420431 -0.0608433 0.044422 -0.0494998 0.0117081 -0.0676981 -0.0557782 -0.0610941 -0.0641899 -0.0234349 0.0117081 0.0280079 0.0513236 -0.0165604
internal_weight=161.96 21.0709 140.889 22.9952 117.894 50.771 33.4015 25.4583 23.0651 17.7449 21.1147 18.8717 16.3768 67.1228 19.1879 15.3915 14.2202 13.7457 4.12357 58.3435 15.9749 17.2376 1.63408
internal_count=2427 485 1942 202 1740 907 795 719 709 480 669 140 471 833 646 467 458 456 62 819 115 88 52
is_linear=0
shrinkage=0.06


Tree=140
num_leaves=15
num_cat=0
split_feature=242 99 0 155 22 0 239 173 197 29 3 159 103 29
split_gain=3.67195 5.2429 3.14922 3.02312 2.86096 2.07301 1.59598 1.06676 0.501767 0.260802 0.148893 0.126234 0.0906359 0.0821064
threshold=2.590263774003176 0.11805555555555557 71.458333333333357 0.42567002547509747 0.83663672953844082 30.108333333333338 1.6000000000000012 0.65000000000000002 0.10880026519414313 8.7479646122027841 0.20221940540013458 14.224930615303194 0.42594513296548658 10.315596439588248
decision_type=2 2 2 2 2 2 2 2 2 2 2 2 2 2
left_child=2 -2 5 6 7 8 -3 -4 10 -7 -1 12 -8 -11
right_child=1 3 4 -5 -6 9 11 -9 -10 13 -12 -13 -14 -15
leaf_value=-0.0033714455624060001 0.001240714147834631 0.001240714147834631 -0.057997871157640435 0.058311296672661592 0.001240714147834631 0.001240714147834631 0.001240714147834631 0.001240714147834631 0.001240714147834631 -0.0072742170793883556 -0.041832420204890419 0.035731482465164277 0.013639582265557922 -0.029084237292990874
leaf_weight=0.78432595357298751 9.7896477367030474 2.2496190487290759 5.2626682929258077 11.986225956818087 4.4957311462494545 115.41455597870663 0.93403840449172981 0.67924395017325867 1.0003000413998959 2.8122157070756648 3.8428015960380435 3.5438638214254752 0.71190821286290884 2.4433227570843883
leaf_count=5 146 61 155 44 57 1506 30 3 17 125 100 26 6 88
internal_value=0.00549826 0.0240684 0.00124071 0.041741 -0.0289548 0.00124071 0.00834522 -0.0509621 -0.0322415 0.00124071 -0.038298 0.0306655 0.00614071 -0.0226359
internal_weight=165.95 29.2153 136.735 19.4257 10.4376 126.298 7.43943 5.94191 5.62743 120.67 4.62713 5.18981 1.64595 5.25554
internal_count=2369 313 2056 167 215 1841 123 158 122 1719 105 62 36 213
is_linear=0
shrinkage=0.06


Tree=141
num_leaves=19
num_cat=0
split_feature=248 213 41 242 253 235 239 207 219 124 77 243 0 235 242 253 0 199
split_gain=4.0466 4.44692 9.11445 4.99193 7.33201 8.0358 7.10812 9.16959 8.0315 1.73519 1.63587 1.42524 1.18226 1.04749 0.609848 0.705596 0.024204 0.0029622
threshold=6.2972957294089404 0.067424242424242428 0.0026311519564892884 2.3650486025956821 0.0013459169625389467 0.16831357048748355 1.703333333333352 8.6104660612651305 0.086640419947506583 0.02650109638970858 0.0018508087106910581 0.03692025459763805 45.291666666666671 4.3033333333333337 2.6059259574205367 0.0090963195456158132 41.033333333333339 0.14880320710501052
decision_type=2 2 2 2 2 2 2 2 2 2 2 2 2 2 2 2 2 2
left_child=1 2 3 4 5 6 7 8 -1 10 -10 -5 16 14 15 -4 -9 -6
right_child=-2 -3 13 11 17 -7 -8 12 9 -11 -12 -13 -14 -15 -16 -17 -18 -19
leaf_value=-0.041583383186043377 0.041964363014706449 0.041639247810127379 -0.056395374000376655 0.041639247810127379 0.024904665479243214 0.024904665479243214 0.024904665479243214 0.01357287892738775 -0.040019230528712597 0.01357287892738775 0.01357287892738775 0.027266846761645303 0.01357287892738775 0.011828821836903298 -0.01279764275255192 -0.01279764275255192 0.024904665479243214 0.027266846761645303
leaf_weight=30.31644966355816 8.4716636370867473 8.1875760263064858 9.3481281396088729 10.026804445369644 3.5904155913740849 17.117843271204038 7.1147423863294526 1.2236704069437054 2.497722882966626 5.8339543110923842 1.1204512803815303 17.876738313483656 4.9111050945430188 0.48048132658004838 3.5007812352560004 1.0655573736876238 7.5693422957556322 20.316140273935162
leaf_count=714 27 38 415 38 28 139 65 88 68 42 3 310 219 2 79 10 41 73
internal_value=0.00585955 0.00333002 0.000609591 0.00586017 -0.00047203 -0.00947614 -0.0196752 -0.0273056 -0.0413676 0.011585 -0.0208583 0.0274085 0.0135729 -0.0415834 -0.0446825 -0.0516125 0.0249047 0.0272668
internal_weight=160.57 152.098 143.91 129.515 101.612 77.7053 60.5874 53.4727 39.7686 9.45213 3.61817 27.9035 13.7041 14.3949 13.9145 10.4137 8.79301 23.9066
internal_count=2399 2372 2334 1828 1480 1379 1240 1175 827 113 71 348 348 506 504 425 129 101
is_linear=0
shrinkage=0.06


Tree=142
num_leaves=14
num_cat=0
split_feature=110 60 251 93 255 85 100 147 243 143 69 14 14
split_gain=5.386 5.99163 5.9819 4.88871 5.64749 4.66556 5.12287 3.17161 2.70128 2.29173 2.29375 1.56104 1.06712
threshold=0.0074831633491122497 13.000000000000002 0.0061690338098065187 1.23531040323106 0.12417676592715172 0.18748384064561407 0.026165739169241798 0.089898989898989909 0.030814377662804811 4.3500000000001373 0.00027381874481037575 0.71540907173677382 0.62109723505103476
decision_type=2 2 2 2 2 2 2 2 2 2 2 2 2
left_child=1 2 3 -1 5 6 9 -4 -9 10 -5 -10 -2
right_child=12 -3 7 4 -6 -7 -8 8 11 -11 -12 -13 -14
leaf_value=-0.00028745159981626841 0.027962802162063125 0.027962802162063125 -0.00028745159981626841 -0.071310167468214267 -0.00028745159981626841 -0.00028745159981626841 -0.00028745159981626841 0.027962802162063125 -0.00028745159981626841 -0.00028745159981626841 -0.00028745159981626841 0.027962802162063125 0.052796928817715826
leaf_weight=16.885665434994735 4.1853660105261934 14.607958306092767 55.592428427757113 22.618674607299933 3.6983710263157255 1.7910955548286427 1.6531081376597274 12.050118854327595 5.3532346113352087 0.64936175954062392 0.60886877775192161 2.9949206742458045 7.4361463150708005
leaf_count=107 51 60 1083 856 22 8 5 48 162 2 1 6 13
internal_value=-0.00259226 -0.00605215 -0.0104432 -0.0265821 -0.0400113 -0.0499908 -0.0572194 0.000151645 0.0223055 -0.0647934 -0.068075 -0.000287452 0.0334766
internal_weight=150.125 138.504 123.896 47.9051 31.0195 27.3211 25.53 75.9907 20.3983 23.8769 23.2275 8.34816 11.6215
internal_count=2424 2360 2300 1001 894 872 864 1299 216 859 857 168 64
is_linear=0
shrinkage=0.06


Tree=143
num_leaves=15
num_cat=0
split_feature=25 243 111 191 197 209 254 67 5 139 111 21 98 173
split_gain=5.23182 5.7353 7.67835 6.45384 4.74372 3.83878 3.75082 3.95946 1.91 1.28342 0.591595 0.481637 0.445315 0.19087
threshold=0.0054141994489066087 0.032900903782519197 22.427995187895643 2.0666666666666775 0.1098515830825986 14.335278899624781 0.00023188408602504382 0.05658678205911153 0.016458364770640211 9.2000000000000011 34.541577172279368 0.44259661184471766 0.022423119990203532 0.58477011494252884
decision_type=2 2 2 2 2 2 2 2 2 2 2 2 2 2
left_child=1 2 6 4 5 8 -1 13 9 11 -5 -3 -2 -8
right_child=12 3 -4 10 -6 -7 7 -9 -10 -11 -12 -13 -14 -15
leaf_value=-0.0048025709927758294 0.052930539839674537 -0.067969486368649343 0.031479650951466522 -0.0048025709927758294 -0.0048025709927758294 -0.0048025709927758294 -0.0048025709927758294 0.031479650951466522 -0.0048025709927758294 -0.0048025709927758294 0.022594756941103994 -0.0048025709927758294 0.031479650951466522 0.020508604819529673
leaf_weight=39.400643343746196 6.695157801965248 16.542504159486299 31.645866431732429 30.94285144895548 4.425528436084277 2.3550914265215388 2.9289570361725046 10.331823797023388 0.63996494933962722 0.40237145125865836 3.6646029950352377 0.37729163117182807 5.8577846814296208 2.0408917665481567
leaf_count=558 18 655 384 455 52 10 63 42 3 2 49 15 72 3
internal_value=0.00252149 -0.000892699 0.00890616 -0.0149746 -0.0380874 -0.0505722 -0.00480257 0.0231815 -0.059908 -0.0639247 -0.00480257 -0.0665797 0.0368257 -0.00480257
internal_weight=158.251 145.698 86.3482 59.3502 24.7428 20.3172 54.7023 15.3017 17.9621 17.3222 34.6075 16.9198 12.5529 4.96985
internal_count=2381 2291 1050 1241 737 685 666 108 675 672 504 670 90 66
is_linear=0
shrinkage=0.06


Tree=144
num_leaves=13
num_cat=0
split_feature=79 173 53 197 163 144 95 147 106 85 69 163
split_gain=4.12227 4.35141 6.68938 3.73999 3.49744 2.73622 5.22336 2.43209 2.60457 1.74636 1.7742 0.0666028
threshold=0.063918269720252899 0.47213622291021679 0.019774031709682987 0.10824869060268007 0.8389976958525347 0.0011771630823920239 0.69080035806746165 0.4250000000000001 0.61755030801404975 0.27461202084735398 0.00027381874481037575 0.8389976958525347
decision_type=2 2 2 2 2 2 2 2 2 2 2 2
left_child=1 5 11 4 -4 6 7 8 9 10 -1 -3
right_child=-2 2 3 -5 -6 -7 -8 -9 -10 -11 -12 -13
leaf_value=-0.063591485793650565 0.039307098844588266 -0.0069442639440034509 -0.0069442639440034509 0.039307098844588266 0.039307098844588266 -0.0069442639440034509 -0.0069442639440034509 -0.0069442639440034509 -0.0069442639440034509 -0.0069442639440034509 -0.0069442639440034509 0.012524894658400117
leaf_weight=16.710157915076724 8.342682467759003 13.630398532535759 4.9449502045754361 18.856377044459805 3.9784493893384933 70.506867586380395 6.9572042701765886 1.2952921390533436 1.1417883932590474 0.67402870953082938 0.61170387268066306 2.1832546368241319
leaf_count=849 63 149 55 56 8 1159 18 5 3 3 1 14
internal_value=0.00274063 6.67447e-05 0.0154252 0.0327799 -0.00108616 -0.00694426 -0.025341 -0.0428042 -0.0491759 -0.0555148 -0.0595918 -0.00694426
internal_weight=149.833 141.49 43.5934 27.7798 8.9234 97.897 27.3902 20.433 19.1377 17.9959 17.3219 15.8137
internal_count=2383 2320 282 119 63 2038 879 861 856 853 850 163
is_linear=0
shrinkage=0.06


Tree=145
num_leaves=15
num_cat=0
split_feature=29 45 29 207 41 23 250 93 269 249 36 77 193 29
split_gain=4.54494 5.91201 5.5751 4.1484 3.93556 2.21953 2.47831 2.15461 1.574 0.609105 0.905932 0.417669 0.33938 0.202857
threshold=6.6716239021582497 0.0051304812412984371 5.4729308173917888 7.1337498029626838 0.00053741795043826693 0.060978283829020312 2.8665857277755635 1.3481265176987021 1.0000000180025095e-35 0.046355177279184555 15.500000000000002 0.0042392153518458079 0.11016014234875447 5.5067527939555712
decision_type=2 2 2 2 2 2 2 2 2 2 2 2 2 2
left_child=1 2 7 13 9 6 11 8 12 10 -5 -2 -1 -3
right_child=5 3 -4 4 -6 -7 -8 -9 -10 -11 -12 -13 -14 -15
leaf_value=0.0094822570646470438 -0.05936274237560784 0.0094822570646470438 -0.015622677046839933 0.0094822570646470438 0.0094822570646470438 -0.015622677046839933 -0.015622677046839933 -0.015622677046839933 -0.015622677046839933 0.061553136996252068 0.038552697398398679 -0.015622677046839933 -0.0065880651800096701 -0.0099426788051983454
leaf_weight=36.085535606427584 8.3911325964290917 17.847584131755898 17.964276935526868 1.2396960910409749 5.7431705793132997 20.624548915540799 2.4218754841713226 3.7670547525049178 1.957579657784662 14.258738867938517 2.825902053155005 0.37276739138178605 13.908371888683176 1.7858520181034681
leaf_count=210 383 211 445 43 94 487 27 200 61 20 5 11 171 35
internal_value=0.00386495 0.00931924 -0.00116522 0.0262741 0.0422564 -0.0156227 -0.0409801 0.00948226 0.00948226 0.0551289 0.0197312 -0.0563891 0.00948226 0.00948226
internal_weight=149.194 117.384 73.6828 43.7009 24.0675 31.8103 11.1858 55.7185 51.9515 18.3243 4.0656 8.7639 49.9939 19.6334
internal_count=2403 1495 1087 408 162 908 421 642 442 68 48 394 381 246
is_linear=0
shrinkage=0.06


Tree=146
num_leaves=14
num_cat=0
split_feature=118 243 251 269 259 222 57 233 32 29 245 198 0
split_gain=3.75899 6.57095 4.15133 3.59404 3.36059 5.86126 3.26619 3.10788 1.05909 1.03805 1.184 0.615949 0.0960185
threshold=0.0025886539797058124 0.034689304554634239 0.0033300036992648494 1.0000000180025095e-35 0.000336021657137773 0.079824354416876214 0.18143067701323198 0.10723937668909207 11.500000000000002 5.6766520484530005 0.078955607749038162 0.96578246923789302 73.01666666666668
decision_type=2 2 2 2 2 2 2 2 2 2 2 2 2
left_child=4 2 -2 6 5 7 -4 8 11 -8 -11 -1 -13
right_child=1 -3 3 -5 -6 -7 9 -9 -10 10 -12 12 -14
leaf_value=-0.065943830367755876 -0.0060314540317133476 -0.0060314540317133476 -0.0060314540317133476 -0.0060314540317133476 -0.0060314540317133476 -0.0060314540317133476 0.059648212843788635 -0.0060314540317133476 -0.0060314540317133476 -0.0060314540317133476 0.033319398342145701 -0.0060314540317133476 -0.018368878371348599
leaf_weight=12.145130794371644 5.9487436448398503 18.380145529212314 2.4228169213893258 1.9584262472344551 67.188566366574378 12.392849916563135 17.037628334248449 1.2898670671856969 0.68884654296562153 1.6140582830703341 4.9226537012727931 0.46615872532129354 0.79564265428052749
leaf_count=411 91 538 65 28 991 87 47 10 7 46 21 2 41
internal_value=0.00106037 0.0136892 0.0293079 0.0386698 -0.00603145 -0.0262481 0.0449853 -0.0498254 -0.058674 0.0515176 0.0213161 -0.0621326 -0.00750756
internal_weight=147.252 52.2845 33.9043 27.9556 94.9671 27.7785 25.9972 15.3856 14.0958 23.5743 6.53671 13.4069 1.2618
internal_count=2385 836 298 207 1549 558 179 471 461 114 67 454 43
is_linear=0
shrinkage=0.06


Tree=147
num_leaves=11
num_cat=0
split_feature=218 87 165 12 41 148 30 128 45 21
split_gain=4.68346 3.72446 4.14168 5.93489 5.36365 2.74368 1.35348 4.89827 6.13364 2.31721
threshold=0.048312543312543317 1.277137377268059 0.16333333333333336 123.50000000000001 0.0026311519564892884 0.0086945743023091101 48.649608612060554 0.010792409988863711 0.0076019386686840438 0.54210048228403163
decision_type=2 2 2 2 2 2 2 2 2 2
left_child=1 2 4 5 6 -4 7 8 9 -1
right_child=-2 -3 3 -5 -6 -7 -8 -9 -10 -11
leaf_value=-0.050553728519255603 0.041685503803194676 0.041685503803194676 -0.0052458735664966541 0.041685503803194676 -0.050553728519255603 0.036098871337952192 -0.0052458735664966541 -0.0052458735664966541 -0.0052458735664966541 -0.0052458735664966541
leaf_weight=13.521067817957375 9.1305535659193975 5.310640186071395 6.4764979362953472 9.4854084760881943 7.4330440636622361 3.946297612041235 66.679749330738559 22.527608426869847 7.7264615626772857 1.1654004156589497
leaf_count=393 20 32 157 25 346 14 1108 237 80 3
internal_value=0.00418126 0.00127021 -0.000913866 0.023106 -0.00524587 -0.00524587 -0.00524587 -0.0171171 -0.036798 -0.0505537
internal_weight=153.403 144.272 138.962 19.9082 119.053 10.4228 111.62 44.9405 22.4129 14.6865
internal_count=2415 2395 2363 196 2167 171 1821 713 476 396
is_linear=0
shrinkage=0.06


Tree=148
num_leaves=14
num_cat=0
split_feature=197 29 108 145 209 173 108 100 36 159 12 45 209
split_gain=4.69998 7.44444 6.30987 6.32647 7.18448 4.24348 3.01893 3.90602 1.75435 1.4418 1.36376 0.78085 0.167439
threshold=0.10928754206746817 6.1162830704669711 0.0035706317332823358 0.11834733893557424 13.266677980051735 0.58477011494252884 0.22000175982142448 0.026165739169241798 58.500000000000007 17.105514924626124 143.50000000000003 0.0030309843206951172 14.335278899624781
decision_type=2 2 2 2 2 2 2 2 2 2 2 2 2
left_child=1 2 3 -1 5 7 9 8 -5 12 -2 -12 -3
right_child=10 6 -4 4 -6 -7 -8 -9 -10 -11 11 -13 -14
leaf_value=0.021091409315830156 0.021091409315830156 -0.055094893460945815 0.021091409315830156 -0.032314640713554131 0.021091409315830156 0.021091409315830156 0.021091409315830156 0.021091409315830156 0.021091409315830156 -0.032314640713554131 0.021091409315830156 0.051867771734484244 -0.032314640713554131
leaf_weight=13.884213940298649 32.989126216954901 17.212657162439456 28.379775865934789 23.465328140475336 5.6758612785488358 3.6094327196478835 2.2718439053278408 2.3351352512836447 1.8403099998831738 9.2985969950968848 1.8726575055625279 8.0297218000050616 0.84915187209844489
leaf_count=60 400 774 225 666 13 13 13 9 2 199 27 31 6
internal_value=0.00475265 -0.00195157 0.00770456 -0.00578785 -0.0187601 -0.0266124 -0.0266124 -0.0266124 -0.0323146 -0.0323146 0.0210914 0.0431648 -0.0513627
internal_weight=151.714 108.822 79.1901 50.8103 36.9261 31.2502 29.6322 27.6408 25.3056 27.3604 42.8915 9.90238 18.0618
internal_count=2438 1980 988 763 703 690 992 677 668 979 458 58 780
is_linear=0
shrinkage=0.06


Tree=149
num_leaves=14
num_cat=0
split_feature=31 117 112 118 251 243 242 45 221 221 95 112 23
split_gain=3.1454 5.99496 5.30616 3.75979 3.20049 2.07026 1.67062 1.47284 1.10062 0.274403 0.242746 0.153753 0.000296981
threshold=6.1848022211421378 0.22500000000000003 0.0059071178726452867 0.0025886539797058124 0.0057811823725324079 0.022444264789690204 1.6343519733210408 0.0021762788499691097 0.25524578136463688 0.32889262636098082 0.64705971721999644 0.00071994389724446537 0.060905401309500763
decision_type=2 2 2 2 2 2 2 2 2 2 2 2 2
left_child=3 11 5 -1 -5 -3 -6 -8 -9 -7 -4 -2 -10
right_child=1 2 10 4 6 9 7 8 12 -11 -12 -13 -14
leaf_value=0.01385066679831393 0.0067334558096835148 0.0067334558096835148 0.0067334558096835148 0.01385066679831393 0.01385066679831393 -0.058409968245987022 0.01385066679831393 0.01385066679831393 0.030123299532766021 -0.00030211362881536156 0.01385066679831393 0.01385066679831393 0.066615371441058349
leaf_weight=83.05957852260326 6.2787472340569428 1.6797699642338546 1.1733677157026239 7.6708432458981397 1.851395012170548 10.554815957599194 2.158779519028033 3.5388859511003856 5.351264999946582 0.32090371698723252 4.137012792751193 15.746932052039481 12.615880694938822
leaf_count=970 175 27 66 107 36 520 32 41 24 6 24 314 28
internal_value=0.0089224 -0.00541453 -0.0296044 0.0138507 0.0337396 -0.0487273 0.0444859 0.0492838 0.0540091 -0.0570087 0.0138507 0.0138507 0.0598527
internal_weight=156.138 39.8915 17.8659 116.247 33.187 12.5555 25.5162 23.6648 21.506 10.8757 5.31038 22.0257 17.9671
internal_count=2370 1132 643 1238 268 553 161 125 93 526 90 489 52
is_linear=0
shrinkage=0.06


Tree=150
num_leaves=20
num_cat=0
split_feature=0 60 0 255 53 29 99 143 213 13 24 85 7 94 213 85 10 151 10
split_gain=4.20408 4.39207 4.70088 4.96725 4.7644 5.56783 4.27042 3.65724 3.3944 3.94828 2.69833 2.14155 1.82441 1.43035 1.10229 1.0013 0.455494 0.298178 0.0712797
threshold=70.441666666666677 13.000000000000002 69.700000000000017 0.0019286409542312859 0.018784243386554541 3.8555477244796301 0.87857142857142867 3.9000000000000798 0.013840996168582377 0.11561046999196047 87.500000000000014 0.18748384064561407 0.11660247209372671 4.8500000000000005 0.019704911667637357 0.0038334403331413774 0.18962700664997104 0.38577832904857107 0.18636155873537066
decision_type=2 2 2 2 2 2 2 2 2 2 2 2 2 2 2 2 2 2 2
left_child=1 2 3 4 5 -1 10 11 9 -5 13 12 -7 16 -6 17 -2 -11 -10
right_child=6 -3 -4 8 14 7 -8 -9 18 15 -12 -13 -14 -15 -16 -17 -18 -19 -20
leaf_value=0.0019369019189096432 -0.061162483795943738 0.036437529914711927 0.036437529914711927 0.0019369019189096432 0.0019369019189096432 -0.065229574921751271 0.031087258332960822 0.0019369019189096432 0.032042810373466478 0.0019369019189096432 0.021372869936683959 0.0019369019189096432 0.0019369019189096432 0.012429180688351305 0.019202673812968727 0.032042810373466478 -0.010072185423929389 0.021953851280956477 0.036437529914711927
leaf_weight=8.9194068780052493 7.8886395814479293 13.195317013189195 6.687610050517832 17.583167737539046 29.735075894743204 15.051660614772119 2.1627859487198284 2.4991756101371712 8.6428070746551402 1.5273718121316027 1.0690521448850621 0.70922175794839937 0.5596737293526538 0.50993492081761438 11.336627034659612 8.7402874829713237 1.6263526112888937 1.0753621459007261 10.21632214837882
leaf_count=47 251 51 25 329 483 621 6 37 175 38 4 4 3 3 196 47 33 2 45
internal_value=0.00273231 0.00599172 0.00220338 -0.00102112 -0.0112152 -0.0295093 -0.0272101 -0.0468034 0.0135192 0.0019369 -0.0415877 -0.0565331 -0.061266 -0.0507398 0.0019369 0.0320428 -0.055696 0.0019369 0.0320428
internal_weight=149.736 136.479 123.284 116.596 68.8108 27.7391 13.2568 18.8197 47.7853 28.9262 11.094 16.3206 15.6113 10.0249 41.0717 11.343 9.51499 2.60273 18.8591
internal_count=2400 2103 2052 2027 1391 712 297 665 636 416 291 628 624 287 679 87 284 40 220
is_linear=0
shrinkage=0.06


Tree=151
num_leaves=13
num_cat=0
split_feature=239 60 29 53 0 14 204 173 14 49 5 0
split_gain=4.8628 3.47842 3.74341 6.23936 5.18248 2.80453 5.32957 2.80941 1.89487 1.88807 1.57186 0.74244
threshold=1.4499999999999946 19.000000000000004 3.586020044676447 0.01374388817448036 62.958333333333343 0.54456916729788296 0.10279512600654081 0.58477011494252884 0.72544458171249426 0.089795276491107689 0.016458364770640211 30.391666666666669
decision_type=2 2 2 2 2 2 2 2 2 2 2 2
left_child=-1 2 4 8 11 6 7 9 -4 10 -5 -2
right_child=1 -3 3 5 -6 -7 -8 -9 -10 -11 -12 -13
leaf_value=-0.048047730622510193 0.037337602865953418 0.050712451111435942 -0.048047730622510193 -0.048047730622510193 0.050712451111435942 0.0073051884561133752 0.0073051884561133752 0.0073051884561133752 0.0073051884561133752 0.0073051884561133752 0.0073051884561133752 0.0073051884561133752
leaf_weight=3.542646869638701 3.3904313370585468 5.0388266313821068 7.6880772929871437 10.591686972475141 9.7137867207638902 103.69862932094111 5.5330493061337611 1.931414259597658 1.060020342149073 0.74887657165527421 0.66775254905223924 4.3469894807785749
leaf_count=73 6 10 331 541 9 1361 42 6 17 1 3 37
internal_value=0.00744659 0.00931791 0.00726993 0.00358889 0.031866 0.00730519 -0.014493 -0.035712 -0.0403587 -0.0403587 -0.0480477 0.00730519
internal_weight=157.952 154.41 149.371 131.92 17.4512 123.171 19.4728 13.9397 8.7481 12.0083 11.2594 7.73742
internal_count=2437 2364 2354 2302 52 1954 593 551 348 545 544 43
is_linear=0
shrinkage=0.06


Tree=152
num_leaves=12
num_cat=0
split_feature=239 145 45 21 0 100 21 85 0 0 0
split_gain=3.86413 3.2033 4.5851 3.74761 2.66836 1.94607 1.11539 1.79694 1.04056 0.11346 0.0532252
threshold=1.4766666666666617 0.11238738738738741 0.0020299073101935718 0.38246868324667566 62.958333333333343 0.04490032855947599 0.38664114464941374 0.27461202084735398 30.391666666666669 28.933333333333337 69.700000000000017
decision_type=2 2 2 2 2 2 2 2 2 2 2
left_child=6 4 3 5 8 7 -1 -3 -2 -4 -11
right_child=1 2 9 -5 -6 -7 -8 -9 -10 10 -12
leaf_value=-0.040510363799355457 0.037461754713109779 -0.040510363799355457 0.02216692206756396 0.010423372100042082 0.056913957734296958 0.010423372100042082 0.0054331510666664777 0.010423372100042082 0.010423372100042082 0.010423372100042082 0.01501363078917241
leaf_weight=5.8019104123304706 3.6715749576687795 11.515152619052964 2.5373535208345848 5.7806003421137566 6.7532853148877621 1.3297848254442222 1.94583210645942 0.90008901059627611 3.9427661504596472 89.0042990902366 19.761138421774376
leaf_count=125 9 462 42 57 6 4 18 4 29 1393 252
internal_value=0.00655533 0.00890192 0.00567557 -0.0198424 0.033997 -0.0302244 -0.0302244 -0.0302244 0.0104234 0.0104234 0.0104234
internal_weight=152.944 145.196 130.828 19.5256 14.3676 13.745 7.74774 12.4152 7.61434 111.303 108.765
internal_count=2401 2258 2214 527 44 470 143 466 38 1687 1645
is_linear=0
shrinkage=0.06


Tree=153
num_leaves=30
num_cat=0
split_feature=21 0 0 124 1 53 242 163 143 256 0 69 41 5 110 251 256 239 5 80 144 175 235 195 0 229 254 85 126
split_gain=3.28496 3.74891 4.61314 6.10296 7.59051 6.0848 4.6494 5.54694 4.0211 3.59359 3.4074 2.51302 2.34939 2.56361 2.20818 2.09634 2.03215 2.00734 1.96325 1.91947 1.42948 1.05738 1.05576 0.792418 0.730031 0.580058 0.405594 0.382788 0.30979
threshold=0.54210048228403163 41.666666666666671 57.458333333333343 0.023514145943102138 0.040598649165827075 0.019774031709682987 2.6059259574205367 0.80673457838143758 3.9000000000000798 0.060615937734581814 30.108333333333338 0.00027381874481037575 0.0025196852893233598 0.013786426591534805 0.0074831633491122497 0.039052802403244082 0.11897412727787701 1.7564583333333301 0.013786426591534805 13.500000000000002 0.0081305815931741795 0.19433516915814322 0.13500000000000004 0.052771084337349401 69.700000000000017 0.016472210916655367 0.00055579383994774608 0.016045304785911162 0.27858136943001371
decision_type=2 2 2 2 2 2 2 2 2 2 2 2 2 2 2 2 2 2 2 2 2 2 2 2 2 2 2 2 2
left_child=1 10 5 4 -4 8 7 19 9 11 16 17 27 14 -14 -7 20 18 -3 23 22 28 26 -6 -8 -26 -1 -12 -17
right_child=-2 2 3 -5 6 15 24 -9 -10 -11 12 -13 13 -15 -16 21 -18 -19 -20 -21 -22 -23 -24 -25 25 -27 -28 -29 -30
leaf_value=-0.055455824766863414 0.044702169345278195 -0.068943039286680788 0.037776367158159685 0.037776367158159685 -0.060003369613030023 0.0034293742138471078 0.014012990872010026 0.014012990872010026 0.0034293742138471078 0.0034293742138471078 0.030301164258581915 0.0034293742138471078 -0.047421881249435353 0.030301164258581915 0.02183308551747137 0.0034293742138471078 0.023956148944727029 0.0034293742138471078 0.0034293742138471078 0.014012990872010026 0.013841013299861227 0.043636588909048521 0.0088017667186490751 0.0049789620414727835 0.014012990872010026 0.037776367158159685 -0.001366985187474207 0.043893988054891052 0.022374452406650685
leaf_weight=3.6213711339878492 5.3132701925933352 15.545246478635836 7.3838650770485392 16.11623779401998 12.843581234548767 20.170165068782822 2.2269441275566333 5.2341107316315165 3.7710327120730645 1.450081881135701 17.505884022059035 0.81483626738190551 3.3851285157506927 2.1052041947841644 1.020887899212539 1.3190699641127133 1.7847882285714147 0.82481819845270266 0.54118257761001665 0.64887766540050584 1.1010996024124322 5.0520187069196254 0.67594609386287619 0.40097253868589255 1.8757257299730552 4.4969837601529434 0.66072656254982565 15.397025550810211 1.3801652898546306
leaf_count=99 20 504 10 146 475 338 50 33 39 5 270 2 132 8 2 24 5 8 2 4 5 21 11 5 36 13 20 112 7
internal_value=0.00539998 0.00342958 -0.00307394 0.00945998 -0.00487285 -0.0155766 -0.0195472 -0.0349281 -0.0371234 -0.047777 0.0170341 -0.0554932 0.0240811 -0.0070851 -0.0295687 0.00342937 -0.0160739 -0.0606104 -0.0650467 -0.052809 -0.0308841 0.0312923 -0.0419402 -0.0576409 0.0147987 0.0330282 -0.0502022 0.0303012 0.00342937
internal_weight=154.667 149.354 102.096 51.2273 35.1111 50.8686 27.7272 19.1275 22.9472 19.1762 47.2581 17.7261 39.4141 6.51122 4.40602 27.9214 7.84393 16.9112 16.0864 13.8934 6.05914 7.75125 4.95804 13.2446 8.59965 6.37271 4.2821 32.9029 2.69924
internal_count=2406 2386 1722 772 626 950 616 517 560 521 664 516 524 142 134 390 140 514 506 484 135 52 130 480 99 49 119 382 31
is_linear=0
shrinkage=0.06


Tree=154
num_leaves=12
num_cat=0
split_feature=60 25 204 29 267 250 253 95 0 5 233
split_gain=2.99817 3.29179 3.17133 3.82673 7.81276 5.55305 2.40677 1.891 1.66539 0.977272 0.128017
threshold=19.000000000000004 0.0054869787746500082 0.38644135835051091 4.2398332679286144 0.006062356163424599 1.573811772112071 0.0040801287641474481 0.62468843060221713 71.208333333333357 0.045328975350846588 0.13289183222958059
decision_type=2 2 2 2 2 2 2 2 2 2 2
left_child=1 2 3 4 7 6 9 8 -1 10 -5
right_child=-2 -3 -4 5 -6 -7 -8 -9 -10 -11 -12
leaf_value=-0.0036229697425588701 0.045293567925708066 0.03509741099513989 0.03509741099513989 -0.059376531134082998 -0.0036229697425588701 -0.0036229697425588701 -0.0036229697425588701 0.03509741099513989 0.032105405092182022 -0.0036229697425588701 -0.0036229697425588701
leaf_weight=2.2073516855598561 5.7100815512239924 11.460752734739797 5.6050192280672482 8.5323494184121866 6.5347772232489652 95.259534424883896 1.9127269876189519 18.593565752264112 2.7278206197079271 0.3686350882053383 0.31385134180891405
leaf_count=48 11 77 26 449 77 1624 15 45 7 1 12
internal_value=0.00863025 0.00670159 0.00395521 0.00179043 0.0199781 -0.00362297 -0.042672 0.0350974 -0.00222861 -0.0542175 -0.0581537
internal_weight=159.226 153.516 142.056 136.451 30.0635 106.387 11.1276 23.5287 4.93517 9.21484 8.8462
internal_count=2392 2381 2304 2278 177 2101 477 100 55 462 461
is_linear=0
shrinkage=0.06


Tree=155
num_leaves=13
num_cat=0
split_feature=173 146 29 10 159 0 10 86 5 203 0 0
split_gain=3.65817 4.31558 3.48071 5.9252 6.20434 2.68138 1.02607 1.44562 1.29395 0.861751 0.51086 0.0220474
threshold=0.58477011494252884 0.15744217923891998 3.586020044676447 0.17409699410200122 16.679010927511587 62.958333333333343 0.20018284022808078 650.00000000000011 0.016458364770640211 0.63364018795546151 30.391666666666669 83.533333333333346
decision_type=2 2 2 2 2 2 2 2 2 2 2 2
left_child=1 2 5 4 7 10 -3 8 9 -4 -1 -5
right_child=-2 6 3 11 -6 -7 -8 -9 -10 -11 -12 -13
leaf_value=0.032900857428923853 0.039783960509903668 -0.048340403618840365 -0.048340403618840365 0.0096006352350734413 0.0096006352350734413 0.039783960509903668 0.0096006352350734413 0.0096006352350734413 0.0096006352350734413 0.0096006352350734413 0.0096006352350734413 0.017111346667599822
leaf_weight=3.2140930369496372 10.46894317306578 4.3688522970114709 10.788807419143261 100.7998998999974 4.4007105037744614 9.1886918377131206 0.49821528047323216 0.57681640982627946 0.54980492591857988 0.5250312518328436 4.275780500145629 2.6749028592603272
leaf_count=6 42 198 308 1685 50 10 2 2 2 5 34 31
internal_value=0.00854715 0.00572093 0.00794121 0.00412638 -0.0269571 0.0320722 -0.0408855 -0.0408855 -0.0483404 -0.0483404 0.00960064 0.00960064
internal_weight=152.331 141.862 136.995 120.316 16.8412 16.6786 4.86707 12.4405 11.8636 11.3138 7.48987 103.475
internal_count=2375 2333 2133 2083 367 50 200 317 315 313 40 1716
is_linear=0
shrinkage=0.06


Tree=156
num_leaves=16
num_cat=0
split_feature=29 0 0 203 203 251 173 162 85 159 203 1 5 0 14
split_gain=3.57116 5.04192 3.19712 2.73397 2.48725 3.73932 5.83044 1.76151 1.84604 1.72006 0.778216 0.546496 0.216578 0.112027 0.0757353
threshold=4.2710756138063646 62.958333333333343 32.716666666666676 0.32060030286660174 0.71015360546411166 0.0023761438209250847 0.43405797101449278 0.16323122827187872 0.27461202084735398 14.224930615303194 0.32083411940791379 0.043981496210795577 0.002647988707446404 65.691666666666677 0.76901286148269343
decision_type=2 2 2 2 2 2 2 2 2 2 2 2 2 2 2
left_child=1 3 7 -1 5 6 9 8 11 -4 -7 -2 14 -3 -11
right_child=2 13 4 -5 -6 10 -8 -9 -10 12 -12 -13 -14 -15 -16
leaf_value=7.0445583151882991e-05 7.0445583151882991e-05 0.061139421821619459 -0.062637220629151294 0.03511530100331272 0.03511530100331272 7.0445583151882991e-05 7.0445583151882991e-05 7.0445583151882991e-05 7.0445583151882991e-05 -0.019474643968261502 0.011268232614223703 -0.058042168671658588 7.0445583151882991e-05 0.03511530100331272 7.0445583151882991e-05
leaf_weight=11.437223658140288 0.38068459212081318 5.7447668020613474 8.3324813652143366 6.013991354382596 3.9021309763193122 25.063807363774686 12.294358511513563 0.98564469814300526 0.77873295545577992 0.7904012272410903 53.078116472497641 5.8652227146885707 0.74274896061979223 6.8355253803310916 0.59827687457436696
leaf_count=118 6 6 297 33 17 511 168 2 3 62 905 210 7 34 11
internal_value=0.00415558 0.0218371 -0.000849777 7.04456e-05 7.04456e-05 3.52379e-05 -0.0232475 -0.0339809 -0.0445256 -0.0525041 7.04456e-05 -0.0545425 -0.00174484 0.0478801 -0.01523
internal_weight=142.844 30.0315 112.813 17.4512 104.802 100.9 22.7583 8.01028 7.02464 10.4639 78.1419 6.24591 2.13143 12.5803 1.38868
internal_count=2390 191 2199 151 1978 1961 545 221 219 377 1416 216 80 40 73
is_linear=0
shrinkage=0.06


Tree=157
num_leaves=20
num_cat=0
split_feature=69 110 165 203 60 218 191 235 29 242 155 3 221 144 12 29 12 197 155
split_gain=3.51518 3.61909 4.03792 4.26978 5.30323 6.04939 7.90129 10.526 4.61565 3.72367 3.69217 2.50253 2.37835 1.62008 0.908623 0.565706 0.431331 0.0267959 0.0054767
threshold=1.0000000180025095e-35 0.0074831633491122497 0.16333333333333336 0.59378268889081232 19.000000000000004 0.048312543312543317 2.1666666666665537 0.17222816399286991 5.6361217196420776 2.2276617467501771 0.83980409578847082 1.0000000180025095e-35 0.31986394557823133 0.0066292843066286886 123.50000000000001 5.990817776620573 80.500000000000014 0.1090076902260383 0.34559417665004738
decision_type=2 2 2 2 2 2 2 2 2 2 2 2 2 2 2 2 2 2 2
left_child=1 2 3 4 5 6 7 8 9 10 11 -1 -13 17 -4 -9 -3 -8 -11
right_child=-2 16 14 -5 -6 -7 13 15 -10 18 -12 12 -14 -15 -16 -17 -18 -19 -20
leaf_value=-0.002601600882172882 0.045614381958750665 0.024800688984206027 0.024800688984206027 0.024800688984206027 0.024800688984206027 0.024800688984206027 0.0085949065260671406 0.0085949065260671406 -0.063701786244084666 -0.0018289138223700511 0.0085949065260671406 -0.062958037008322462 -0.002601600882172882 0.024800688984206027 0.034103532752517353 -0.016498050357624638 0.045319540386590702 0.024800688984206027 0.0085949065260671406
leaf_weight=4.6762564685195782 5.3612569086253634 3.1785081310081278 9.52406544944097 8.8722950596129504 4.6685887891799203 7.8523921538144341 12.094514424286904 10.173263940610918 18.732756367691763 0.66746885061729599 1.6802115440368641 12.806453206343575 2.9887087761890134 8.2261562547646445 8.7140611641807464 3.3352849222137602 7.1425952797289938 9.8386168569704733 6.2471186266629957
leaf_count=22 18 28 173 61 6 18 254 68 912 18 1 445 21 39 26 73 28 82 113
internal_value=0.0051618 0.00301351 9.01786e-05 -0.00426534 -0.00794362 -0.0115609 -0.0161799 -0.0282539 -0.0413057 -0.0236999 -0.0350252 -0.0428157 -0.0530909 0.00859491 0.0248007 0.00859491 0.0341035 0.00859491 0.00859491
internal_weight=146.781 141.419 131.098 112.86 103.988 99.3192 91.4668 61.3075 47.799 29.0662 22.1516 20.4714 15.7952 30.1593 18.2381 13.5085 10.3211 21.9331 6.91459
internal_count=2406 2388 2332 2133 2072 2066 2048 1673 1532 620 489 488 466 375 199 141 56 336 131
is_linear=0
shrinkage=0.06


Tree=158
num_leaves=18
num_cat=0
split_feature=118 0 60 191 218 235 21 127 10 43 31 3 30 191 13 5 191
split_gain=3.29871 5.76612 5.81004 6.64105 4.82764 6.8045 7.94628 3.17604 2.80876 2.80625 1.3243 0.806958 0.738085 2.86129 2.51836 0.470584 0.350935
threshold=0.0025886539797058124 43.391666666666673 13.000000000000002 2.2333333333332903 0.033838875771822714 0.17222816399286991 0.54210048228403163 0.29285714285714287 0.18718697130680087 0.04397986883761229 7.9271894889936414 0.21232831427908549 48.611856460571296 2.0999999999999264 0.12703137824967206 0.00046669000751952989 4.150000000000035
decision_type=2 2 2 2 2 2 2 2 2 2 2 2 2 2 2 2 2
left_child=1 7 3 4 5 6 -3 -1 -2 -10 12 -7 13 14 -9 -5 -12
right_child=8 2 -4 15 -6 11 -8 10 9 -11 16 -13 -14 -15 -16 -17 -18
leaf_value=-0.037810069420248553 0.01845351180672233 -0.06842433307308407 0.01845351180672233 0.013396988830553546 0.013396988830553546 0.013396988830553546 0.0057014036228829933 -0.021146578965021784 0.059498589120829289 0.01845351180672233 -0.028432288199181872 0.0057014036228829933 0.01845351180672233 0.01845351180672233 0.01845351180672233 0.01845351180672233 0.0080910688531820943
leaf_weight=1.8419866170152079 38.658140178886242 21.131160371136509 9.1789242103695852 6.0056258233817035 3.9801612570881835 4.305222514376509 2.348204754292964 5.379091410795807 10.807137342082568 3.0764392309210953 1.4617645479920596 3.6799626339634415 20.59166670878767 6.9091412174166171 2.6313553981017321 8.0419123282190395 0.30916550755500805
leaf_count=46 739 776 35 70 12 14 9 172 22 84 111 75 142 42 6 52 3
internal_value=0.00663086 3.64658e-05 -0.011721 -0.0201759 -0.0334865 -0.0412798 -0.0564512 0.0173807 0.0184535 0.0445204 0.0184535 0.0057014 0.0184535 0.00131122 -0.0211466 0.013397 -0.0211466
internal_weight=150.337 97.7953 58.6712 49.4922 35.4447 31.4646 23.4794 39.1242 52.5417 13.8836 37.2822 7.98519 35.5113 14.9196 8.01045 14.0475 1.77093
internal_count=2410 1565 1043 1008 886 874 785 522 845 106 476 89 362 220 178 122 114
is_linear=0
shrinkage=0.06


Tree=159
num_leaves=15
num_cat=0
split_feature=60 207 29 29 203 242 49 258 24 29 243 250 242 150
split_gain=3.03611 3.40742 6.22161 4.17863 7.90343 4.47646 2.82523 2.50134 2.22077 1.90638 1.48036 1.32171 0.993423 0.0450433
threshold=19.000000000000004 8.2727641815091157 6.2158771534558559 3.586020044676447 0.3200412992451151 1.6299398016479705 0.086866592961120329 1.0000000180025095e-35 82.500000000000014 5.3476805103254721 0.011812447556494316 2.1000000000000987 2.2197743948754147 0.98791666456886551
decision_type=2 2 2 2 2 2 2 2 2 2 2 2 2 2
left_child=1 3 -3 -1 12 6 8 10 -6 -7 11 -4 13 -5
right_child=-2 2 7 4 5 9 -8 -9 -10 -11 -12 -13 -14 -15
leaf_value=0.022542030622482067 0.043080708004448992 0.043080708004448992 0.0038443583943616657 -0.058207048360341684 -0.038023325742091156 0.022542030622482067 0.0038443583943616657 0.043080708004448992 0.0038443583943616657 0.0038443583943616657 0.0038443583943616657 0.041334284831620952 -0.012646914655683234 -0.038023325742091156
leaf_weight=16.479466993827373 5.3222166448831549 8.5717019409639743 1.9398521150578725 8.1196493146126212 8.3699919729842751 27.134767002658918 2.0138190090656272 3.6000594942597663 1.2847838848829276 16.283592987936572 24.743701457908173 6.3196963671362028 6.3840369877580079 7.3658292651089132
leaf_count=55 13 22 45 207 207 302 3 11 4 316 841 19 154 170
internal_value=0.00538762 0.00334815 0.0165044 -0.00322529 -0.00917433 0.00320959 -0.0305481 0.00384436 -0.0380233 0.00384436 0.00384436 0.0297883 -0.0380233 -0.0458418
internal_weight=143.933 138.611 45.175 93.4359 76.9565 55.087 11.6686 36.6033 9.65478 43.4184 33.0032 8.25955 21.8695 15.4855
internal_count=2369 2356 938 1418 1363 832 214 916 211 618 905 64 531 377
is_linear=0
shrinkage=0.06


Tree=160
num_leaves=19
num_cat=0
split_feature=258 60 21 29 207 266 239 29 53 207 41 199 254 128 149 112 163 128
split_gain=3.58953 3.5284 2.92167 3.80938 6.88026 6.10598 4.89259 4.42822 6.37233 3.70544 3.48162 3.06961 2.07872 1.16116 0.812084 0.784952 0.348696 0.0908943
threshold=1.0000000180025095e-35 19.000000000000004 0.54210048228403163 6.2158771534558559 8.2466948897250489 0.010781373922164163 1.5066666666666568 4.2398332679286144 0.020595386478573108 10.827611267150155 0.0012846597515178406 0.19152301116704612 0.00033721288293078538 0.011960927689201864 0.11397354536586339 0.0059071178726452867 0.86996779388083745 0.11303227402610404
decision_type=2 2 2 2 2 2 2 2 2 2 2 2 2 2 2 2 2 2
left_child=1 2 3 4 5 6 -1 -8 -9 11 13 12 15 14 -10 16 -5 -12
right_child=-2 -3 -4 9 -6 -7 7 8 10 -11 17 -13 -14 -15 -16 -17 -18 -19
leaf_value=-0.01488818516067919 0.046775613634844816 0.046775613634844816 0.042091435646864184 -0.059868779363611513 0.042091435646864184 -0.01488818516067919 0.039923790966020056 -0.01488818516067919 -0.01488818516067919 0.0097408339029073712 -0.01488818516067919 -0.01488818516067919 -0.01488818516067919 0.039923790966020056 0.018560985313800227 -0.01488818516067919 -0.01488818516067919 0.0041863858196864653
leaf_weight=5.4737103713268871 5.6628510461305259 4.4339791499078265 4.3783152364194384 12.256156103816467 8.9532741247094219 29.723307550033496 20.443470430211164 11.449390960566236 0.90741859623813148 13.376914766762637 2.1866243382974084 7.4360045701032496 4.8027021248635711 10.36180920305196 4.1734530564863235 0.43342705059330988 0.40028744190931398 0.87550481501966704
leaf_count=93 31 8 19 528 28 502 85 331 42 347 67 62 167 30 53 7 3 11
internal_value=0.00671177 0.0044876 0.00242056 0.000513953 0.00699699 0.00109476 0.0129354 0.0197475 0.00434047 -0.0148882 0.0265436 -0.0276566 -0.0432038 0.037666 0.00747217 -0.0546658 -0.0579242 -0.0148882
internal_weight=147.729 142.066 137.632 133.253 94.548 85.5947 55.8714 50.3977 29.9542 38.7055 18.5048 25.3286 17.8926 15.4427 5.08087 13.0899 12.6564 3.06213
internal_count=2414 2383 2375 2356 1242 1214 712 619 534 1114 203 767 705 125 95 538 531 78
is_linear=0
shrinkage=0.06


Tree=161
num_leaves=13
num_cat=0
split_feature=166 242 248 253 235 239 203 261 251 243 222 145
split_gain=4.63423 4.72603 5.08671 5.69923 7.02887 8.16566 8.92289 6.92869 4.12312 2.43194 0.933557 0.530503
threshold=0.0062543859871352836 2.4427566360668949 6.2972957294089404 0.0012705186406405621 0.17222816399286991 1.7366666666666812 0.59378268889081232 0.046111980537538462 0.022869272638658445 0.036731928506366432 0.075588260997095369 0.19756097560975613
decision_type=2 2 2 2 2 2 2 2 2 2 2 2
left_child=1 2 3 4 5 6 7 8 -1 -3 -9 -5
right_child=-2 9 -4 11 -6 -7 -8 10 -10 -11 -12 -13
leaf_value=-0.04284164918349357 0.043028301165862481 0.043028301165862481 0.017398516629299823 0.017398516629299823 0.012874768916086535 0.012874768916086535 0.012874768916086535 -0.068281999699132373 0.012874768916086535 0.017398516629299823 -0.04284164918349357 0.012874768916086535
leaf_weight=3.3450555447634525 6.4617052276153109 7.3559045235160978 6.4218000220134845 10.441600907826802 13.87265773443505 5.3732548975385717 6.2857229589717454 24.5660811997368 4.9299408292863518 22.390298751372029 11.492996276239863 10.622167325054759
leaf_count=125 35 27 20 39 156 51 39 1184 23 404 200 97
internal_value=1.29871e-05 -0.00280666 -0.00920642 -0.0135903 -0.0217054 -0.0309873 -0.0389451 -0.0483626 0.00112712 0.0173985 -0.0591822 0.0128748
internal_weight=133.559 127.097 97.3513 90.9295 69.8657 55.9931 50.6198 44.3341 8.275 29.7462 36.0591 21.0638
internal_count=2400 2365 1934 1914 1778 1622 1571 1532 148 431 1384 136
is_linear=0
shrinkage=0.06


Tree=162
num_leaves=10
num_cat=0
split_feature=258 21 175 30 174 29 0 5 0
split_gain=3.46357 3.20806 3.49428 6.67846 5.3124 3.34995 3.47049 0.896613 0.547127
threshold=1.0000000180025095e-35 0.54210048228403163 0.13245614035087722 48.649608612060554 0.25807267133293804 3.586020044676447 62.958333333333343 0.0041649320011101871 42.708333333333336
decision_type=2 2 2 2 2 2 2 2 2
left_child=1 2 3 4 7 6 8 -1 -4
right_child=-2 -3 5 -5 -6 -7 -8 -9 -10
leaf_value=-0.067430611058151194 0.042832012672896914 0.042589983915846702 0.027204613776560506 0.0053905820056201178 0.0053905820056201178 0.0053905820056201178 0.042589983915846702 0.0026460111837164923 0.0053905820056201178
leaf_weight=9.9788261368521418 5.8184045397210857 4.5710330717265597 3.3403984755277625 21.465251710858865 3.3153517721220842 77.264880859489494 8.1151979528367502 0.53930987324565727 4.0755510330200195
leaf_count=342 33 21 8 522 18 1431 6 5 23
internal_value=0.00401501 0.00170175 -0.000389657 -0.0159413 -0.0455415 0.00573755 0.0316941 -0.0639888 0.00539058
internal_weight=138.484 132.666 128.095 35.2987 13.8335 92.796 15.5311 10.5181 7.41595
internal_count=2409 2376 2355 887 365 1468 37 347 31
is_linear=0
shrinkage=0.06


Tree=163
num_leaves=14
num_cat=0
split_feature=92 253 239 254 201 29 251 235 174 246 235 57 197
split_gain=4.82829 4.30487 4.9676 4.98265 5.80063 8.13531 4.73504 6.91138 7.34064 1.61049 1.22991 0.315562 0.157963
threshold=1562.5000000000002 0.0013459169625389467 1.7400000000000013 0.00093603753262258744 0.4431524547803618 5.1809111231453198 0.022869272638658445 0.17222816399286991 0.31385630661423197 1.9120569403014875 2.5897656250000005 0.19134944219932115 0.10818031341458362
decision_type=2 2 2 2 2 2 2 2 2 2 2 2 2
left_child=1 2 3 4 5 6 7 8 -1 11 -7 -3 -2
right_child=12 9 -4 -5 -6 10 -8 -9 -10 -11 -12 -13 -14
leaf_value=-0.053383353436019916 0.027813457879186765 0.01404935539658605 0.01404935539658605 0.01404935539658605 0.013525529914428623 -0.055035976526535753 0.013525529914428623 0.013525529914428623 0.013525529914428623 0.01404935539658605 0.01087141483918224 0.027813457879186765 0.04049735926015436
leaf_weight=11.410418712519464 3.2562810398812845 4.5977752296021217 7.8283896383945821 9.2658883723270247 11.143233284557935 27.994147098626872 9.428221344627671 4.8738329968182361 2.9199433661997309 10.64608583023073 0.43306031823158164 9.8267299851868284 11.151576301781459
leaf_count=346 86 30 73 141 109 1260 116 40 6 99 2 27 81
internal_value=-0.0026433 -0.00704353 -0.013423 -0.0184942 -0.0241606 -0.0317292 -0.00814844 -0.0252017 -0.0455796 0.0140494 -0.0533834 0.0278135 0.0278135
internal_weight=124.776 110.368 85.2971 77.4687 68.2029 57.0596 28.6324 19.2042 14.3304 25.0706 28.4272 14.4245 14.4079
internal_count=2416 2249 2093 2020 1879 1770 508 392 352 156 1262 57 167
is_linear=0
shrinkage=0.06


Tree=164
num_leaves=15
num_cat=0
split_feature=29 243 112 218 60 155 111 69 31 5 21 77 133 29
split_gain=3.96917 7.72174 5.33498 4.31069 4.97095 2.77901 2.49916 1.94853 1.87509 1.0953 0.813788 0.616648 0.40818 0.0125805
threshold=3.8555477244796301 0.036731928506366432 0.0026592025142408173 0.063416349079736492 11.000000000000002 0.82955144385271007 22.427995187895643 0.00030406643102904587 7.3990603134140605 0.045328975350846588 0.29941630599116054 0.0063482964558011085 0.29285714285714287 5.3186179695299387
decision_type=2 2 2 2 2 2 2 2 2 2 2 2 2 2
left_child=12 6 3 4 5 7 -2 9 10 11 -8 -3 -1 -6
right_child=1 2 -4 -5 13 -7 8 -9 -10 -11 -12 -13 -14 -15
leaf_value=0.028123706713410416 0.0099002384004355532 -0.068460065752841304 0.0099002384004355532 0.0099002384004355532 0.0099002384004355532 0.0086192609049070851 0.0099002384004355532 0.0086192609049070851 0.0099002384004355532 0.0080935803269022496 0.028123706713410416 0.0023889244247114597 0.045368877896904664 0.0086192609049070851
leaf_weight=10.358601078856736 47.206760549219325 17.145977212218018 8.6934306463153899 1.9991262555122364 1.791562589991371 1.1096788295544673 2.4095180123695306 0.55417841672897239 4.2046850761107626 0.30421146750450034 25.032600629390799 0.31725824330351216 8.2601724620908499 2.9168712935934309
leaf_count=68 716 843 195 3 8 10 51 1 153 1 240 5 18 53
internal_value=0.00390313 -0.000481194 -0.0232442 -0.0362241 -0.0438709 -0.0562073 0.00990024 -0.0616059 0.0264296 -0.0650843 0.0281237 -0.0670597 0.0281237 0.00861926
internal_weight=132.305 113.686 34.8323 26.1389 24.1397 19.4313 78.8536 18.3216 31.6468 17.7674 27.4421 17.4632 18.6188 4.70843
internal_count=2365 2279 1119 924 921 860 1160 850 444 849 291 848 86 61
is_linear=0
shrinkage=0.06


Tree=165
num_leaves=10
num_cat=0
split_feature=31 112 31 41 213 99 21 198 112
split_gain=3.02219 3.57411 2.86142 4.26829 2.73461 2.57829 1.82736 0.640066 0.582397
threshold=8.1330462805784389 0.003965080045094352 6.717869808135533 0.00061416048702841758 0.013840996168582377 0.11805555555555557 0.30021519487188447 0.92983073211340039 0.038987415177191946
decision_type=2 2 2 2 2 2 2 2 2
left_child=1 2 4 -4 -1 -6 -7 -8 -2
right_child=8 -3 3 -5 5 6 7 -9 -10
leaf_value=0.010209040993791371 -0.037054468261873676 0.042932546714678367 0.010209040993791371 -0.027920188843843514 0.010209040993791371 0.010209040993791371 0.010209040993791371 0.042932546714678367 0.00048843864859331046
leaf_weight=79.142940894860658 4.0343794158870869 9.2506645387038571 4.3431613173597707 6.3368374541896628 10.411348441863082 4.0062438827008036 1.6730229122622429 19.066411175386747 1.9058587190229443
leaf_count=1107 403 68 75 336 159 71 25 116 38
internal_value=0.00840904 0.0104031 0.00735702 -0.0199619 0.010209 0.0266576 0.0372407 0.0429325 -0.0279202
internal_weight=140.171 134.231 124.98 10.68 114.3 35.157 24.7457 20.7394 5.94024
internal_count=2398 1957 1889 411 1478 371 212 141 441
is_linear=0
shrinkage=0.06


Tree=166
num_leaves=12
num_cat=0
split_feature=243 239 0 99 13 250 21 95 0 263 0
split_gain=6.21221 7.47737 3.92488 3.33087 2.50349 2.35776 2.62121 2.33078 1.27158 0.409611 0.284492
threshold=0.049009277051178753 1.5766666666666607 48.25833333333334 0.87857142857142867 0.11469548664017375 2.0999999999999797 0.30079802793016175 0.72810308057753259 44.158333333333339 0.044747133253224387 50.491666666666674
decision_type=2 2 2 2 2 2 2 2 2 2 2
left_child=4 -2 -3 7 -1 -6 -7 9 -8 -4 -10
right_child=1 2 3 -5 5 6 8 -9 10 -11 -12
leaf_value=0.010016547916138369 -0.059614503799466867 0.010016547916138369 0.0026512181982490958 0.010016547916138369 0.010016547916138369 0.010016547916138369 0.055799199255978392 0.010016547916138369 0.026910647938814414 -0.059614503799466867 0.010016547916138369
leaf_weight=77.389912312188244 9.234004178233592 8.6657024711166759 0.2171780251665022 1.8391369855962691 7.2815328790966332 3.3252258264692527 13.404898077424152 0.84586908109486092 2.3886672927474129 5.5065926082206715 2.0181225661654025
leaf_count=1323 362 133 5 10 181 45 35 11 14 212 40
internal_value=0.00349612 -0.0215829 0.003079 -0.028258 0.0100165 0.0274201 0.0378326 -0.0465697 0.0472997 -0.0582844 0.0120974
internal_weight=132.117 26.3085 17.0745 8.40878 105.808 28.4184 21.1369 6.56964 17.8117 5.72377 4.40679
internal_count=2371 733 371 238 1638 315 134 228 89 217 54
is_linear=0
shrinkage=0.06


Tree=167
num_leaves=12
num_cat=0
split_feature=173 193 262 143 213 174 134 86 85 134 64
split_gain=2.39057 2.54703 3.97276 4.38218 4.11844 2.11622 1.49146 0.887958 0.853472 0.449347 0.167272
threshold=0.58477011494252884 0.060035335689045941 0.21732831177512787 3.1999999999998869 0.021818470326880359 0.3250640770692475 0.00053031022058177364 73.500000000000014 0.011484537878264162 0.0030866396793276922 5.5000000000000009
decision_type=2 2 2 2 2 2 2 2 2 2 2
left_child=1 6 3 4 5 7 10 -3 -4 -5 -1
right_child=-2 2 8 9 -6 -7 -8 -9 -10 -11 -12
leaf_value=0.012667534483291431 0.032330596022985644 -0.025285124619019442 -0.04722485192004431 0.012667534483291431 0.012667534483291431 0.012667534483291431 0.032330596022985644 0.012667534483291431 -0.025285124619019442 0.029319846808188759 0.032330596022985644
leaf_weight=3.4755144768860173 9.9115223875269276 13.718796360190028 7.039493926760767 71.322952093309141 7.5050626068550619 1.6860472525877419 5.3467336893081665 1.4939081594347943 8.4746065162471478 4.9909317722776896 3.5265415906906128
leaf_count=28 46 514 296 1089 153 5 4 8 204 20 5
internal_value=0.00656467 0.00411376 0.00114931 0.00563419 -0.0156535 -0.0252851 0.027967 -0.0252851 -0.0252851 0.0126675 0.0126675
internal_weight=138.492 128.581 116.232 100.718 24.4038 16.8988 12.3488 15.2127 15.5141 76.3139 7.00206
internal_count=2372 2326 2289 1789 680 527 37 522 500 1109 33
is_linear=0
shrinkage=0.06


Tree=168
num_leaves=23
num_cat=0
split_feature=69 60 0 259 31 55 30 239 3 93 195 155 239 155 110 93 0 92 245 0 128 155
split_gain=2.86075 2.77294 2.92322 5.74981 6.29259 4.71351 4.46775 4.27282 3.39762 2.59902 1.80151 1.64448 1.61156 1.14428 0.647714 1.32577 0.72944 0.368487 0.186921 0.131544 0.130773 0.123566
threshold=1.0000000180025095e-35 17.000000000000004 43.391666666666673 0.00086355792993017056 6.4400391328029274 0.13113023698476678 48.611856460571296 1.5733333333333428 0.20818215909743476 1.2720449424249864 0.0034188134087615135 0.34909685633399273 1.4499999999999946 0.35272730466994379 0.0074831633491122497 1.3029252528723212 40.291666666666679 2364.0000000000005 0.17375219618420731 53.250000000000007 0.053110011090262615 0.80911410200808742
decision_type=2 2 2 2 2 2 2 2 2 2 2 2 2 2 2 2 2 2 2 2 2 2
left_child=1 2 6 11 5 8 7 17 -5 -9 -7 -4 -8 -12 15 16 -14 18 -1 -15 -11 -10
right_child=-2 -3 3 4 -6 10 12 9 21 20 13 -13 14 19 -16 -17 -18 -19 -20 -21 -22 -23
leaf_value=-0.052695531959384062 0.044279134103303142 0.044279134103303142 -0.058950178217087229 0.020220642918193154 -0.026240857846622521 0.020220642918193154 -0.021809160260134505 0.027701459141821625 -0.026240857846622521 -0.021990664048306342 0.020220642918193154 -0.026240857846622521 0.027701459141821625 0.020220642918193154 0.044279134103303142 -0.0081261391093585666 0.044279134103303142 -0.021990664048306342 -0.021990664048306342 0.044279134103303142 -0.0081261391093585666 0.0069708405179808282
leaf_weight=5.5444060280133298 4.8842006251215926 3.7669908720999947 4.820533528443792 5.7252998356707376 10.93827765469541 5.8843379305908519 0.88896062102867901 7.4036101559177023 5.1547015194955748 2.3536991282526292 2.011685030651285 21.81294013052684 8.1579030312568737 2.4568665283732143 5.9639724746812126 3.7185300639212064 10.317507757805286 0.6293078209273516 0.52676616609096516 15.651687196572309 1.0866886695148421 0.82123136520385731
leaf_count=177 19 7 136 20 476 107 29 25 145 93 27 574 100 31 20 249 42 7 2 52 20 5
internal_value=0.00654696 0.00440925 0.00244379 -0.00484972 0.00743605 0.0190557 0.0139425 -0.00934074 -0.0112774 0.0136311 0.0325353 -0.0262409 0.0277015 0.0430713 0.0306072 0.0277015 0.0277015 -0.0411055 -0.0480301 0.0442791 -0.0219907 -0.0262409
internal_weight=130.52 125.636 121.869 75.2776 48.6441 37.7058 46.5914 17.5445 11.7012 10.844 26.0046 26.6335 29.0469 20.1202 28.1579 22.1939 18.4754 6.70048 6.07117 18.1086 3.44039 5.97593
internal_count=2363 2344 2337 1573 863 387 764 324 170 138 217 710 440 110 411 391 142 186 179 83 113 150
is_linear=0
shrinkage=0.06


Tree=169
num_leaves=9
num_cat=0
split_feature=197 53 95 209 209 14 9 5
split_gain=2.99514 3.15127 3.73133 2.4822 2.05718 1.4566 1.24552 0.910614
threshold=0.10969022951399288 0.013995115102292151 0.68787090564819808 12.898613516819553 6.3237559369463012 0.72544458171249426 0.10364672473100782 0.045328975350846588
decision_type=2 2 2 2 2 2 2 2
left_child=1 2 5 -3 -2 7 -5 -1
right_child=4 3 -4 6 -6 -7 -8 -9
leaf_value=-0.059449007563970119 0.0046264525319978577 0.0046264525319978577 0.0046264525319978577 0.0046264525319978577 0.032631071906445409 0.0046264525319978577 0.032631071906445409 0.0046264525319978577
leaf_weight=6.5762532453845761 2.92991718706618 83.969790190716594 5.721397852525115 3.492196324747054 19.095562856993638 0.66206824817345467 7.6926589654758573 0.30557808279991139
leaf_count=348 158 1697 28 26 90 14 18 1
internal_value=0.00491572 0.000656047 -0.0246992 0.00462645 0.0240837 -0.0481704 0.0240837 -0.0552943
internal_weight=130.445 108.42 13.2653 95.1546 22.0255 7.5439 11.1849 6.88183
internal_count=2380 2132 391 1741 248 363 44 349
is_linear=0
shrinkage=0.06


Tree=170
num_leaves=15
num_cat=0
split_feature=69 29 159 250 243 124 187 32 255 124 187 134 7 242
split_gain=2.43993 2.71772 3.91391 4.23652 5.80122 3.8472 3.57033 2.26391 0.871826 0.854221 0.419003 0.377845 0.115376 0.103819
threshold=1.0000000180025095e-35 3.586020044676447 8.0213219288852233 1.6701675948944421 0.036731928506366432 0.01399768123697972 0.6083333333333335 8.5000000000000018 0.11333567952468625 0.035846779138158515 1.3166666666666669 0.00053031022058177364 0.038571695658353146 1.5214347024855086
decision_type=2 2 2 2 2 2 2 2 2 2 2 2 2 2
left_child=1 11 12 7 5 6 -5 8 -4 10 -6 -1 -3 -8
right_child=-2 2 3 4 9 -7 13 -9 -10 -11 -12 -13 -14 -15
leaf_value=0.027875017734713899 0.043398922293711881 -0.047513156031748403 -0.030844431309138259 -0.0099427367359860661 -0.0099427367359860661 0.027875017734713899 0.016604041647985353 -0.0099427367359860661 -0.0099427367359860661 0.020737199540069511 0.016604041647985353 0.043398922293711881 -0.030844431309138259 0.027875017734713899
leaf_weight=9.5574816255830175 4.5880216537043443 6.3431460433785087 11.136466598694819 8.6168893979047407 29.184970587211875 48.121617274242453 3.0796783530677194 2.9555125483893798 1.5953315132064734 1.4771661461854808 0.75562560930848022 5.9542220123112211 3.1804878663970158 3.6373111958382651
leaf_count=44 18 183 568 224 757 459 18 19 17 19 7 9 34 22
internal_value=0.00760335 0.00577896 0.00251484 0.00588538 0.0107239 0.0209473 -0.00483414 -0.0212804 -0.0308444 -0.00994274 -0.00994274 0.027875 -0.0308444 0.027875
internal_weight=140.184 135.596 120.084 110.561 94.8733 63.4555 15.3339 15.6873 12.7318 31.4178 29.9406 15.5117 9.52363 6.71699
internal_count=2398 2380 2327 2110 1506 723 264 604 585 783 764 53 217 40
is_linear=0
shrinkage=0.06


Tree=171
num_leaves=13
num_cat=0
split_feature=173 110 239 108 69 166 85 29 133 235 245 60
split_gain=3.15036 2.92584 3.51282 10.1932 3.2106 2.54972 2.71791 2.19562 3.35282 1.09662 1.03479 0.894268
threshold=0.58477011494252884 0.0074831633491122497 1.556666666666664 0.0035706317332823358 0.00030406643102904587 0.0043813210033138731 0.055840022712802723 4.2398332679286144 0.29285714285714287 0.16375621890547268 0.18726308457468263 15.000000000000002
decision_type=2 2 2 2 2 2 2 2 2 2 2 2
left_child=1 2 3 4 5 6 10 8 9 -4 11 -1
right_child=-2 -3 7 -5 -6 -7 -8 -9 -10 -11 -12 -13
leaf_value=-0.066206230458776966 0.034053458632164635 0.032326015870211847 0.0061141292900670115 0.0061141292900670115 0.0061141292900670115 0.0061141292900670115 0.0061141292900670115 0.0061141292900670115 0.032326015870211847 0.032326015870211847 0.0060078372418141748 0.0020261586899318084
leaf_weight=15.82046406755401 9.9379118336364609 8.302760678867342 4.6671494728070684 15.573009693151105 1.3021779060363758 0.98106852918863197 0.87495531141757865 57.577471633212554 10.431214762851596 4.732345231808722 0.45645258936565269 0.59793804446235377
leaf_count=571 45 58 86 247 2 7 7 1365 20 13 6 4
internal_value=0.00463628 0.00171331 -0.00105871 -0.0161484 -0.0440336 -0.0507532 -0.0560396 0.00611413 0.025232 0.00611413 -0.061447 -0.0637711
internal_weight=131.255 121.317 113.014 35.6061 20.0331 18.7309 17.7498 77.4082 19.8307 9.39949 16.8749 16.4184
internal_count=2431 2386 2328 844 597 595 588 1484 119 99 581 575
is_linear=0
shrinkage=0.06


Tree=172
num_leaves=30
num_cat=0
split_feature=202 147 41 0 0 95 95 70 258 0 0 29 251 95 173 254 235 98 45 1 197 225 187 209 27 45 165 30 36
split_gain=2.61656 2.7944 5.49735 2.91629 3.33413 2.54896 2.52799 2.57287 2.84634 3.30745 5.65058 6.61731 5.75681 3.91175 2.62021 2.42402 4.24611 2.25604 2.35536 3.11532 1.0901 0.914452 0.765175 0.69588 0.626514 0.421834 1.71626 0.318623 0.196899
threshold=0.3698815966554993 0.26846846846846856 0.0037432155531692143 72.108333333333334 69.700000000000017 0.69620239874786016 0.76199428044843132 1.0000000180025095e-35 1.0000000180025095e-35 41.25833333333334 57.458333333333343 5.4729308173917888 0.035379733655595734 0.71413183943247371 0.68333333333333346 0.00024512970332666158 0.17222816399286991 0.29427727579725033 0.0024761234085191965 0.040598649165827075 0.11004761542142509 0.022431865828092246 0.78452380952380962 11.929939029783165 0.073870625035630202 0.013428361796355768 0.16333333333333336 63.588581085205085 47.500000000000007
decision_type=2 2 2 2 2 2 2 2 2 2 2 2 2 2 2 2 2 2 2 2 2 2 2 2 2 2 2 2 2
left_child=1 2 3 4 6 22 7 8 9 17 12 15 13 14 20 16 23 18 19 -1 -11 -14 28 -12 -20 26 -6 -21 -5
right_child=-2 -3 -4 5 25 -7 -8 -9 -10 10 11 -13 21 -15 -16 -17 -18 -19 24 27 -22 -23 -24 -25 -26 -27 -28 -29 -30
leaf_value=0.025465397141285297 0.038012108335623754 0.038012108335623754 -0.04171409589834147 -0.04171409589834147 -0.024587138218465528 0.024515323476033531 0.038012108335623754 0.038012108335623754 0.037459095192135611 -0.04171409589834147 -0.03153174741051739 -0.03153174741051739 0.013599176136490096 0.013599176136490096 0.013599176136490096 0.037459095192135611 0.037459095192135611 -0.03419061050812372 0.025465397141285297 -0.03419061050812372 0.0021816545928714307 0.036632056501818895 0.0086755085654187589 0.01116363921224817 0.037459095192135611 0.038012108335623754 0.033977234338184559 0.0055769624235333356 0.0013610107057414225
leaf_weight=2.4516387041658225 5.7724013919942072 4.6502449121326199 8.4170265653374354 4.9831035784227415 1.4257519641250822 1.229460511356592 4.1900722822174421 3.5892091728746882 4.2179981006775042 17.920545522414624 3.0296562450239466 7.417746215745864 3.455403139581902 3.0950971450656644 1.3236229419708241 8.5501602048752812 3.3788729517254978 1.6757107733901637 15.266828739437189 3.3867688118625674 4.0220640398329115 4.9025584992486984 0.46389261644799251 0.54073289223015297 5.8439949168241574 4.8367273499025032 1.9700968861579893 0.34552189672831435 0.46642583608627308
leaf_count=5 31 20 359 197 59 4 26 10 22 620 92 251 71 12 5 35 14 70 254 155 42 21 11 3 14 6 3 6 2
internal_value=0.00420163 0.00210013 3.86827e-05 0.00378815 0.00646173 -0.0288667 0.0030133 0.000561933 -0.00183335 -0.00454932 -0.012724 0.00991153 -0.0273911 -0.0404297 -0.0417141 0.0310825 0.000469918 0.0114855 0.0164325 -0.0130915 -0.0417141 0.0135992 -0.0417141 -0.0315317 0.0254654 0.0380121 0.00938934 -0.0341906 -0.0417141
internal_weight=132.819 127.047 122.397 113.98 106.837 7.14288 98.6042 94.4141 90.8249 86.6069 57.6365 22.9172 34.7193 26.3613 23.2662 15.4994 6.94926 28.9705 27.2948 6.18393 21.9426 8.35796 5.91342 3.57039 21.1108 8.23258 3.39585 3.73229 5.44953
internal_count=2420 2389 2369 2010 1796 214 1728 1702 1692 1670 1166 395 771 679 667 144 109 504 434 166 662 92 210 95 268 68 62 161 199
is_linear=0
shrinkage=0.06


Tree=173
num_leaves=15
num_cat=0
split_feature=253 40 155 36 144 254 133 92 203 144 77 60 5 73
split_gain=2.97268 3.97079 3.86204 2.20087 2.06935 1.15039 3.55484 5.74568 5.60674 3.07633 2.9411 2.54746 1.96097 0.112436
threshold=0.00047506324208884297 10.500000000000002 0.34856677552064269 14.500000000000002 0.0010434783871126972 0.00024512970332666158 0.29285714285714287 1562.5000000000002 0.60170062899123888 0.012454904389083801 0.027653250017392803 21.000000000000004 0.045328975350846588 0.0054424237038792301
decision_type=2 2 2 2 2 2 2 2 2 2 2 2 2 2
left_child=5 -2 -3 -4 13 6 7 8 9 10 11 12 -1 -5
right_child=1 2 3 4 -6 -7 -8 -9 -10 -11 -12 -13 -14 -15
leaf_value=-0.064463062792028444 -0.0026959391764958323 -0.0026959391764958323 -0.0026959391764958323 -0.0026959391764958323 0.047890115506595304 -0.0026959391764958323 -0.0026959391764958323 -0.0026959391764958323 -0.0026959391764958323 -0.0026959391764958323 -0.0026959391764958323 -0.0026959391764958323 -0.0026959391764958323 0.0081089526677002033
leaf_weight=23.114679022070067 8.2925993836688559 5.5718592405319205 3.3169500523363267 1.7190702473744779 21.410952507052571 25.724215665934025 18.459393486817135 7.6874115701648398 4.0148232323699622 1.3529166914522637 1.1325839310884465 0.85255390405654807 0.623695969581603 1.6587982745841143
leaf_count=1253 127 41 54 22 60 523 152 98 24 14 7 1 2 13
internal_value=0.00392835 0.0165496 0.0265881 0.0357562 0.0415527 -0.00269594 -0.0110719 -0.0230944 -0.0364342 -0.0473067 -0.0525682 -0.0573942 -0.0614146 -0.00148837
internal_weight=124.933 41.9702 33.6776 28.1058 24.7888 82.9623 57.2381 38.7787 31.0913 27.0764 25.7235 24.5909 23.7384 3.37787
internal_count=2391 317 190 149 95 2074 1551 1399 1301 1277 1263 1256 1255 35
is_linear=0
shrinkage=0.06


Tree=174
num_leaves=11
num_cat=0
split_feature=175 98 81 57 21 254 209 5 95 253
split_gain=3.0453 4.59901 7.72805 1.73274 1.86258 1.60943 1.18038 1.0716 0.313303 0.0767639
threshold=0.12861869313482219 0.014389751799823745 0.0077391911306189344 0.22393784764265534 0.54210048228403163 0.0035105003498519124 14.335278899624781 0.045328975350846588 0.74482001456456148 0.023200182227990279
decision_type=2 2 2 2 2 2 2 2 2 2
left_child=1 -1 3 4 7 6 8 9 -2 -3
right_child=5 2 -4 -5 -6 -7 -8 -9 -10 -11
leaf_value=0.010696148499173644 0.010696148499173644 -0.065069458953632961 0.010696148499173644 0.010696148499173644 0.010696148499173644 0.040901546209757451 0.034918541415601405 0.0084328139660274498 0.034918541415601405 -0.004915320909189877
leaf_weight=15.842602770062511 73.384666792804637 11.551972973717046 6.1338931806822066 0.63321147486567575 0.58413851261138994 4.60126201622188 6.5997848827391854 0.31860673427581865 3.9085503667592993 0.42133340099826533
leaf_count=243 1444 557 81 3 2 23 23 1 30 5
internal_value=0.00480201 -0.00968322 -0.0279675 -0.0517112 -0.0563498 0.0106961 0.0106961 -0.0611653 0.0106961 -0.0639592
internal_weight=123.98 35.4858 19.6432 13.5093 12.8761 88.4943 83.893 12.2919 77.2932 11.9733
internal_count=2412 892 649 568 565 1520 1497 563 1474 562
is_linear=0
shrinkage=0.06


Tree=175
num_leaves=11
num_cat=0
split_feature=29 111 93 29 5 191 110 147 221 21
split_gain=2.41154 3.03337 3.30933 2.02384 4.63396 3.38091 3.07085 1.8627 1.33294 0.327769
threshold=8.6868851241407405 31.246397548251686 1.3550666813353383 5.4016522188908711 0.00043744565417069798 2.0999999999999264 0.0075169361789328409 0.089898989898989909 0.31986394557823133 0.36099219239139363
decision_type=2 2 2 2 2 2 2 2 2 2
left_child=1 2 3 7 -5 6 8 -1 -6 -9
right_child=-2 -3 -4 4 5 -7 -8 9 -10 -11
leaf_value=0.016436798025941831 -0.023029297317136384 0.041998528242278114 -0.023029297317136384 -0.023029297317136384 -0.023029297317136384 0.016436798025941831 0.016436798025941831 0.017236838862290122 0.015966257686642484 0.041998528242278114
leaf_weight=48.7319046992925 6.9205034304141 7.5962836171966037 7.3862690711866881 15.302745992705239 8.1781731016671966 15.586399282925411 3.2599745786283156 5.8820778064546158 2.1058618397510154 6.3134527867659926
leaf_count=519 334 66 475 395 347 161 16 62 14 11
internal_value=0.00738676 0.00948376 0.00659925 0.00951442 -0.000276782 0.0136055 -0.0124394 0.0164368 -0.0230293 0.0390299
internal_weight=127.264 120.343 112.747 105.361 44.4332 29.1304 13.544 60.9274 10.284 12.1955
internal_count=2400 2066 2000 1525 933 538 377 592 361 73
is_linear=0
shrinkage=0.06


Tree=176
num_leaves=10
num_cat=0
split_feature=10 235 207 242 155 31 254 106 144
split_gain=3.54858 4.05458 5.20592 1.95451 1.88687 1.6295 1.33073 0.530136 0.134242
threshold=0.17409699410200122 0.11773927392739275 8.5113675544481655 2.6366880582269361 0.43132498544273962 5.7130493747675608 0.0017731811170556314 0.16408468269410789 0.0069461400315318283
decision_type=2 2 2 2 2 2 2 2 2
left_child=1 2 6 -2 -5 -6 7 8 -1
right_child=3 -3 -4 4 5 -7 -8 -9 -10
leaf_value=-0.065460835585018626 0.0090583122034270484 0.0090583122034270484 0.0090583122034270484 0.0090583122034270484 0.057327826421630576 0.0090583122034270484 0.0079212892558587038 -0.0022270876991498292 -0.0070710006241564982
leaf_weight=8.1348680168157355 85.580222109931128 9.0112660892773402 5.3892977071664054 9.7944178916513938 6.6643609665334207 3.3270009426923934 0.67046131577808488 0.6972308598924436 0.67261949926614839
leaf_count=201 1728 98 126 173 7 44 11 8 5
internal_value=0.00425628 -0.0154643 -0.0327776 0.00905831 0.0272382 0.0434184 -0.0547991 -0.0598313 -0.0631354
internal_weight=129.942 24.5757 15.5645 105.366 19.7858 9.99136 10.1752 9.50472 8.80749
internal_count=2401 449 351 1952 224 51 225 214 206
is_linear=0
shrinkage=0.06


Tree=177
num_leaves=12
num_cat=0
split_feature=195 41 118 173 32 258 64 266 0 12 53
split_gain=2.74861 3.94774 3.44489 6.19457 4.70779 5.46943 4.52274 6.17279 3.74769 1.72504 0.667253
threshold=0.052109261354452895 0.0050224925375225984 0.0025886539797058124 0.47213622291021679 6.5000000000000009 1.0000000180025095e-35 5.5000000000000009 0.0071509682195864963 53.250000000000007 120.50000000000001 0.017900216907125375
decision_type=2 2 2 2 2 2 2 2 2 2 2
left_child=1 2 3 4 5 6 -1 8 -8 -4 -11
right_child=-2 -3 9 -5 -6 -7 7 -9 -10 10 -12
leaf_value=-0.045316765832222432 0.034679627872070455 -0.046549598742746272 0.016953101534821914 0.016953101534821914 0.016953101534821914 0.016953101534821914 -0.040092923550735432 -0.045316765832222432 0.016953101534821914 0.016953101534821914 0.034679627872070455
leaf_weight=25.8994162322997 6.540513669489882 4.3657747822071533 22.016385830043873 24.362264211180445 5.8247173319541607 3.2754054082324719 2.3565812740707761 3.652934822763199 8.6863558374752738 2.1783875901892307 11.05112357137841
leaf_count=1039 52 247 457 190 83 12 69 106 58 37 53
internal_value=0.00185116 -0.000604758 0.00203383 -0.00532571 -0.0172924 -0.0243226 -0.0311139 -0.00365329 0.0169531 0.0169531 0.0346796
internal_weight=120.21 113.669 109.304 74.0577 49.6954 43.8707 40.5953 14.6959 11.0429 35.2459 13.2295
internal_count=2403 2351 2104 1557 1367 1284 1272 233 127 547 90
is_linear=0
shrinkage=0.06


Tree=178
num_leaves=11
num_cat=0
split_feature=254 41 44 36 258 221 148 155 69 21
split_gain=2.54699 4.59941 3.84626 1.59544 1.46305 1.4547 1.47255 1.27658 1.07753 0.527406
threshold=0.0026398330096584848 0.0024089131964341415 5.0000000000000009 57.500000000000007 1.0000000180025095e-35 0.35353741496598645 0.014235049896051184 0.82955144385271007 1.0000000180025095e-35 0.54210048228403163
decision_type=2 2 2 2 2 2 2 2 2 2
left_child=1 3 -3 4 8 6 7 -4 9 -1
right_child=-2 2 5 -5 -6 -7 -8 -9 -10 -11
leaf_value=0.0063238245288544451 0.039139701112316329 0.0063238245288544451 -0.058182854675724031 0.039009407838450298 0.036596674898764475 0.0063238245288544451 0.0063238245288544451 0.0063238245288544451 0.036596674898764475 0.036596674898764475
leaf_weight=89.696813565311459 4.9221321515506125 3.9690721024780933 9.6730252623601594 3.4509892091155043 4.2217944283038369 0.62225661356933493 0.56011050939560014 0.517376913805493 3.3038475010544053 3.3513828814029685
leaf_count=1738 26 86 449 9 24 3 2 5 13 16
internal_value=0.00374507 0.00166463 -0.0270128 0.00632382 0.00632382 -0.0435017 -0.0486374 -0.0536841 0.00632382 0.00632382
internal_weight=124.289 119.367 15.3418 104.025 100.574 11.3728 10.7505 10.1904 96.352 93.0482
internal_count=2371 2345 545 1800 1791 459 456 454 1767 1754
is_linear=0
shrinkage=0.06


Tree=179
num_leaves=11
num_cat=0
split_feature=31 111 29 195 111 155 144 165 144 0
split_gain=2.59252 5.17541 2.41209 1.53214 1.23174 3.00337 1.55351 1.05603 0.170856 0.015983
threshold=6.5377026996759549 29.610775894588897 9.9057198765741727 0.043235294117647066 22.359986482347765 0.42126727849245077 0.0011560162569484312 1.0000000180025095e-35 0.0054164290368245932 41.891666666666673
decision_type=2 2 2 2 2 2 2 2 2 2
left_child=3 -2 -3 4 -1 -6 -7 9 -4 -8
right_child=1 2 8 -5 5 6 7 -9 -10 -11
leaf_value=0.0029827700145685118 -0.041486689452788224 0.0092770240121084445 -0.036862734663830922 0.03880640284667463 0.0092770240121084445 0.0092770240121084445 0.023356231827219062 0.03880640284667463 0.0014556940185211904 0.0092770240121084445
leaf_weight=72.083275454198883 9.8084181693684531 9.9374067747121426 2.531816010843615 4.5228437040932468 7.0635815522109651 1.3484129227726978 1.4128303201869123 13.080570784222799 0.29893115535378445 1.4393907415797
leaf_count=1043 690 157 144 24 179 61 5 46 6 34
internal_value=0.0051665 -0.0124729 0.00927702 0.00927702 0.00927702 0.018257 0.0353513 0.0388064 -0.0338889 0.00927702
internal_weight=123.527 22.5766 12.7682 100.951 96.4281 24.3448 17.2812 15.9328 2.83075 2.85222
internal_count=2389 997 307 1392 1368 325 146 85 150 39
is_linear=0
shrinkage=0.06


Tree=180
num_leaves=16
num_cat=0
split_feature=197 124 39 44 166 253 77 86 20 94 11 100 243 213 239
split_gain=3.87302 4.96818 3.02685 0.734274 2.92014 2.85204 1.93632 1.69406 0.859535 0.804435 0.648176 0.646254 0.445915 0.283664 0.0702439
threshold=0.1095337238845726 0.013134472096592876 0.25357100183693287 3.0000000000000004 0.0062543859871352836 0.0017978577615741641 0.0026558759911702399 38.500000000000007 141.50000000000003 4.6000000000000005 0.029247253645861483 0.025424609211774786 0.062505232460227655 1.0000000180025095e-35 1.5966666666666771
decision_type=2 2 2 2 2 2 2 2 2 2 2 2 2 2 2
left_child=3 -2 -3 -1 5 6 7 8 9 10 -5 -12 13 14 -4
right_child=1 2 12 4 -6 -7 -8 -9 -10 -11 11 -13 -14 -15 -16
leaf_value=-0.0057444397343969231 -0.0057444397343969231 -0.0057444397343969231 0.0084830272963034668 -0.0057444397343969231 -0.0057444397343969231 -0.0057444397343969231 -0.0057444397343969231 -0.0057444397343969231 -0.0057444397343969231 -0.0057444397343969231 -0.062167126674062857 -0.0057444397343969231 0.0084830272963034668 0.049952405385351853 0.022180107900069572
leaf_weight=64.955498636780248 3.2881294151593492 2.3756626929971416 1.356125926860879 0.24415357923135594 4.9322584903566158 5.2273922939784816 2.0652872262799056 1.1585251536453149 0.35523325204849321 0.31388760730624277 12.994979125647657 0.32681959075853306 2.4862776394438688 12.578445402847136 2.9686661612358876
leaf_count=1273 94 80 20 2 32 42 29 20 2 3 666 6 32 61 21
internal_value=-1.82969e-05 0.0200007 0.0331128 -0.00574444 -0.0153087 -0.0289451 -0.0405856 -0.0477278 -0.0533689 -0.0559225 -0.0582696 -0.0601454 0.0410542 0.0444406 0.0176834
internal_weight=117.627 25.0533 21.7652 92.574 27.6185 22.6863 17.4589 15.3936 14.2351 13.8798 13.566 13.3218 19.3895 16.9032 4.32479
internal_count=2383 308 214 2075 802 770 728 699 679 677 674 672 134 102 41
is_linear=0
shrinkage=0.06


Tree=181
num_leaves=21
num_cat=0
split_feature=86 0 14 0 0 239 124 45 197 108 248 69 245 95 100 239 108 0 239 222
split_gain=2.77571 2.97468 4.05055 2.9259 3.05661 2.49774 3.06792 3.71742 3.04255 4.36605 3.30399 2.52949 1.60851 1.38842 1.38287 1.05276 0.865779 0.81984 0.806546 0.253983
threshold=73.500000000000014 32.716666666666676 0.69014084987582958 33.408333333333339 39.06666666666667 1.7466666666666926 0.010926783753092808 0.002153238899402441 0.1095337238845726 0.0024533001973439396 6.2972957294089404 0.00027381874481037575 0.18726308457468263 0.63489828431733375 0.026165739169241798 1.6809090909091313 0.56986675850000956 62.958333333333343 1.7366666666666812 0.093687668811012967
decision_type=2 2 2 2 2 2 2 2 2 2 2 2 2 2 2 2 2 2 2 2
left_child=1 2 12 -3 14 6 17 16 9 10 11 15 -1 -10 18 -9 -8 -6 -5 -17
right_child=-2 3 -4 4 5 -7 7 8 13 -11 -12 -13 -14 -15 -16 19 -18 -19 -20 -21
leaf_value=-0.057010606236326332 0.041736157808390607 0.041736157808390607 0.0248431118043188 -0.049572971907224546 -0.040115987694268565 0.034621288843670335 -0.021731673306472292 -0.021731673306472292 0.019397482728339903 0.019397482728339903 0.019397482728339903 0.019397482728339903 0.013600184857087274 0.034621288843670335 0.015636253068557121 -0.0020812690750357833 0.016880130028583993 -0.021731673306472292 0.0073661925048211516 0.019397482728339903
leaf_weight=6.0700331744883425 4.3897771788761011 4.4295043750316827 2.3947374174313154 4.6895859646683666 9.5270734253135689 6.955076285172253 9.9895863747988045 14.318866653495215 3.3860259359935432 25.543008582859329 3.6348376660607746 1.9411756247282017 0.57097849249839772 16.479882673593238 0.68906685709953297 1.6575542750360901 0.76240718364715654 5.5404627617135711 0.48958787819719862 1.4246695041656494
leaf_count=215 35 29 20 238 318 58 334 467 110 374 12 4 2 54 3 39 3 81 11 1
internal_value=0.00319437 0.00113172 -0.0286281 0.00400642 0.00161223 0.00433321 0.00142383 0.00625954 0.0115361 0.00302963 -0.0152623 -0.0217317 -0.049197 0.0301349 -0.0344724 -0.0217317 -0.0217317 -0.0217317 -0.0436379 0.0173891
internal_weight=124.884 120.494 9.03575 111.458 107.029 101.161 94.2056 79.138 68.386 48.5201 22.9771 19.3423 6.64101 19.8659 5.86824 17.4011 10.752 15.0675 5.17917 3.08222
internal_count=2408 2373 237 2136 2107 1855 1797 1398 1061 897 523 511 217 164 252 507 337 399 249 40
is_linear=0
shrinkage=0.06


Tree=182
num_leaves=11
num_cat=0
split_feature=175 40 106 95 87 173 209 254 71 253
split_gain=2.37053 4.15073 4.19971 3.02131 2.12894 1.6111 1.55727 0.874294 0.332611 0.0237271
threshold=0.12861869313482219 12.500000000000002 0.19440092559603026 0.80039831266333084 11.669138608582946 0.68333333333333346 14.335278899624781 0.0035105003498519124 1.0000000180025095e-35 0.010829365992858232
decision_type=2 2 2 2 2 2 2 2 2 2
left_child=1 2 3 4 5 9 7 8 -2 -1
right_child=6 -3 -4 -5 -6 -7 -8 -9 -10 -11
leaf_value=-0.062799106611410749 0.010631866503437891 0.010631866503437891 0.010631866503437891 0.010631866503437891 0.010631866503437891 0.010631866503437891 0.037719804873605677 0.036380544494342901 0.036380544494342901 -0.0035791244070766982
leaf_weight=10.515643858263488 72.779278215959494 18.242197485211364 2.4856114791473365 1.1561247110366828 0.73385466262698251 0.50005506351590234 5.9484535939991465 4.1183942509815088 3.0520240683108559 0.27527662366628725
leaf_count=634 1465 236 14 1 4 3 18 24 10 5
internal_value=0.00539469 -0.00772544 -0.0286564 -0.0423503 -0.0512565 -0.0574512 0.0106319 0.0106319 0.0106319 -0.0620843
internal_weight=119.807 33.9088 15.6666 13.181 12.0248 11.291 85.8982 79.9497 75.8313 10.7909
internal_count=2414 897 661 647 646 642 1517 1499 1475 639
is_linear=0
shrinkage=0.06


Tree=183
num_leaves=16
num_cat=0
split_feature=173 0 165 12 41 0 41 207 29 93 21 7 31 29 85
split_gain=2.46385 3.56219 3.62434 4.09345 2.29304 2.10113 1.67848 1.44385 2.11719 1.03232 0.888563 0.619285 0.585942 0.351862 0.0831396
threshold=0.58477011494252884 43.225000000000009 0.16333333333333336 123.50000000000001 0.0021282269474635382 26.991666666666671 0.0024824315161644777 6.6044564652532314 3.8555477244796301 1.1640040282777668 0.72651913901468201 0.12719866274610042 6.0120811282362085 4.3295056005137305 0.034139531116289437
decision_type=2 2 2 2 2 2 2 2 2 2 2 2 2 2 2
left_child=1 5 4 11 -3 13 7 8 -7 -10 -6 -4 -8 -1 -14
right_child=-2 2 3 -5 10 6 12 -9 9 -11 -12 -13 14 -15 -16
leaf_value=0.0018360590068738276 0.03251957440459885 -0.010628347193769046 -0.010628347193769046 0.03251957440459885 -0.049892671039552826 0.031798735674792349 -0.0076022254417696224 0.03251957440459885 0.024774006486810857 -0.0076022254417696224 -0.010628347193769046 0.022159708488431202 -0.03334909147992348 -0.034124477432500556 -0.0076022254417696224
leaf_weight=1.1058407668024295 9.4181624781340343 55.581640703472658 2.9573888357117522 7.1981550832279027 5.7224546654251744 4.3349128489790001 3.5070817780360803 23.561893527868961 2.258272236213088 3.9690539392177016 0.53678114712238301 1.145305313169956 1.9822982784571652 1.3795146994161767 0.25630525450105768
leaf_count=7 44 1146 110 21 324 16 47 335 6 150 2 7 127 54 6
internal_value=0.00589993 0.00321265 -0.0048065 0.0238597 -0.0106283 0.016653 0.0202596 0.025112 0.00531805 -0.00760223 -0.0426726 -0.0106283 -0.00760223 -0.0244399 -0.0305136
internal_weight=124.915 115.497 73.1417 11.3008 61.8409 42.3552 39.8698 34.1241 10.5622 6.22733 6.25924 4.10269 5.74569 2.48536 2.2386
internal_count=2402 2358 1610 138 1472 748 687 507 172 156 326 117 180 61 133
is_linear=0
shrinkage=0.06


Tree=184
num_leaves=12
num_cat=0
split_feature=47 0 239 77 203 250 41 107 127 239 239
split_gain=3.38682 4.45049 2.42789 1.74908 1.69054 1.33438 1.23493 1.02693 0.848184 0.430986 0.0142274
threshold=0.045211200032840154 46.175000000000004 1.7181985294117641 0.0003925435372772287 0.31937199256616866 1.8701260548286223 0.0014334352824902582 0.97575028054416191 0.38750000000000007 1.4633333333333363 1.5966666666666771
decision_type=2 2 2 2 2 2 2 2 2 2 2
left_child=1 8 7 -2 -5 -6 -7 -3 10 -10 -1
right_child=3 2 -4 4 5 6 -8 -9 9 -11 -12
leaf_value=-0.02138044112775405 0.0083182271486428976 -0.059878157310691175 0.0083182271486428976 0.0083182271486428976 0.0083182271486428976 0.048266923732577141 0.0083182271486428976 0.0080422892572339921 -0.018549911927806129 0.0083182271486428976 -0.0032901134789481657
leaf_weight=1.3840566518301796 75.578071572963381 7.4454587746586167 1.1295389571459962 3.4627051517964018 1.5442867943129375 11.901702416129408 2.1063176343886871 0.39655789826065291 0.67160902760224317 8.4756525339180353 1.0589194987951485
leaf_count=75 1502 301 16 74 73 64 41 4 12 140 38
internal_value=0.00348307 -0.0175263 -0.0450207 0.00831823 0.0258172 0.0351741 0.0414777 -0.0555072 0.00724952 0.00831823 -0.0185499
internal_weight=115.155 20.5618 8.97156 94.5931 19.015 15.5523 14.008 7.84202 11.5902 9.14726 2.44298
internal_count=2340 586 321 1754 252 178 105 305 265 152 113
is_linear=0
shrinkage=0.06


Tree=185
num_leaves=12
num_cat=0
split_feature=1 10 203 218 143 5 92 87 191 133 85
split_gain=3.35885 5.45719 4.70101 2.62263 1.80631 1.41301 1.25206 1.12866 0.991349 0.358265 0.141306
threshold=0.040598649165827075 0.17409699410200122 0.59378268889081232 0.033838875771822714 4.3500000000001373 0.016458364770640211 1562.5000000000002 1.1433821897746916 2.0666666666666833 0.29285714285714287 0.04678106842623108
decision_type=2 2 2 2 2 2 2 2 2 2 2
left_child=9 2 4 6 5 7 -3 -2 10 -1 -8
right_child=1 3 -4 -5 -6 -7 8 -9 -10 -11 -12
leaf_value=0.029564570134318961 -0.063963836598316837 0.0037380346627182088 0.0037380346627182088 0.029564570134318961 0.0037380346627182088 0.0037380346627182088 0.0037380346627182088 0.0037380346627182088 0.029564570134318961 0.050144056503905417 0.020947390613335944
leaf_weight=6.662220595404504 10.16501506815256 74.645997154097131 2.9473148817196479 8.5490312939509732 0.66711932979524213 0.47200284525752145 2.0251931043749196 0.48214550688862878 7.9270880873664282 5.1730117974802852 1.0509586781263349
leaf_count=34 404 1784 16 28 4 4 69 6 57 5 9
internal_value=0.00170927 -0.00179562 -0.0333929 0.00373803 -0.0501419 -0.055831 0.00373803 -0.0601785 0.0247766 0.0295646 0.00373803
internal_weight=120.767 108.932 14.7336 94.1983 11.7863 11.1192 85.6492 10.6472 11.0032 11.8352 3.07615
internal_count=2420 2381 434 1947 418 414 1919 410 135 39 78
is_linear=0
shrinkage=0.06


Tree=186
num_leaves=10
num_cat=0
split_feature=71 213 31 41 99 263 223 14 99
split_gain=1.94598 2.18767 4.23068 3.32872 2.86281 2.53202 1.82476 0.675974 0.105408
threshold=1.0000000180025095e-35 0.013840996168582377 5.658219834753587 0.0013670546373333932 0.11805555555555557 0.048083136885663132 0.053306010928961756 0.66465390111639044 0.95000000000000007
decision_type=2 2 2 2 2 2 2 2 2
left_child=1 3 4 6 5 -3 7 -1 -4
right_child=-2 2 8 -5 -6 -7 -8 -9 -10
leaf_value=-0.04407225114506802 0.040373404414935435 0.038935492258687719 -0.0012641787506996599 -0.046312121561923006 0.040373404414935435 -0.0012641787506996599 -0.0012641787506996599 -0.0012641787506996599 0.017345318128391043
leaf_weight=3.4144577557817675 3.7450899351388207 3.6491280333139029 15.244519871237571 3.9067174274459822 15.660248985281212 3.7547109798324527 72.914156999067927 0.68947003525681783 1.2987198405899114
leaf_count=127 16 8 563 139 88 119 1314 19 12
internal_value=0.00615908 0.00445437 0.0156375 -0.00126418 0.0316297 -0.000202294 -0.00126418 -0.0362832 -0.00126418
internal_weight=124.277 120.532 39.6073 80.9248 23.0641 7.40384 77.0181 4.10393 16.5432
internal_count=2405 2389 790 1599 215 127 1460 146 575
is_linear=0
shrinkage=0.06


Tree=187
num_leaves=20
num_cat=0
split_feature=29 111 0 242 221 261 22 218 251 0 111 107 165 53 57 10 95 95 0
split_gain=2.77134 3.55356 2.5556 6.70282 3.97621 3.89542 3.90202 2.90083 2.67547 2.89525 1.50937 1.1765 0.910483 0.652955 0.473038 0.4331 0.370759 0.325278 0.0736958
threshold=3.586020044676447 16.46220899990627 50.775000000000006 2.6366880582269361 0.35353741496598645 0.046111980537538462 0.99163470044732105 0.033838875771822714 0.011707371006472978 38.07500000000001 18.680304718017581 0.43018522858619695 0.35000000000000003 0.017211402280536581 0.18329454343483212 0.18485765159130099 0.659823773952537 0.80039831266333084 70.141666666666694
decision_type=2 2 2 2 2 2 2 2 2 2 2 2 2 2 2 2 2 2 2
left_child=18 -2 8 4 5 16 7 12 10 17 -3 -11 -7 15 -13 -12 -4 -10 -1
right_child=1 2 3 -5 -6 6 -8 -9 9 11 13 14 -14 -15 -16 -17 -18 -19 -20
leaf_value=0.027876180981019159 -0.042233560354991075 -0.036550158115790196 0.015285276991011449 0.02628158978093318 0.02628158978093318 -0.042233560354991075 0.015285276991011449 0.015285276991011449 -0.0028754976670066932 -0.0028754976670066932 -0.033515826433860717 -0.0028754976670066932 0.015285276991011449 -0.0028754976670066932 0.027876180981019159 -0.0028754976670066932 0.02628158978093318 0.023561988090194625 0.043893219736775006
leaf_weight=7.1673518713796494 4.8205851696402524 2.8062972151565253 2.3181010084845211 12.980301253715878 2.5963498324417733 19.182102030266844 3.4445453359076046 2.1110075041651717 4.5149396053420814 0.96968401456252351 3.394764619164568 2.1001714340091047 0.78551905602216621 17.985985417588381 19.796406005138124 1.6574619996517865 2.7236394491046667 1.1453111842274664 5.0921829305589199
leaf_count=38 157 94 74 154 13 803 36 7 167 36 173 106 6 346 138 35 5 2 6
internal_value=0.00305186 -0.000302995 0.00249273 -0.0077144 -0.0217594 -0.0282522 -0.0373382 -0.0422336 0.0111213 0.0231597 -0.0028755 0.0278762 -0.0422336 -0.0028755 0.0278762 -0.0251184 0.0152853 -0.0028755 0.0278762
internal_weight=117.593 105.333 100.513 46.1416 33.1613 30.5649 25.5232 22.0786 54.371 28.5265 25.8445 22.8663 19.9676 23.0382 21.8966 5.05223 5.04174 5.66025 12.2595
internal_count=2396 2352 2195 1098 944 931 852 816 1097 449 648 280 809 554 244 208 79 169 44
is_linear=0
shrinkage=0.06


Tree=188
num_leaves=9
num_cat=0
split_feature=219 239 195 31 247 10 31 30
split_gain=2.36011 2.92642 6.86947 5.4817 1.66825 1.45414 0.397277 0.250148
threshold=0.090127012258159819 1.566666666666668 0.0068143298274941384 5.9926244517592151 0.04651516329979425 0.18745463341474536 8.1330462805784389 51.525014877319343
decision_type=2 2 2 2 2 2 2 2
left_child=1 2 -1 -4 -2 -6 -3 -7
right_child=4 6 3 -5 5 7 -8 -9
leaf_value=-0.039776996728417939 0.044104931188587805 0.0068621133111643985 0.0068621133111643985 -0.039776996728417939 0.0068621133111643985 0.0070969883200283045 -0.01021172734871696 0.041724427826562202
leaf_weight=17.290620382707857 5.3962544245878261 57.364971833616437 14.5299879181257 5.3751965900228234 8.3489906635004427 2.0095268669538191 3.2291231219351166 3.2049652874120511
leaf_count=522 17 991 115 272 196 23 232 19
internal_value=0.00267863 -0.00121329 -0.0140475 0.00686211 0.0209526 0.00725731 0.00686211 0.0340467
internal_weight=116.75 97.7899 37.1958 19.9052 18.9597 13.5635 60.5941 5.21449
internal_count=2387 2132 909 387 255 238 1223 42
is_linear=0
shrinkage=0.06


Tree=189
num_leaves=15
num_cat=0
split_feature=197 108 25 239 69 147 222 85 64 93 29 251 95 245
split_gain=2.1453 3.65519 4.97732 5.39897 4.74847 5.03813 4.94666 3.79592 2.91439 2.89232 2.34067 1.12477 1.07967 0.524117
threshold=0.10928754206746817 0.0034665383085028833 0.0054141994489066087 1.7400000000000013 1.0000000180025095e-35 0.18626126126126127 0.09635304393004944 0.18748384064561407 35.500000000000007 1.2190410687114022 3.9581877574171611 0.035379733655595734 0.67213234747639905 0.086663280518265703
decision_type=2 2 2 2 2 2 2 2 2 2 2 2 2 2
left_child=1 2 3 4 5 6 7 8 9 10 -1 -8 -2 -14
right_child=12 -3 -4 -5 -6 -7 11 -9 -10 -11 -12 -13 13 -15
leaf_value=0.0015727884956650538 0.016760483981442604 0.016760483981442604 0.016760483981442604 0.016760483981442604 0.016760483981442604 0.016760483981442604 0.0015727884956650538 0.0015727884956650538 0.0015727884956650538 -0.066947135990161444 -0.043801514240630238 0.016760483981442604 0.016760483981442604 0.046003232803990629
leaf_weight=2.5076126605272391 20.104214146762398 32.232417451738002 5.4314446545904493 5.16248007537797 3.1214518062770358 3.2855043146410017 5.7695125421851099 1.5612104311585415 1.4418160580098618 20.642186041317473 2.7461708244518377 4.0220245679811342 4.253215169766916 6.3107277452945709
leaf_count=3 384 614 30 49 14 35 84 10 4 1105 48 13 27 12
internal_value=0.00616146 0.00125388 -0.00799075 -0.0153318 -0.0228301 -0.0288484 -0.0352749 -0.0470533 -0.0527989 -0.0574642 -0.0120198 0.00157279 0.0192931 0.0360155
internal_weight=118.592 87.9238 55.6914 50.26 45.0975 41.976 38.6905 28.899 27.3378 25.896 5.25378 9.79154 30.6682 10.5639
internal_count=2432 2009 1395 1365 1316 1302 1267 1170 1160 1156 51 97 423 39
is_linear=0
shrinkage=0.06


Tree=190
num_leaves=14
num_cat=0
split_feature=4 217 165 41 259 14 233 69 41 118 57 17 165
split_gain=3.39386 1.90725 1.8776 4.77586 2.83767 3.54089 2.21138 1.89868 1.89842 2.00368 0.716031 0.36789 0.356666
threshold=21.500000000000004 0.31790780141843977 0.070197044334975381 0.0013168727491230604 0.00040559725861986717 0.66465390111639044 0.097089666548839423 1.0000000180025095e-35 0.0037432155531692143 0.0030501149562879859 0.18132423947488388 0.60826380644252054 0.20344827586206901
decision_type=2 2 2 2 2 2 2 2 2 2 2 2 2
left_child=1 2 3 4 5 6 7 11 9 -4 -11 -1 -2
right_child=12 -3 8 -5 -6 -7 -8 -9 -10 10 -12 -13 -14
leaf_value=-0.031694140937998438 -0.035058468038238894 0.036856069031665238 0.011764590968255372 -0.031694140937998438 0.011764590968255372 0.011764590968255372 0.011764590968255372 0.011764590968255372 -0.0045209010585666757 0.011764590968255372 0.036856069031665238 0.011764590968255372 -0.0045209010585666757
leaf_weight=11.73626369255725 6.7763357116637044 4.8409698409959665 3.7627734152629335 5.8098040493241561 49.928496218319196 4.7651824373242553 1.8594642012030824 1.2016303725540645 9.2772392871411267 1.2620080083142955 12.710271831263524 0.65100595355033952 0.51344551512738679
leaf_count=409 294 15 80 207 786 81 14 6 318 68 118 3 12
internal_value=0.0032112 0.00610578 0.00398531 -0.000950036 0.00418748 -0.0139025 -0.0280494 -0.0316941 0.0169711 0.0275325 0.0368561 -0.0316941 -0.0316941
internal_weight=115.095 107.805 102.964 75.9518 70.142 20.2135 15.4484 13.5889 27.0123 17.7351 13.9723 12.3873 7.28978
internal_count=2411 2105 2090 1506 1299 513 432 418 584 266 186 412 306
is_linear=0
shrinkage=0.06


Tree=191
num_leaves=9
num_cat=0
split_feature=29 12 100 0 136 204 0 139
split_gain=2.99873 4.06366 2.87337 2.82386 1.67831 0.842086 0.827362 0.688067
threshold=3.586020044676447 32.500000000000007 0.0051533113444552454 62.958333333333343 0.0046998055138641791 0.60517621145374456 30.391666666666669 3.8500000000000001
decision_type=2 2 2 2 2 2 2 2
left_child=3 2 4 6 5 7 -1 -2
right_child=1 -3 -4 -5 -6 -7 -8 -9
leaf_value=0.036696052911386334 -0.058247721973539807 0.0072413040686648772 0.0072413040686648772 0.050853572745331484 0.0072413040686648772 0.0072413040686648772 0.0072413040686648772 0.00098535834361081383
leaf_weight=2.4548916891217205 7.1116798290167882 93.25473318123295 3.0495022899704045 8.0436710729263705 1.2440298878791516 0.3745574690401553 3.3655284813139588 0.69394439554889675
leaf_count=3 318 1941 57 10 31 3 30 22
internal_value=0.00649422 0.00278891 -0.0268987 0.0308372 -0.0416596 -0.0500938 0.0072413 -0.0538548
internal_weight=119.593 105.728 12.4737 13.8641 9.42421 8.18018 5.82042 7.80562
internal_count=2415 2372 431 43 374 343 33 340
is_linear=0
shrinkage=0.06


Tree=192
num_leaves=12
num_cat=0
split_feature=88 2 124 45 211 259 21 21 254 134 239
split_gain=2.99873 2.74678 4.82889 4.00525 4.63303 3.882 3.3925 2.49622 1.87536 1.75716 0.279899
threshold=1.0000000180025095e-35 1.0000000180025095e-35 0.010580258667823006 0.0050849780374616228 0.36188623309245882 0.0027064647296287363 0.30183634161056033 0.54210048228403163 0.0035105003498519124 0.00033620008567479071 1.7066666666666628
decision_type=2 2 2 2 2 2 2 2 2 2 2
left_child=1 9 -3 4 5 7 8 -4 10 -1 -7
right_child=-2 2 3 -5 -6 6 -8 -9 -10 -11 -12
leaf_value=0.01275386672699058 0.040463260688154569 -0.042822412576964133 -0.042822412576964133 0.01275386672699058 0.01275386672699058 -0.042822412576964133 0.01275386672699058 0.01275386672699058 0.01275386672699058 0.040463260688154569 0.0012865440597059589
leaf_weight=5.861972716636954 3.994390405714511 9.6183507478981465 19.935214483815805 37.488562615479168 9.8367357234819774 4.3282697957693044 10.956073367524366 1.1501463726162899 1.0060510998591778 4.8233751654624939 0.42792394803836931
leaf_count=26 32 481 805 572 73 186 216 5 5 4 11
internal_value=-0.000855258 -0.00314477 -0.00653276 -0.00154371 -0.0128551 -0.0225321 -0.000458281 -0.0384781 -0.0323709 0.0231902 -0.0428224
internal_weight=109.427 105.433 94.7473 85.129 47.6404 37.8037 16.7183 21.0854 5.76224 10.6853 4.75619
internal_count=2416 2384 2354 1873 1301 1228 418 810 202 30 197
is_linear=0
shrinkage=0.06


Tree=193
num_leaves=14
num_cat=0
split_feature=31 13 1 21 29 30 111 261 21 250 149 53 111
split_gain=1.75474 3.20203 3.17722 3.15155 2.45127 2.90249 1.38656 1.00802 0.928705 0.551018 0.385163 0.358459 0.184451
threshold=7.8163671393615273 0.11561046999196047 0.046069955150557305 0.30008701857815961 5.4419122218424212 52.826078414916999 21.217945870757109 0.25517911597912302 0.30079802793016175 2.8666666666666933 0.10621106292131129 0.01374388817448036 21.879732714758983
decision_type=2 2 2 2 2 2 2 2 2 2 2 2 2
left_child=1 2 -1 -4 6 -6 -5 12 -3 -2 -9 -10 -7
right_child=9 8 3 4 5 7 -8 10 11 -11 -12 -13 -14
leaf_value=0.023781701880738186 -0.0384034619840233 0.023781701880738186 -0.017905303856689904 0.012955171698130005 -0.017905303856689904 0.0089563678894681604 0.023781701880738186 -0.017905303856689904 0.023781701880738186 -0.017905303856689904 0.0089563678894681604 0.042495128855837568 0.023781701880738186
leaf_weight=19.815971564821666 4.247078825155767 8.8736770838004322 10.892064745392416 19.151788619055882 11.278700606802888 1.6005252708564457 11.753020518284755 1.2848065425932884 1.1759516311576685 2.5906766498228535 0.81068668342777517 18.486138096486684 7.4579422544702538
leaf_count=126 474 97 396 370 441 41 119 29 21 32 21 94 136
internal_value=0.00826134 0.0101354 0.00398621 -0.00265479 0.0043426 -0.0102355 0.0149033 0.0129552 0.0267991 -0.0179053 -0.0179053 0.0385936 0.0129552
internal_weight=119.419 112.581 84.0455 64.2295 53.3375 22.4327 30.9048 11.154 28.5358 6.83776 2.09549 19.6621 9.05847
internal_count=2397 1891 1679 1553 1157 668 489 227 212 506 50 115 177
is_linear=0
shrinkage=0.06


Tree=194
num_leaves=10
num_cat=0
split_feature=43 147 70 92 191 80 60 147 187
split_gain=4.17699 5.87432 1.46379 0.964223 1.76197 0.902511 0.805439 0.174511 0.0250109
threshold=0.050606002483415187 0.18626126126126127 1.0000000180025095e-35 1562.5000000000002 2.0666666666666833 6.5000000000000009 23.000000000000004 0.089898989898989909 0.78452380952380962
decision_type=2 2 2 2 2 2 2 2 2
left_child=2 5 3 7 -5 6 8 -1 -2
right_child=1 -3 -4 4 -6 -7 -8 -9 -10
leaf_value=0.0045577453301343593 -0.056349856365907329 0.0079578446125082251 0.039308500052003752 0.0079578446125082251 0.039308500052003752 0.0045577453301343593 0.0045577453301343593 0.0079578446125082251 -0.0034349700962432259
leaf_weight=73.146924395341557 8.9269042659907285 4.4853130003903052 3.4903775919228783 2.7789239665944461 7.8640151550644077 0.75743274318665577 0.29180869460105974 9.9981715282192436 0.30291268858127374
leaf_count=1584 472 50 17 74 59 15 1 91 8
internal_value=0.00333413 -0.0244453 0.00795784 0.00795784 0.0256715 -0.0483098 -0.0525765 0.00795784 -0.0555343
internal_weight=112.043 14.7644 97.2784 93.788 10.6429 10.2791 9.52163 83.1451 9.22982
internal_count=2371 546 1825 1808 133 496 481 1675 480
is_linear=0
shrinkage=0.06


Tree=195
num_leaves=22
num_cat=0
split_feature=0 0 25 213 10 243 43 173 239 229 147 81 159 97 29 11 156 32 14 0 159
split_gain=2.48579 3.54585 2.32111 3.09666 4.04134 2.7806 2.05129 1.44005 1.26113 1.29218 1.23659 1.42998 0.616293 0.599159 0.617788 0.591968 0.333526 0.249459 0.039552 0.0312647 0.0167846
threshold=71.458333333333357 69.700000000000017 0.0054141994489066087 0.013840996168582377 0.17966888844966891 0.039797007912075723 0.036770015715598174 0.60555555555555574 1.556666666666664 0.040370772782833096 0.30949612403100779 0.0077391911306189344 8.0677682097494756 0.68333333333333346 4.2398332679286144 0.030626470030889159 0.255176740452844 10.500000000000002 0.61540156089711096 26.991666666666671 26.17251676357154
decision_type=2 2 2 2 2 2 2 2 2 2 2 2 2 2 2 2 2 2 2 2 2
left_child=1 2 3 6 -5 12 8 10 9 13 11 16 -6 19 -15 -16 17 -2 -4 -1 -7
right_child=7 -3 18 4 5 20 -8 -9 -10 -11 -12 -13 -14 14 15 -17 -18 -19 -20 -21 -22
leaf_value=-0.0073179261629431856 -0.052806446898480318 0.041678913553719277 0.030723493871236247 -0.0073179261629431856 -0.0073179261629431856 -0.0073179261629431856 -0.044919522703667579 0.017953500369501732 -0.0073179261629431856 -0.0073179261629431856 0.015473037939593114 0.013703610886671979 0.030723493871236247 -0.012121855916343375 -0.012121855916343375 -0.044919522703667579 0.001118468762076394 -0.00068304712339974907 0.04734818100352782 -0.012121855916343375 0.0074001535196123311
leaf_weight=0.86481147879386 5.346977900608179 7.7232057485234682 2.8570468262478226 8.7932044052649889 1.2959395702928471 3.4414261887359352 3.2987102326769664 1.2320912713184951 38.354060449040844 2.373456764034926 0.67035207152366627 0.7354869277551187 16.412974165155902 1.5833444111049155 0.77213295747060318 7.0313898614167556 0.39163202419877041 0.40148642193526018 5.345871169003658 5.9295486445480492 0.41439556702971447
leaf_count=13 227 46 60 311 20 177 137 4 733 6 2 13 127 20 10 286 4 9 24 141 5
internal_value=0.00440975 0.00707181 0.00359218 0.000524052 0.0155677 0.0293036 -0.00731793 -0.0232047 -0.00731793 -0.0235619 -0.0322785 -0.0393717 0.0307235 -0.0309836 -0.040109 -0.0449195 -0.0475342 -0.050282 0.0307235 -0.0121219 -0.00731793
internal_weight=115.27 106.492 98.7683 90.5654 30.3579 21.5647 60.2075 8.77803 56.9087 18.5547 7.54594 6.87558 17.7089 16.1812 9.38687 7.80352 6.1401 5.74846 8.20292 6.79436 3.85582
internal_count=2375 2116 2070 1986 640 329 1346 259 1209 476 255 253 147 470 316 296 240 236 84 154 182
is_linear=0
shrinkage=0.06


Tree=196
num_leaves=13
num_cat=0
split_feature=148 41 144 93 175 165 29 221 229 254 60 175
split_gain=1.96544 2.33521 1.93357 1.9367 2.25849 4.79881 1.87464 1.6243 0.689639 0.500573 0.151766 0.00557083
threshold=0.0086945743023091101 0.0050224925375225984 0.0066292843066286886 1.3493527549158852 0.12347560975609757 0.070197044334975381 3.586020044676447 0.31986394557823133 0.037728677029584469 0.0035105003498519124 13.000000000000002 0.29330943847072882
decision_type=2 2 2 2 2 2 2 2 2 2 2 2
left_child=1 2 3 4 5 7 -6 8 -1 -3 -8 -5
right_child=-2 9 -4 11 6 -7 10 -9 -10 -11 -12 -13
leaf_value=-0.021148912722629521 0.040118149710156405 -0.044271766626540941 0.031545445978290641 -0.021148912722629521 0.031545445978290641 0.012358521052830132 0.012358521052830132 0.012358521052830132 0.012358521052830132 -0.021148912722629521 0.031545445978290641 -0.0051723750023253082
leaf_weight=14.055051555074909 3.8405925631523123 3.8900793709290147 8.0070196765009296 6.65420805960275 12.314532073214648 7.2288752305248627 46.087720328208889 3.008170381654053 1.9748281673528243 1.2630728534422813 5.8682530997321001 1.5831885126681298
leaf_count=491 22 258 62 503 24 85 823 20 9 7 23 58
internal_value=0.00609831 0.00424732 0.00636227 0.00373529 0.0064075 -0.00799776 0.0123585 -0.0211489 -0.0211489 -0.0291034 0.0123585 -0.0211489
internal_weight=115.776 111.935 106.782 98.7748 90.5374 26.2669 64.2705 19.0381 16.0299 5.15315 51.956 8.2374
internal_count=2385 2363 2098 2036 1475 605 870 520 500 265 846 561
is_linear=0
shrinkage=0.06


Tree=197
num_leaves=12
num_cat=0
split_feature=10 102 159 29 250 12 213 239 30 242 29
split_gain=2.6974 3.05856 3.06709 3.15121 2.75656 2.16507 1.6848 1.32286 0.813423 0.478627 0.0883959
threshold=0.17409699410200122 0.90437230657887946 8.0213219288852233 6.2158771534558559 2.6682629614642042 123.50000000000001 0.028004705574799036 1.5399999999999958 53.719455718994148 2.5336601328755064 3.8555477244796301
decision_type=2 2 2 2 2 2 2 2 2 2 2
left_child=7 -2 10 8 5 -5 -7 -1 -4 -10 -3
right_child=1 2 3 4 -6 6 -8 -9 9 -11 -12
leaf_value=-0.043371901162821504 -0.012586052452742125 0.001126560271355136 0.026018017981812667 -0.012586052452742125 0.026018017981812667 -0.012586052452742125 0.026018017981812667 -0.012586052452742125 0.026018017981812667 0.055108489819641102 -0.012586052452742125
leaf_weight=3.3590184236236587 8.9955948987371794 3.2260403630498313 41.850078840041533 13.488940540948539 7.4483812814869443 1.4145302720189636 3.7548007384757511 17.940843167016283 3.0982489926391263 6.6961041791364551 4.9367108214792097
leaf_count=136 226 34 680 634 71 97 15 321 44 16 138
internal_value=0.00590683 0.0102312 0.0139233 0.0176976 0.000557779 -0.0117689 0.0210782 -0.0125861 0.026018 0.0450725 -0.0125861
internal_weight=116.209 94.9094 85.9138 77.7511 26.1067 18.6583 5.16933 21.2999 51.6444 9.79435 8.16275
internal_count=2412 1955 1729 1557 817 746 112 457 740 60 172
is_linear=0
shrinkage=0.06


Tree=198
num_leaves=13
num_cat=0
split_feature=110 53 144 12 29 29 144 155 221 222 70 4
split_gain=2.37234 3.17396 3.24529 3.20166 3.22712 2.12292 1.98256 2.10012 1.95126 1.8966 1.2715 0.718212
threshold=0.0074831633491122497 0.020174357005105562 0.0011560162569484312 109.50000000000001 3.994451742841473 1.0000000180025095e-35 0.0081305815931741795 0.80911410200808742 0.31986394557823133 0.088853311632260221 1.0000000180025095e-35 16.500000000000004
decision_type=2 2 2 2 2 2 2 2 2 2 2 2
left_child=1 2 5 4 -4 -1 7 8 10 -3 -6 -11
right_child=-2 9 3 -5 6 -7 -8 -9 -10 11 -12 -13
leaf_value=0.0096475884072297416 0.03148985739498221 0.010857504379913391 0.010857504379913391 0.010857504379913391 -0.040312404493031737 -0.040312404493031737 0.010857504379913391 0.010857504379913391 0.010857504379913391 0.03148985739498221 0.010857504379913391 0.010857504379913391
leaf_weight=3.0061738733202192 7.4467694647028102 34.685237985762797 6.9279152803355855 14.431363870760832 10.599032740345136 12.916333584802485 1.3543525857385237 2.0260590591351493 1.8857474520627864 11.256772781838658 0.83348321914672929 3.3421491957851694
leaf_count=12 53 820 34 246 489 611 14 25 19 67 2 36
internal_value=0.00270992 7.56354e-05 -0.00980443 0.000103837 -0.0144354 -0.0308559 -0.0280098 -0.0344606 -0.0403124 0.0108575 -0.0403124 0.0314862
internal_weight=110.711 103.265 53.9805 38.058 23.6266 15.9225 16.6987 15.3443 13.3183 49.2842 11.4325 14.5989
internal_count=2428 2375 1452 829 583 623 549 535 510 923 491 103
is_linear=0
shrinkage=0.06


Tree=199
num_leaves=22
num_cat=0
split_feature=201 0 127 222 0 251 100 199 145 57 254 85 29 94 85 163 239 81 144 57 95
split_gain=2.19628 2.28883 5.09438 4.96499 2.85042 2.82094 2.74087 3.2418 2.20159 3.73937 2.13741 1.47042 1.36603 1.10455 0.862913 0.966561 0.788344 0.646893 0.337546 0.229875 0.0174803
threshold=0.94766009852216759 41.666666666666671 0.46428571428571436 0.088853311632260221 38.07500000000001 0.0039238769413067467 0.0051533113444552454 0.19927968453505532 0.11834733893557424 0.2180418620975719 0.0036928985738758744 0.055840022712802723 3.7612215533584945 4.8500000000000005 0.18748384064561407 0.82404540763673906 1.6809090909091313 0.0061406780896099715 0.012454904389083801 0.18578896485216143 0.6928748724207423
decision_type=2 2 2 2 2 2 2 2 2 2 2 2 2 2 2 2 2 2 2 2 2
left_child=1 4 3 6 8 16 7 11 -1 10 14 13 -4 -3 15 18 -6 -14 -10 -7 -9
right_child=-2 2 12 -5 5 19 -8 20 9 -11 -12 -13 17 -15 -16 -17 -18 -19 -20 -21 -22
leaf_value=0.024680358868834525 0.038277690224545656 -0.062431567216718435 0.02962087402986692 0.0061905355407250694 -0.032785598292859139 0.013645855889742925 0.0061905355407250694 0.0054583229221145191 -0.05497209427734872 0.024680358868834525 0.01973911375627244 0.0054583229221145191 0.0061905355407250694 0.0054583229221145191 0.0095938524819425431 0.0066612086318654515 0.013645855889742925 0.02901003378107081 0.0013562110402142856 0.038277690224545656 0.0061905355407250694
leaf_weight=4.6703454471935428 3.3392958194017401 15.102067952879228 7.0975046211387953 8.4541216292091104 1.6465709252224763 1.0019464555443818 1.9257280234305643 1.4151522114989341 7.1844713145728711 3.4671361444634377 1.1043459940701712 0.48268972523510534 30.390818935811694 0.341111861169339 0.37682797387242395 0.63065496366471041 0.6901952945627271 5.2168923213030203 0.30066507309675206 11.094544219362431 1.8086987482383845
leaf_count=46 18 776 24 87 48 57 57 40 392 20 5 6 658 2 4 6 3 62 3 80 6
internal_value=0.000737418 -0.00116022 -0.0070546 -0.0253871 0.0117142 0.0297566 -0.0400737 -0.0467758 -0.00449731 -0.01682 -0.0345061 -0.0567787 0.00619054 -0.0600209 -0.0439779 -0.0478703 -0.0191029 0.00619054 -0.0529006 0.0382777 0.00545832
internal_weight=107.742 104.402 72.2348 29.5296 32.1677 14.4333 21.0754 19.1497 17.7344 13.0641 9.59697 15.9259 42.7052 15.4432 8.49262 8.11579 2.33677 35.6077 7.48514 12.0965 3.22385
internal_count=2400 2382 1718 974 664 188 887 830 476 430 410 784 744 778 405 401 51 720 395 137 46
is_linear=0
shrinkage=0.06


Tree=200
num_leaves=25
num_cat=0
split_feature=0 29 45 260 29 60 242 0 10 111 77 13 0 173 96 17 85 243 263 150 99 169 9 57
split_gain=2.8552 5.48457 5.3466 4.63101 2.66065 2.43603 2.8038 3.38086 3.31874 1.87617 2.13005 1.38079 1.21667 1.17887 1.13693 0.979113 0.733138 0.68769 0.658896 0.619639 0.356328 0.274383 0.225807 0.159255
threshold=62.958333333333343 3.586020044676447 0.0052097924128672044 0.13642439646079932 6.3246765744015079 15.000000000000002 1.7532830558293633 53.966666666666676 0.18355198949575427 23.195798632005854 0.00060892081508069488 0.10833289779086291 77.000000000000014 0.52982456140350886 15.000000000000002 0.60826380644252054 0.055840022712802723 0.049009277051178753 0.047484400525656174 0.98035895474052925 0.53571428571428581 0.64758064516129044 0.10457759901373191 0.18389268360822705
decision_type=2 2 2 2 2 2 2 2 2 2 2 2 2 2 2 2 2 2 2 2 2 2 2 2
left_child=3 -2 12 5 19 6 11 8 9 10 13 15 16 -8 21 20 18 23 -3 -4 -1 -9 -6 -10
right_child=1 2 4 -5 22 -7 7 14 17 -11 -12 -13 -14 -15 -16 -17 -18 -19 -20 -21 -22 -23 -24 -25
leaf_value=-0.049033540476548565 0.054785420033368122 -0.01704443913059582 0.0038381319753482768 -0.049033540476548565 -0.01704443913059582 0.035027565607339099 -0.020356392506803579 -0.020356392506803579 0.017926429646548725 0.017926429646548725 0.017926429646548725 -0.020356392506803579 -0.01704443913059582 0.016357364843416149 0.021369493938798636 -0.020356392506803579 -0.01704443913059582 0.017926429646548725 -0.054456264454793749 0.046238217725109575 -0.020356392506803579 0.015660407672614535 0.0038381319753482768 0.035027565607339099
leaf_weight=8.3271699878168803 7.1315227106679258 0.7069448456750268 1.8682079298305305 6.0113001402132786 1.6439363783138099 4.2476457501761606 6.8048357669576962 5.5162850188480652 1.7082446265994669 7.9289619712380945 3.4631749278705675 12.369112711864544 4.724045218747051 2.5702484506182373 1.0708679435774682 0.89338761568069536 0.63575727492570866 1.6765500291821815 6.6203535719032516 7.5675409624818712 0.95913835782266765 1.4110397126059977 1.0522341977048197 10.904177621676352
leaf_count=369 8 17 35 133 53 17 309 250 40 242 50 243 94 18 7 3 7 89 303 33 39 12 12 52
internal_value=0.000516533 0.0150276 0.000369867 -0.00582404 0.0266906 -0.000844102 -0.00413426 0.00488822 0.0131944 -0.00247833 -0.015798 -0.0203564 -0.0250063 -0.0203564 -0.0203564 -0.0421777 -0.041363 0.0334803 -0.0483008 0.0399828 -0.0490335 -0.0203564 -0.0170444 0.0350276
internal_weight=107.813 31.9505 24.819 75.8621 12.1319 69.8508 65.6032 43.0544 35.0562 20.7672 12.8383 22.5488 12.6871 9.37508 7.99819 10.1797 7.96306 14.289 7.3273 9.43575 9.28631 6.92732 2.69617 12.6124
internal_count=2435 562 554 1873 133 1740 1723 1069 800 619 377 654 421 327 269 411 327 181 320 68 408 262 65 92
is_linear=0
shrinkage=0.06


Tree=201
num_leaves=11
num_cat=0
split_feature=21 86 145 45 165 239 60 134 94 134
split_gain=1.54866 1.50573 1.72333 3.51951 2.92003 1.75394 2.11948 1.68693 1.11759 0.202534
threshold=0.54210048228403163 73.500000000000014 0.11238738738738741 0.0020482480347260557 0.25833333333333336 1.7181985294117641 21.000000000000004 0.00053031022058177364 3.4500000000000006 0.0027971598947652888
decision_type=2 2 2 2 2 2 2 2 2 2
left_child=1 2 7 4 5 6 -4 8 -1 -5
right_child=-2 -3 3 9 -6 -7 -8 -9 -10 -11
leaf_value=0.0063279637411279271 0.039089159430426047 0.037673908168852369 -0.056363686254998567 0.0063279637411279271 0.0063279637411279271 0.0063279637411279271 0.0063279637411279271 0.037673908168852369 0.033634336949857978 0.016894421797121438
leaf_weight=2.7927087805001047 3.5453683175146571 3.2708243397064498 8.0470732577450654 77.820680899676518 2.2308358242735258 1.1478941271052452 0.76455539464950639 4.6538068577647209 3.7812215890735388 5.2477255050762315
leaf_count=33 21 28 508 1686 10 25 1 5 9 44
internal_value=0.00793371 0.00624581 0.00460373 0.00174763 -0.0259569 -0.0397416 -0.0478861 0.0249075 0.00632796 0.00632796
internal_weight=113.303 109.757 106.487 95.2588 12.1904 9.95952 8.81163 11.2277 6.57393 83.0684
internal_count=2370 2349 2321 2274 544 534 509 47 42 1730
is_linear=0
shrinkage=0.06


Tree=202
num_leaves=9
num_cat=0
split_feature=10 14 95 173 254 80 155 17
split_gain=6.24327 4.73136 2.05488 1.84858 1.16304 0.762216 0.723118 0.355692
threshold=0.17409699410200122 0.65138088388542836 0.74482001456456148 0.58477011494252884 0.0035105003498519124 7.5000000000000009 0.81317686708644044 0.23745343362405893
decision_type=2 2 2 2 2 2 2 2
left_child=1 2 5 4 7 6 -1 -2
right_child=3 -3 -4 -5 -6 -7 -8 -9
leaf_value=-0.065190108935040639 0.005675621832767366 0.005675621832767366 0.005675621832767366 0.033716631594543744 0.033716631594543744 0.0033829498890627346 0.0025517869157780423 0.033716631594543744
leaf_weight=9.3104833079996645 72.760749169986411 3.6020942459508651 0.97104169428348619 6.5454933093860737 3.3839742927812031 0.46309303198359053 0.44223373825661916 2.5594068579375735
leaf_count=344 1893 74 4 34 20 14 10 15
internal_value=-0.000787168 -0.0342795 -0.0520221 0.00567562 0.00567562 -0.0591665 -0.0622069 0.00567562
internal_weight=100.039 14.7889 11.1869 85.2496 78.7041 10.2158 9.75272 75.3202
internal_count=2408 446 372 1962 1928 368 354 1908
is_linear=0
shrinkage=0.06


Tree=203
num_leaves=14
num_cat=0
split_feature=29 112 29 23 53 13 243 5 155 112 239 11 198
split_gain=1.90742 2.09955 1.50748 5.56985 2.03373 1.48088 1.08545 1.05328 0.729704 0.449231 0.233804 0.0766032 0.0239704
threshold=9.4142661899710998 0.0082069543906000148 5.4419122218424212 0.060424327130976556 0.01374388817448036 0.085699651332783636 0.062895484094152257 0.0018276549598543891 0.39686545853813499 0.073577677106094613 1.6181985294117662 0.030504234180659978 0.965219419206649
decision_type=2 2 2 2 2 2 2 2 2 2 2 2 2
left_child=1 2 7 -4 -5 -6 -7 -1 12 -2 -8 -12 -9
right_child=9 -3 3 4 5 6 10 8 -10 -11 11 -13 -14
leaf_value=0.015128090012067249 -0.03198605883814544 0.042807347405505652 -0.024814938579577197 -0.024814938579577197 -0.019376219839020346 0.015128090012067249 -0.019376219839020346 0.015128090012067249 0.042807347405505652 0.0055698402097929464 0.0099891825651853266 -0.0051392705774043193 0.027516129717751268
leaf_weight=42.829229203074647 2.9785065449978014 5.1150206664460702 10.841773636338983 2.7022582054196382 2.9125231723810421 29.571297694357781 1.6753788795995199 4.6924411371292063 6.8486449965275824 0.80835831956937898 0.41618537297472336 0.66030344828322995 2.1006642380380072
leaf_count=675 213 37 505 128 133 408 100 113 30 13 5 47 14
internal_value=0.00935457 0.0109478 0.00863008 0.000807967 0.012167 0.0151281 0.0151281 0.0151281 0.0316107 -0.0248149 -0.0185125 0.00340118 0.0151281
internal_weight=114.153 110.366 105.251 48.7797 37.9379 35.2357 32.3232 56.471 13.6418 3.78686 2.75187 1.07649 6.79311
internal_count=2421 2195 2158 1326 821 693 560 832 157 226 152 52 127
is_linear=0
shrinkage=0.06


Tree=204
num_leaves=19
num_cat=0
split_feature=69 165 0 53 243 222 93 0 149 37 12 67 17 14 14 21 21 0
split_gain=1.74592 1.96604 3.20814 2.49654 2.70798 3.39814 2.34682 2.16695 1.88703 1.52642 0.941182 0.837348 0.655992 0.515873 0.421783 0.211144 0.150773 0.0139345
threshold=1.0000000180025095e-35 0.16333333333333336 41.666666666666671 0.01893389279858233 0.038582095505955809 0.003602879507967571 1.3029252528723212 30.108333333333338 0.105262913204149 0.060504456967630925 123.50000000000001 0.029242741164990423 0.89905570371051557 0.65138088388542836 0.77535329255010865 0.29800831373987596 0.30079802793016175 45.541666666666671
decision_type=2 2 2 2 2 2 2 2 2 2 2 2 2 2 2 2 2 2
left_child=1 2 6 11 5 -5 7 13 -7 17 -3 12 -4 -1 -8 -11 -9 -10
right_child=-2 10 3 4 -6 8 14 16 9 15 -12 -13 -14 -15 -16 -17 -18 -19
leaf_value=-0.021206027143670397 0.038134389401525602 0.022213666180525161 -0.052566334142860202 -0.02115552834906775 -0.02115552834906775 -0.02115552834906775 -0.027414925600775884 0.008058083162094741 -0.0070450202585525664 -0.0070450202585525664 0.038134389401525602 -0.02115552834906775 -0.02115552834906775 0.0089567972592170114 0.008058083162094741 0.022213666180525161 0.022213666180525161 -0.02115552834906775
leaf_weight=2.7869987623016708 3.2239234624430528 7.286490061953371 5.2632941268102718 2.99851408954419 9.6651217365579196 1.1782354165625317 3.3424224622194747 3.9568112485722038 0.22857947263401235 2.3581085816549736 6.341493385087233 22.017609218606594 0.63399852812290181 1.198001549055334 0.58277501282282163 17.274798061145702 18.097599956803606 1.2884259700149412
leaf_count=50 17 177 254 145 340 27 348 60 7 17 25 572 2 9 14 132 149 59
internal_value=0.00423327 0.002523 -0.000773799 -0.00842071 0.0023331 0.0125543 0.0148023 0.0213556 0.0214596 0.0222137 0.0222137 -0.0211555 -0.0434053 -0.01615 -0.021206 0.0222137 0.0222137 -0.0211555
internal_weight=109.723 106.499 92.8713 62.9067 34.9918 25.3267 29.9646 26.0394 22.3281 21.1499 13.628 27.9149 5.89729 3.985 3.9252 19.6329 22.0544 1.51701
internal_count=2404 2387 2185 1555 727 387 630 268 242 215 202 828 256 59 362 149 209 66
is_linear=0
shrinkage=0.06


Tree=205
num_leaves=15
num_cat=0
split_feature=146 4 21 25 243 14 198 242 256 98 87 235 221 21
split_gain=2.7978 2.19975 2.28111 1.63472 2.52164 3.03123 2.8138 1.66301 1.57923 1.29059 0.543702 0.350225 0.227379 0.222312
threshold=0.15462738655197064 1.5000000000000002 0.29687765428914453 0.0054141994489066087 0.036731928506366432 0.71540907173677382 0.96440090738828477 2.2571538698464439 0.073396598914879027 0.0050812981828835145 0.81861800007201035 0.18389967637540455 0.35916666666666669 0.41919196254542029
decision_type=2 2 2 2 2 2 2 2 2 2 2 2 2 2
left_child=1 -1 -3 4 7 6 8 10 9 -6 -4 13 -11 -12
right_child=-2 2 3 -5 5 -7 -8 -9 -10 12 11 -13 -14 -15
leaf_value=0.032906128610508852 -0.033646822370032359 -0.033021223867245972 0.011450623020755937 0.032906128610508852 0.010390775983365576 0.011450623020755937 0.011450623020755937 0.032906128610508852 0.011450623020755937 -0.033021223867245972 0.011450623020755937 0.032906128610508852 0.010390775983365576 0.029553122057760908
leaf_weight=9.6375461930874717 4.1205396408222432 3.4159642081285702 41.113077810103277 5.587672523877699 1.8733967501757458 5.0288355423836029 4.5723453446007616 6.2870058643457005 1.1957283923402435 12.217298679160187 1.6159612582414395 7.0586179463425651 0.55822791822720397 1.7256790203973649
leaf_count=32 236 141 823 60 31 86 115 48 7 720 51 43 3 6
internal_value=0.00602348 0.0082447 0.00502467 0.00718252 0.0046304 -0.0105673 -0.0215953 0.0114506 -0.0327557 -0.0330212 0.0114506 0.0281498 -0.0330212 0.0114506
internal_weight=106.008 101.887 92.2498 88.8338 83.2462 25.4458 20.417 57.8003 15.8447 14.6489 51.5133 10.4003 12.7755 3.34164
internal_count=2402 2166 2134 1993 1933 962 876 971 761 754 923 100 723 57
is_linear=0
shrinkage=0.06


Tree=206
num_leaves=15
num_cat=0
split_feature=173 239 218 144 11 254 203 0 0 203 191 239 11 86
split_gain=2.69086 2.4594 2.22949 2.27613 2.70178 3.55533 2.29793 1.34761 1.29936 0.826427 0.626648 0.237804 0.177201 0.0355426
threshold=0.58477011494252884 1.5066666666666568 0.048312543312543317 0.0066292843066286886 0.031284813838266361 0.00024512970332666158 0.60170062899123888 43.225000000000009 40.291666666666679 0.32095542682649258 2.0999999999999264 1.6800000000000017 0.029465784056138703 8.5000000000000018
decision_type=2 2 2 2 2 2 2 2 2 2 2 2 2 2
left_child=1 12 3 4 7 6 -6 8 10 -7 -3 -9 -1 -14
right_child=-2 2 -4 -5 5 9 -8 11 -10 -11 -12 -13 13 -15
leaf_value=0.001422036757785058 0.031667658397947218 0.0060758118434582429 0.031667658397947218 0.02646204168439982 -0.026709221012592765 -0.023714175881667424 0.0060758118434582429 0.0060758118434582429 0.02646204168439982 0.0060758118434582429 0.02646204168439982 0.024423264059276424 -0.044195544702054161 -0.026709221012592765
leaf_weight=0.56946086457171929 7.9001935720443717 2.5100504326110222 4.8502247724682084 8.0480054298532178 17.723502405637195 1.5396221772898506 3.0972150882007545 21.087843060540767 6.7951389048539568 11.133970486107499 3.7438577066932339 8.3945871194155171 3.186939111166792 6.1817686533904634
leaf_count=7 42 92 16 63 959 107 29 430 43 241 27 58 110 176
internal_value=0.00184075 -0.00112343 0.00226065 -0.000426748 -0.00387849 -0.0161487 -0.0267092 0.00607581 0.0241667 0.00607581 0.00607581 0.00607581 -0.0267092 -0.0283685
internal_weight=106.762 98.8622 88.924 84.0738 76.0258 33.4943 20.8207 42.5315 13.049 12.6736 6.25391 29.4824 9.93817 9.36871
internal_count=2400 2358 2065 2049 1986 1336 988 650 162 348 119 488 293 286
is_linear=0
shrinkage=0.06


Tree=207
num_leaves=13
num_cat=0
split_feature=1 60 21 147 103 31 45 41 213 41 0 213
split_gain=3.01735 2.40254 2.27991 2.32011 3.6383 3.1448 2.65866 1.79588 1.5396 0.641206 0.408589 0.0557086
threshold=1.0000000180025095e-35 19.000000000000004 0.54210048228403163 0.089898989898989909 0.31997856839368671 5.968848643595476 0.0020299073101935718 0.0030350425427719072 0.01465221124946329 0.0050224925375225984 72.108333333333334 0.033195592286501381
decision_type=2 2 2 2 2 2 2 2 2 2 2 2
left_child=-1 2 3 4 -2 8 -6 10 -5 11 -8 -7
right_child=1 -3 -4 5 6 9 7 -9 -10 -11 -12 -13
leaf_value=0.034416928677876109 -0.041427206641548912 0.034416928677876109 0.034416928677876109 -0.0022308442400939825 -0.036499536716932061 -0.0022308442400939825 -0.0022308442400939825 -0.036499536716932061 0.034416928677876109 -0.024185699175616242 -0.034794112164979643 0.0099668341470938292
leaf_weight=9.5179786253720504 7.8924513070660387 3.3414337569847694 3.3118194136768571 2.354796409839766 6.15871619846257 4.1865526504261634 51.3261245948961 2.8747294174499975 7.6241872765822336 4.0274449015305436 3.3326396898119119 1.7764775502728296
leaf_count=25 1026 11 19 28 193 101 571 72 29 210 78 30
internal_value=0.00535378 0.00190637 -0.000327034 -0.00250096 -0.00756089 0.0146745 -0.00223084 -0.00223084 0.0344169 -0.00223084 -0.00223084 -0.00223084
internal_weight=107.725 98.2074 94.8659 91.5541 71.5847 19.9695 63.6922 57.5335 9.97898 9.99048 54.6588 5.96303
internal_count=2393 2368 2357 2338 1940 398 914 721 57 341 649 131
is_linear=0
shrinkage=0.06


Tree=208
num_leaves=14
num_cat=0
split_feature=11 254 163 92 20 85 211 174 29 221 165 160 77
split_gain=3.40268 3.27472 5.03473 3.59091 2.76005 1.69859 1.4801 1.3766 1.35779 0.741208 0.686329 0.193264 0.108304
threshold=0.031284813838266361 0.00024512970332666158 0.82404540763673906 1864.0000000000002 82.500000000000014 0.18748384064561407 0.41925068302095875 0.30560609202552941 3.586020044676447 0.38852713178294579 0.30789473684210528 0.003870959206757642 0.0042074257251220153
decision_type=2 2 2 2 2 2 2 2 2 2 2 2 2
left_child=8 2 3 4 5 6 7 9 -1 10 11 -2 -10
right_child=1 -3 -4 -5 -6 -7 -8 -9 12 -11 -12 -13 -14
leaf_value=0.032124654243754165 -0.061546314360465433 0.012344757876084462 0.012344757876084462 0.012344757876084462 0.012344757876084462 0.012344757876084462 0.00157241587648441 0.00157241587648441 0.012344757876084462 0.00157241587648441 0.00157241587648441 -0.0012941389608498348 0.032124654243754165
leaf_weight=11.331096879672257 16.285308369713707 16.849685944305747 8.9111146698705834 3.2813381535597719 1.6240093931555737 0.67597629502415557 1.7380167569499452 0.71820518997264926 39.332912117773958 0.24862006306648154 0.25638934271410008 0.28155294130556185 2.3584505438629995
leaf_count=32 1029 423 68 77 8 5 19 11 728 1 3 12 13
internal_value=0.00258744 -0.00833637 -0.018696 -0.0319281 -0.0404313 -0.0463941 -0.0497583 -0.0544253 0.0129899 -0.057706 -0.0592746 -0.060772 0.0123448
internal_weight=103.893 50.8702 34.0205 25.1094 21.8281 20.2041 19.5281 17.7901 53.0225 17.0719 16.8233 16.5669 41.6914
internal_count=2429 1656 1233 1165 1088 1080 1075 1056 773 1045 1044 1041 741
is_linear=0
shrinkage=0.06


Tree=209
num_leaves=15
num_cat=0
split_feature=258 147 145 60 207 20 173 209 72 32 29 31 1 118
split_gain=2.28606 2.56227 2.55573 3.39259 4.55182 4.33653 5.20101 4.49558 1.7432 1.70573 0.91366 0.875279 0.840242 0.301657
threshold=1.0000000180025095e-35 0.089898989898989909 0.11238738738738741 13.000000000000002 8.851012143937437 82.500000000000014 0.49137931034482768 12.898613516819553 1.0000000180025095e-35 10.500000000000002 6.2822399056942348 5.6992774556725143 0.053920789645160193 0.0030501149562879859
decision_type=2 2 2 2 2 2 2 2 2 2 2 2 2 2
left_child=1 2 -1 4 5 6 7 8 9 -4 -6 13 -8 -3
right_child=-2 11 3 -5 10 -7 12 -9 -10 -11 -12 -13 -14 -15
leaf_value=0.018101700635968374 0.038057450360282352 0.018101700635968374 -0.064890172483390046 0.018101700635968374 0.018101700635968374 0.0082251331262883417 0.0082251331262883417 0.00047496953604873822 0.00047496953604873822 0.00047496953604873822 0.0082251331262883417 0.018101700635968374 0.00047496953604873822 0.038057450360282352
leaf_weight=11.585730141727252 3.8011378938681437 3.0344134302577022 19.291088859679814 7.6109107251977539 3.5257183108478811 2.8523145355284205 7.4705963031155971 3.8668040605261913 0.56007015891373058 0.52270694822072883 14.996756504113362 9.8656662030116404 3.7318205297124223 5.7058340273797512
leaf_count=44 32 28 1094 50 7 16 36 20 2 6 641 329 76 21
internal_value=0.00149406 -0.000732145 -0.00568795 -0.0104118 -0.0156179 -0.0269861 -0.0336655 -0.0482767 -0.0587775 -0.0618845 0.00822513 0.0181017 0.00047497 0.0369272
internal_weight=98.4216 94.6204 76.0145 64.4288 56.8179 38.2954 35.4431 24.2407 20.3739 19.8138 18.5225 18.6059 11.2024 8.74025
internal_count=2402 2370 1992 1948 1898 1250 1234 1122 1102 1100 648 378 112 49
is_linear=0
shrinkage=0.06


Tree=210
num_leaves=17
num_cat=0
split_feature=173 98 110 4 111 239 29 29 191 126 161 17 126 111 29 100
split_gain=1.87275 1.92762 1.76577 2.49242 1.73032 4.86625 1.92364 1.962 2.43399 1.57882 1.12707 0.694737 0.220447 0.164014 0.109078 0.0156527
threshold=0.58477011494252884 0.2966696403449724 0.0074831633491122497 21.500000000000004 22.359986482347765 1.5533333333333308 5.4016522188908711 4.2398332679286144 2.1499999999999981 0.25096258025029966 32.320150907834382 0.23745343362405893 0.34308262235336279 39.773307307561247 5.0639847024871862 0.018128960740630085
decision_type=2 2 2 2 2 2 2 2 2 2 2 2 2 2 2 2
left_child=1 2 3 4 5 12 -6 -7 10 11 -8 15 -1 -5 -11 -9
right_child=-2 -3 -4 13 6 7 8 9 -10 14 -12 -13 -14 -15 -16 -17
leaf_value=-0.029750168935793263 0.028900101781094017 -0.029750168935793263 0.028900101781094017 -0.029750168935793263 0.028900101781094017 0.022733406818792348 -0.0042419235226834953 -0.029750168935793263 0.026735490160784164 0.014378147109370288 0.026735490160784164 -0.0042419235226834953 -0.0042419235226834953 -0.0042419235226834953 -0.0042419235226834953 -0.0042419235226834953
leaf_weight=10.97069455497693 6.8072787104174486 5.2747142601183432 5.3532388081657691 4.3641381051256749 7.5935011593828738 14.39706672237662 11.839543410102122 4.0930644842228565 8.5206914695681899 5.7962704808887819 2.2118414845317611 0.64957965910434712 0.59694173466414291 0.29985916521400202 11.699507877397989 0.31169050467724435
leaf_count=315 43 298 42 252 79 102 585 207 150 111 5 2 4 5 189 6
internal_value=0.00244458 -3.41605e-05 0.00235007 -0.000137395 0.00281918 -0.0041839 0.013642 0.00689707 0.00689707 -0.00424192 -0.00424192 -0.0297502 -0.0297502 -0.0297502 -0.00424192 -0.0297502
internal_weight=100.78 93.9723 88.6976 83.3444 78.6804 48.5148 30.1656 36.9472 22.5721 22.5501 14.0514 5.05433 11.5676 4.664 17.4958 4.40475
internal_count=2395 2352 2054 2012 1755 936 819 617 740 515 590 215 319 257 300 213
is_linear=0
shrinkage=0.06


Tree=211
num_leaves=21
num_cat=0
split_feature=0 60 213 145 0 169 17 159 111 134 147 79 20 43 94 159 173 235 155 31
split_gain=2.56567 2.28858 2.19014 3.11756 4.20884 5.05965 4.49768 3.83805 3.74684 3.42008 1.88404 1.39054 1.37167 0.977363 0.818943 0.679835 0.55035 0.42365 0.36797 0.303213
threshold=70.441666666666677 13.000000000000002 0.013840996168582377 0.11238738738738741 43.391666666666673 0.64758064516129044 0.23745343362405893 10.026046674386491 30.172916603088382 0.0029703970059153056 0.18626126126126127 0.16337395292288345 87.500000000000014 0.050606002483415187 4.6000000000000005 8.0677682097494756 0.65000000000000002 0.25329004329004334 0.81576211276379507 6.717869808135533
decision_type=2 2 2 2 2 2 2 2 2 2 2 2 2 2 2 2 2 2 2 2
left_child=1 2 3 -1 7 6 8 9 11 18 12 -6 14 15 16 -4 17 -2 -5 -17
right_child=10 -3 13 4 5 -7 -8 -9 -10 -11 -12 -13 -14 -15 -16 19 -18 -19 -20 -21
leaf_value=0.016263971908417729 -0.054353812238733978 0.032310692800840292 0.016263971908417729 -0.050880204138903616 -0.065909394228396256 0.016263971908417729 0.016263971908417729 0.016263971908417729 0.010271701487780439 0.016263971908417729 0.021296127762563049 0.010073128128490511 0.015460248473270821 0.016263971908417729 0.0093489234300863627 0.032310692800840292 0.0034204863594862124 0.0021796997950824155 0.0020285259575032188 0.016263971908417729
leaf_weight=10.078934052260591 5.5641013044951233 8.812450214289127 0.93372990796342747 4.7568952969231777 13.391018398664535 5.3770387154072514 1.7279107868671406 14.170714051516368 2.4060734331287668 2.9999054502695799 1.2675915523432193 0.39995425194501955 0.68384749442338932 11.793358102058844 0.36377832293510426 12.800502508151107 0.46013472415506829 0.34887952101416875 0.34820496477186669 1.4416323601526535
leaf_count=37 269 52 17 204 665 40 10 300 101 17 5 4 5 483 4 105 3 7 5 72
internal_value=0.00319917 0.00632657 0.00285713 -0.00397817 -0.0110043 -0.0278149 -0.0421141 0.00742364 -0.0519304 -0.0238289 -0.0247395 -0.0627091 -0.0354549 0.016264 -0.0429791 0.031615 -0.0474857 -0.0513104 -0.0477163 0.0323107
internal_weight=100.127 91.4383 82.6259 55.6566 45.5777 23.302 17.925 22.2757 16.197 8.10501 8.68833 13.791 7.42074 26.9692 6.73689 15.1759 6.37312 5.91298 5.1051 14.2421
internal_count=2405 2112 2060 1383 1346 820 780 526 770 226 293 669 288 677 283 194 279 276 209 177
is_linear=0
shrinkage=0.06


Tree=212
num_leaves=9
num_cat=0
split_feature=10 219 93 239 239 110 205 14
split_gain=4.62102 3.65288 1.97974 1.41896 1.40712 1.32866 0.950601 0.109987
threshold=0.17409699410200122 0.090127012258159819 1.2284749719643917 1.5766666666666607 1.8131884057971035 0.0074831633491122497 0.06458333333333334 0.69014084987582958
decision_type=2 2 2 2 2 2 2 2
left_child=1 2 3 -1 -4 -2 7 -7
right_child=5 -3 4 -5 -6 6 -8 -9
leaf_value=-0.031762683475589706 0.0062740011603773516 0.0062740011603773516 -0.057068354072326882 0.0062740011603773516 0.0062740011603773516 0.0062740011603773516 0.042229312137713915 0.021977512071295009
leaf_weight=2.2268234924704329 76.301967263873848 3.5794045361981253 9.2873193128143559 2.8894943818449974 0.49924046554952006 1.1658241685654496 4.4688114788150415 1.2273791534826157
leaf_count=33 1914 42 361 8 6 27 16 6
internal_value=0.000122356 -0.0254677 -0.038487 -0.00514748 -0.0520856 0.006274 0.0296967 0.006274
internal_weight=101.646 18.4823 14.9029 5.11632 9.78656 83.164 6.86201 2.3932
internal_count=2413 450 408 41 367 1963 49 33
is_linear=0
shrinkage=0.06


Tree=213
num_leaves=8
num_cat=0
split_feature=1 207 243 143 34 40 5
split_gain=1.24134 1.84516 1.82915 3.14868 1.37836 0.977372 0.800879
threshold=1.0000000180025095e-35 4.6114808847492554 0.062895484094152257 3.9000000000000798 48.219173073768623 10.500000000000002 0.016458364770640211
decision_type=2 2 2 2 2 2 2
left_child=-1 -2 4 6 -3 -6 -4
right_child=1 2 3 -5 5 -7 -8
leaf_value=0.028363338263826109 -0.034916865706076231 0.011004376366851028 -0.034916865706076231 0.011004376366851028 0.011004376366851028 0.028363338263826109 0.011004376366851028
leaf_weight=9.0239602308720333 1.7577754755038757 70.266413461946286 4.8577254443698603 3.4403561034414452 1.8623466659919348 12.246103673707692 0.49591141939163197
leaf_count=25 39 1799 357 38 43 73 2
internal_value=0.00910933 0.00673151 0.00823455 -0.0154557 0.0110044 0.0283633 -0.0349169
internal_weight=103.951 94.9266 93.1689 8.79399 84.3749 14.1085 5.35364
internal_count=2376 2351 2312 397 1915 116 359
is_linear=0
shrinkage=0.06


Tree=214
num_leaves=18
num_cat=0
split_feature=0 0 57 0 17 7 239 85 65 248 144 207 53 7 251 22 191
split_gain=2.05655 4.62859 3.07453 3.27425 1.83971 1.80909 1.83807 1.47159 1.43176 1.30896 1.1104 0.870024 1.2559 0.74138 0.49701 0.263028 0.115335
threshold=73.01666666666668 69.700000000000017 0.18143067701323198 30.391666666666669 0.23745343362405893 0.20792635621376562 1.7564583333333301 0.18748384064561407 0.0021155075159367937 6.2972957294089404 0.0044977930043169122 9.9274018868242973 0.017211402280536581 0.12719866274610042 0.0033300036992648494 0.97725972067564737 2.249999999999988
decision_type=2 2 2 2 2 2 2 2 2 2 2 2 2 2 2 2 2
left_child=1 2 3 -1 5 6 7 -5 16 11 13 -4 -13 15 -14 -2 -3
right_child=10 8 9 4 -6 -7 -8 -9 -10 -11 -12 12 14 -15 -16 -17 -18
leaf_value=0.0048409398137481425 -0.046870246061031906 -0.015487638151735234 0.0048409398137481425 -0.060664222505760951 0.0048409398137481425 0.0048409398137481425 0.0048409398137481425 0.0048409398137481425 0.046642969365686994 0.031968149971555122 0.011345254284059064 0.0048409398137481425 0.0048409398137481425 0.0094988802849097272 0.031968149971555122 0.00099621280760181399 0.0048567280748457349
leaf_weight=3.3364568198539954 4.0327111427359332 0.77452767367685627 46.089162365981792 9.9611701121884764 0.94872916117310602 0.79189286381006319 1.0108863856003143 0.48572978377342302 8.4107040545350156 4.467221111059188 1.1417095554061232 1.9530186847432549 1.518419051884847 0.36479052901267994 8.4974425002255867 0.35559388482943166 0.40914866869570687
leaf_count=65 182 47 1024 645 5 6 16 5 45 22 14 114 53 1 116 11 7
internal_value=0.00124425 0.00377734 -0.00138024 -0.0228891 -0.0365886 -0.0431043 -0.0492093 -0.055938 0.0391841 0.00484094 -0.028158 0.00484094 0.0212245 -0.0381966 0.0311511 -0.043894 -0.00982207
internal_weight=94.5493 88.6545 79.0601 16.5349 13.1984 12.2497 11.4578 10.4469 9.59438 62.5253 5.89481 58.058 11.9689 4.7531 10.0159 4.38831 1.18368
internal_count=2378 2170 2071 742 677 672 666 650 99 1329 208 1307 283 194 169 193 54
is_linear=0
shrinkage=0.06


Tree=215
num_leaves=12
num_cat=0
split_feature=13 266 173 80 5 31 17 95 250 32 5
split_gain=2.62917 3.00083 5.95499 2.02427 1.96589 2.14515 1.67165 1.28281 1.27863 0.807638 0.85391
threshold=0.11561046999196047 0.0057680663824025711 0.47213622291021679 5.5000000000000009 0.00044642892731897911 7.0606300908862369 0.60826380644252054 0.74482001456456148 1.8701260548286223 6.5000000000000009 0.045328975350846588
decision_type=2 2 2 2 2 2 2 2 2 2 2
left_child=1 -1 3 6 -2 8 7 9 -6 10 -3
right_child=4 2 -4 -5 5 -7 -8 -9 -10 -11 -12
leaf_value=0.0034197354171752073 0.0034197354171752073 -0.064151531937428272 0.0034197354171752073 0.0034197354171752073 0.0034197354171752073 0.0034197354171752073 0.0034197354171752073 0.0034197354171752073 0.045712787983807832 0.0034197354171752073 0.0034197354171752073
leaf_weight=40.341088635601409 10.086345321255068 11.899558987255649 10.486432590885668 1.4965355363310653 1.843799918424337 5.8020615250279652 0.61752763018012125 0.52788916230201799 10.924595771124585 0.25633300095796663 0.25773181766271669
leaf_count=1012 269 673 106 33 27 231 6 3 50 3 2
internal_value=-0.000265201 -0.0068461 -0.0221309 -0.0446692 0.0143241 0.0262756 -0.0513967 -0.0560224 0.038805 -0.0597055 -0.0618793
internal_weight=94.5399 65.8831 25.542 15.0556 28.6568 18.5705 13.559 12.9415 12.7684 12.4136 12.1573
internal_count=2415 1838 826 720 577 308 687 681 77 678 675
is_linear=0
shrinkage=0.06


Tree=216
num_leaves=19
num_cat=0
split_feature=219 0 14 65 173 263 52 248 21 12 85 94 53 85 239 69 150 0
split_gain=5.42713 2.70502 3.60487 2.78573 4.2101 3.0154 3.00321 1.86925 1.69445 1.40059 1.09485 1.0132 0.452998 0.272319 0.234385 0.207866 0.0876286 0.0726839
threshold=0.040363310524600855 41.666666666666671 0.61867822194768485 0.0026959417366282006 0.58477011494252884 0.047923651690774956 12.500000000000002 5.1011594948883356 0.54210048228403163 110.50000000000001 0.034139531116289437 3.2500000000000004 0.016144021769416681 0.043198245426587352 1.5599999999999536 0.00030406643102904587 0.98791666456886551 71.458333333333357
decision_type=2 2 2 2 2 2 2 2 2 2 2 2 2 2 2 2 2 2
left_child=-1 2 7 4 5 -3 8 13 10 -5 15 -9 -11 16 -14 -7 -2 -16
right_child=1 3 -4 9 -6 6 -8 11 -10 12 -12 -13 14 -15 17 -17 -18 -19
leaf_value=-0.03826152150217154 -0.03826152150217154 0.01062121061192163 0.039996903163780677 0.01062121061192163 0.01062121061192163 -0.03826152150217154 0.01062121061192163 -0.01166771996120379 0.01062121061192163 0.01062121061192163 0.01062121061192163 0.028623663509605816 0.01062121061192163 -0.01166771996120379 0.040794794737794154 0.01062121061192163 -0.01166771996120379 0.01062121061192163
leaf_weight=10.363309211285012 3.0610127373074678 4.0577154912753093 12.65497337959823 15.49389562614124 5.1009859358891836 14.761613829517959 2.3279599747984312 2.3199364999891259 0.95699597336351772 1.0052365415904176 1.0481944191851642 3.5815552241401747 1.8262169182271453 0.38196372205857176 7.5347325769835134 0.83584985136985857 0.32694896947214136 1.6553543625632299
leaf_count=413 296 57 123 396 20 810 16 27 7 38 18 16 40 9 66 2 21 31
internal_value=-0.00126028 0.0044233 0.0211688 -0.00267857 -0.0151328 -0.0265988 -0.0357138 -0.00609984 -0.0382615 0.0106212 -0.0382615 0.0138405 0.0300039 -0.0312923 0.0340162 -0.0382615 -0.0370629 0.0376807
internal_weight=89.2945 78.9311 22.3264 56.6048 29.0893 23.9883 19.9306 9.67142 17.6027 27.5154 16.6457 5.90149 12.0215 3.76993 11.0163 15.5975 3.38796 9.19009
internal_count=2406 1993 492 1501 930 910 853 369 837 571 830 43 175 326 137 812 317 97
is_linear=0
shrinkage=0.06


Tree=217
num_leaves=14
num_cat=0
split_feature=124 243 93 250 40 219 44 147 163 4 41 197 159
split_gain=1.52276 2.112 2.07545 1.85174 2.15977 2.22751 1.01621 1.58765 1.09583 0.482885 0.324708 0.306669 0.146864
threshold=0.01399768123697972 0.062895484094152257 1.3550666813353383 1.4895004271775087 10.500000000000002 0.090127012258159819 3.0000000000000004 0.18626126126126127 0.80673457838143758 6.5000000000000009 0.0011055835329780476 0.10928754206746817 10.211870235375178
decision_type=2 2 2 2 2 2 2 2 2 2 2 2 2
left_child=6 2 3 -2 5 -5 -1 8 10 -7 -8 -6 -11
right_child=1 -3 -4 4 11 9 7 -9 -10 12 -12 -13 -14
leaf_value=-0.0050006432473628324 -0.0050006432473628324 -0.0050006432473628324 -0.0050006432473628324 -0.0050006432473628324 0.027387131214317424 0.027387131214317424 -0.0050006432473628324 -0.0050006432473628324 -0.0050006432473628324 -0.0050006432473628324 -0.051512031945844167 0.039191469562580579 0.0093681559035968462
leaf_weight=21.694375983066504 4.224306518190132 4.5081297940268987 3.295081003856466 10.286196637585816 26.410978648946184 3.4942568595288312 0.20536162075586428 1.676506395160686 1.3437570887617765 0.57688600081019081 4.7895404202226928 16.688624889371567 0.82624874963948969
leaf_count=532 169 274 302 333 286 19 12 19 13 18 294 100 19
internal_value=0.00615435 0.0108758 0.0145364 0.0177544 0.0207964 0.00107819 -0.00500064 -0.0242432 -0.0387074 0.0273871 -0.0488815 0.0273871 -0.00381428
internal_weight=100.02 70.3107 65.8026 62.5075 58.2832 15.1836 29.7095 8.01517 6.33866 4.89739 4.9949 43.0996 1.40313
internal_count=2390 1520 1246 944 775 389 870 338 319 56 306 386 37
is_linear=0
shrinkage=0.06


Tree=218
num_leaves=11
num_cat=0
split_feature=12 0 155 95 221 69 258 60 204 0
split_gain=2.57075 2.39797 2.89473 1.78529 1.3186 1.30884 1.11681 0.767829 0.229652 0.180323
threshold=31.500000000000004 33.408333333333339 0.82955144385271007 0.74482001456456148 0.33445190156599558 1.0000000180025095e-35 1.0000000180025095e-35 19.000000000000004 0.38644135835051091 30.108333333333338
decision_type=2 2 2 2 2 2 2 2 2 2
left_child=1 9 3 4 -3 6 7 8 -2 -1
right_child=5 2 -4 -5 -6 -7 -8 -9 -10 -11
leaf_value=-0.017930877427009714 0.0045083658175694282 -0.060328835566024169 0.0045083658175694282 0.0045083658175694282 0.0045083658175694282 0.035980457587886629 0.034642134449121918 0.032375817967542395 0.032375817967542395 0.0045083658175694282
leaf_weight=1.0767299908220587 67.643772400979287 7.868895284038441 1.6419335363898415 0.68623556569218713 0.53618179960176338 2.798080440144985 2.8310843186918637 3.2933676578104487 2.8569039336871347 2.3994853365438757
leaf_count=30 1905 338 12 4 8 14 22 7 20 22
internal_value=0.000167751 -0.0216567 -0.0348955 -0.0477004 -0.0548811 0.00450837 0.00450837 0.00450837 0.00450837 0.00450837
internal_weight=93.6327 14.2095 10.7332 9.09131 8.40508 79.4232 76.6251 73.794 70.5007 3.47622
internal_count=2382 414 362 350 346 1968 1954 1932 1925 52
is_linear=0
shrinkage=0.06


Tree=219
num_leaves=11
num_cat=0
split_feature=31 207 31 165 4 36 85 29 23 207
split_gain=1.98332 2.13286 2.57899 1.89453 4.2165 3.9357 1.1588 0.949808 0.944964 0.622719
threshold=7.8163671393615273 8.2727641815091157 6.160212837649266 0.16333333333333336 7.5000000000000009 51.500000000000007 0.039099353561236977 6.2158771534558559 0.062095151821086041 17.741337611637189
decision_type=2 2 2 2 2 2 2 2 2 2
left_child=1 2 3 4 8 6 -6 -3 -1 -2
right_child=9 7 -4 -5 5 -7 -8 -9 -10 -11
leaf_value=0.012339047962997075 -0.034391972757709111 0.043801226763763641 -0.025886681239261088 0.020661210039774398 -0.025886681239261088 0.012339047962997075 0.012339047962997075 0.020661210039774398 0.020661210039774398 0.0049236242254834311
leaf_weight=18.282965642312774 3.9417756392176662 5.9801996010792413 3.7836478893186714 8.1068301450504787 14.985131388013547 3.5616057747974983 1.2641838286072005 19.900587734024157 15.856088602362432 1.3206388214603064
leaf_count=310 482 25 288 64 571 14 15 445 159 26
internal_value=0.00449236 0.00675055 0.000834593 0.00447883 -0.000242668 -0.0210674 -0.0258867 0.0206612 0.012339 -0.0258867
internal_weight=96.9837 91.7212 65.8405 62.0568 53.95 19.8109 16.2493 25.8808 34.1391 5.26241
internal_count=2399 1891 1421 1133 1069 600 586 470 469 508
is_linear=0
shrinkage=0.06


Tree=220
num_leaves=14
num_cat=0
split_feature=239 29 112 93 21 60 0 21 0 174 21 5 21
split_gain=1.55349 1.61407 2.03644 1.72347 1.87861 1.08443 0.804839 1.35714 1.73128 1.20333 0.267475 0.217317 0.194934
threshold=1.4499999999999946 10.315596439588248 0.0082069543906000148 1.3550666813353383 0.54210048228403163 17.000000000000004 41.666666666666671 0.30079802793016175 32.475000000000009 0.16716024849513816 0.54210048228403163 0.045328975350846588 0.36076219764598061
decision_type=2 2 2 2 2 2 2 2 2 2 2 2 2
left_child=-1 2 3 5 11 6 7 -2 -9 -10 12 -5 -8
right_child=1 -3 -4 4 -6 -7 10 8 9 -11 -12 -13 -14
leaf_value=-0.029407655663156028 -0.0033685908418391408 -0.029407655663156028 0.039190796640097822 -0.029407655663156028 0.00855404131165843 0.038030213658116652 -0.003293731043080895 0.00855404131165843 0.00855404131165843 0.038030213658116652 0.018396060997164374 -0.0033685908418391408 0.0036761550778491433
leaf_weight=2.3663930947113831 6.376069411555366 2.1418781259671951 5.4190393723256411 4.3670320081682794 1.3881257828325031 2.6617045784369102 32.615307549878708 2.1971974551443081 1.6321604330150865 14.285883351725714 0.86383315548300643 0.31201269477605809 22.810409298743252
leaf_count=71 142 121 76 507 9 10 751 84 90 127 6 2 397
internal_value=0.0059491 0.0073873 0.00882293 0.00616807 -0.0206319 0.00855404 0.00855404 0.0197694 0.0274385 0.0360561 0.00855404 -0.0294077 -0.00039715
internal_weight=99.437 97.0707 94.9288 89.5097 6.06717 83.4426 80.7809 24.4913 18.1152 15.918 56.2896 4.67904 55.4257
internal_count=2393 2322 2201 2125 518 1607 1597 443 301 217 1154 509 1148
is_linear=0
shrinkage=0.06


Tree=221
num_leaves=14
num_cat=0
split_feature=161 4 243 112 219 203 242 147 213 229 203 60 68
split_gain=1.3701 1.55743 1.92778 2.62655 3.26543 2.35984 1.79545 1.23811 0.897452 0.476059 0.472337 0.0750992 0.00523106
threshold=31.658947854783417 1.5000000000000002 0.036731928506366432 0.0082069543906000148 0.065633600574368803 0.32083411940791379 2.2673832393766351 0.089898989898989909 0.013245614035087722 0.032795698924731186 0.71015360546411166 13.000000000000002 3.5000000000000004
decision_type=2 2 2 2 2 2 2 2 2 2 2 2 2
left_child=1 12 6 4 10 9 7 -3 -9 11 -4 -6 -1
right_child=-2 2 3 -5 5 -7 -8 8 -10 -11 -12 -13 -14
leaf_value=0.024351621398100431 0.033052893110167444 0.0074859874137060039 -0.04719506168912968 0.0074859874137060039 -0.041622908465374628 0.0074859874137060039 0.024351621398100431 0.0074859874137060039 0.024351621398100431 0.0066980107861659959 0.0057665812908349609 -0.0013174308685426953 0.033052893110167444
leaf_weight=4.4456931981258077 4.5305101250123689 40.944746575522004 8.9022677936718484 4.9928155222587511 2.7439357142175158 8.6959523511377466 6.5790472343651336 2.4002432231791309 8.9131308310024888 0.33302229642868031 0.21094134449958879 0.31126329954713572 5.9080729335546494
leaf_count=26 25 1053 607 113 158 248 66 29 65 3 2 4 10
internal_value=0.00635755 0.00443676 0.00150783 -0.0115006 -0.0216778 -7.69825e-05 0.00748599 0.00748599 0.0243516 -0.0343109 -0.045152 -0.0396624 0.0243516
internal_weight=99.9116 95.3811 85.0274 26.1902 21.1974 12.0842 58.8372 52.2581 11.3134 3.38822 9.11321 3.0552 10.3538
internal_count=2409 2384 2348 1135 1022 413 1213 1147 94 165 609 162 36
is_linear=0
shrinkage=0.06


Tree=222
num_leaves=20
num_cat=0
split_feature=144 0 187 0 14 30 23 10 57 31 175 159 57 242 253 242 242 11 1
split_gain=1.77692 2.1187 1.45932 1.31663 2.83777 1.91329 1.59063 1.6848 1.72917 1.48134 0.913547 1.60204 1.3115 0.734092 0.456994 0.10019 0.0920847 0.0726235 0.833551
threshold=0.0014404040600514154 65.300000000000011 0.78452380952380962 62.958333333333343 0.56368007092318873 48.649608612060554 0.05863681174147594 0.17460774630308154 0.1821667351464745 6.4886502879454548 0.12347560975609757 9.9481067098269857 0.2180418620975719 2.6366880582269361 0.014217139385830345 3.7837627222387487 2.590263774003176 0.030470534298019641 0.047731227356987677
decision_type=2 2 2 2 2 2 2 2 2 2 2 2 2 2 2 2 2 2 2
left_child=10 3 -3 4 -2 -6 -7 16 15 -10 11 12 14 -11 -1 -9 -8 -5 -19
right_child=1 2 -4 17 5 6 7 8 9 13 -12 -13 -14 -15 -16 -17 -18 18 -20
leaf_value=-0.056903058488448503 -0.0081269416606810779 -0.0081269416606810779 0.031059649290168894 0.045736126424046952 -0.0081269416606810779 -0.0081269416606810779 -0.0081269416606810779 -0.0041520440309353252 0.048914629666508648 -0.0041520440309353252 -0.0081269416606810779 -0.0081269416606810779 -0.0081269416606810779 0.023409803248055153 -0.0081269416606810779 0.010445274183838584 -0.0041520440309353252 0.030235444881111111 -0.0081269416606810779
leaf_weight=4.7046347482537367 11.310727088426573 9.458372026903815 1.7985193866770703 2.8150146940024561 5.6574219482135986 1.6866475600763831 2.5842114599363439 1.4837177902372807 14.706638744741214 1.4482716202910517 24.125862474418682 4.9375668069333187 1.187576215714216 1.9023953213691127 0.39130505174398411 0.466337574645877 1.4547808216593692 1.6568320542573931 1.1309437123381938
leaf_count=177 431 260 9 4 77 72 61 86 47 89 728 262 6 22 3 6 12 2 52
internal_value=0.00225172 0.00847495 -0.00812694 0.014044 0.00942699 0.0187511 0.0253832 0.0295635 0.0361286 0.0415902 -0.00812694 -0.0242124 -0.0416704 0.00317516 -0.0528198 -0.00415204 -0.00415204 0.0374958 0.0135454
internal_weight=94.9078 59.5608 11.2569 48.3039 42.7011 31.3904 25.733 24.0464 20.0074 18.0573 35.3469 11.2211 6.28352 3.35067 5.09594 1.95006 4.03899 5.60279 2.78778
internal_count=2406 1230 269 961 903 472 395 323 250 158 1176 448 186 111 180 92 73 58 54
is_linear=0
shrinkage=0.06


Tree=223
num_leaves=17
num_cat=0
split_feature=87 218 70 203 0 251 0 0 98 7 44 0 144 221 0 22
split_gain=1.82728 1.90842 2.08455 2.09437 4.76595 2.59539 3.25582 1.9272 1.71112 1.69687 1.66188 1.31553 0.512967 0.530922 0.417232 0.391769
threshold=1.277137377268059 0.048312543312543317 1.0000000180025095e-35 0.3200412992451151 70.141666666666694 0.039052802403244082 30.391666666666669 50.041666666666671 0.29281810136692554 0.11660247209372671 3.0000000000000004 32.716666666666676 0.012454904389083801 0.36398872445384078 30.108333333333338 0.48404642939567571
decision_type=2 2 2 2 2 2 2 2 2 2 2 2 2 2 2 2
left_child=1 2 3 4 5 6 14 8 10 12 11 -5 13 -8 -1 -13
right_child=-2 -3 -4 7 -6 -7 9 -9 -10 -11 -12 15 -14 -15 -16 -17
leaf_value=-0.020718864209279684 0.035796682167885313 0.02898393907116989 0.02898393907116989 0.0017835551906203934 0.0017835551906203934 0.0017835551906203934 -0.062563933287855672 0.0017835551906203934 0.0017835551906203934 0.0017835551906203934 0.0017835551906203934 0.0017835551906203934 0.0017835551906203934 -0.0014113300171944884 0.0017835551906203934 0.02898393907116989
leaf_weight=1.4339042193823941 3.1978680239990345 5.1560292532667509 2.7924124076962462 1.5714229980694785 6.9451165585924164 4.3345655484081353 12.488477661027886 23.226686483057165 3.2198276470644478 0.59713808447122652 4.4233771010840419 1.0822926969122004 0.30485829059034664 0.62678138911724168 1.7202531180810183 18.375910960459805
leaf_count=55 36 21 14 63 92 61 660 753 183 4 184 34 4 3 4 233
internal_value=0.00122163 -0.000795665 -0.00327987 -0.00548025 -0.0179775 -0.0333741 -0.0429739 0.00178356 0.0168301 -0.0541617 0.0236369 0.0289839 -0.0586122 -0.0602149 0.00178356 0.0289839
internal_weight=91.4969 88.2991 83.143 80.3506 28.4511 21.506 17.1714 51.8995 28.6728 14.0173 25.453 21.0296 13.4201 13.1153 3.15416 19.4582
internal_count=2404 2368 2347 2333 883 791 730 1450 697 671 514 330 667 663 59 267
is_linear=0
shrinkage=0.06


Tree=224
num_leaves=15
num_cat=0
split_feature=4 53 45 31 34 155 29 242 243 207 207 222 0 5
split_gain=1.91015 2.52225 2.04807 1.872 1.65787 2.04951 1.9594 2.05602 1.33576 1.08893 0.762107 0.605294 0.30497 0.120742
threshold=1.5000000000000002 0.01374388817448036 0.0019927762172371796 7.8163671393615273 48.219173073768623 0.34888312965631491 5.4016522188908711 1.6343519733210408 0.032168977483767618 7.1337498029626838 8.4133550840148406 0.089809589386994668 48.925000000000004 0.016458364770640211
decision_type=2 2 2 2 2 2 2 2 2 2 2 2 2 2
left_child=-1 -2 12 4 5 10 7 -7 -9 -8 -4 -10 -3 -14
right_child=1 2 3 -5 -6 6 9 8 11 -11 -12 -13 13 -15
leaf_value=0.029083657291861752 -0.031977402787642939 -0.016586143652278031 -0.016586143652278031 -0.016586143652278031 0.029083657291861752 -0.0013976654020915185 -0.016586143652278031 0.029083657291861752 -0.0013976654020915185 -0.0013976654020915185 -0.0013976654020915185 0.02198537484038323 -0.031977402787642939 -0.016586143652278031
leaf_weight=9.3987378482706827 4.9459138850479567 6.5916362476073083 5.6465146794871535 4.2585289771668604 11.093702628393656 2.9127004945185062 3.1283242392673953 17.686217450827829 3.6917666493754941 18.604463462041167 2.2377177113594371 2.0222461558878422 3.945675284767276 0.37389951944351185
leaf_count=31 367 240 162 316 61 71 104 159 128 443 40 13 218 1
internal_value=0.00595808 0.0028672 0.00567375 0.00944076 0.0121332 0.00729904 0.0120286 0.0224332 0.0290094 -0.00139767 -0.0165861 5.44045e-05 -0.0165861 -0.0319774
internal_weight=96.538 87.1393 82.1934 71.2822 67.0237 55.93 48.0457 26.3129 23.4002 21.7328 7.88423 5.71401 10.9112 4.31957
internal_count=2354 2323 1956 1497 1181 1120 918 371 300 547 202 141 459 219
is_linear=0
shrinkage=0.06


Tree=225
num_leaves=9
num_cat=0
split_feature=93 65 248 145 205 144 53 144
split_gain=1.81324 3.17212 2.3581 1.79384 0.615965 0.396845 0.273477 0.175479
threshold=1.3022593404577139 0.0026959417366282006 1.4317709356384571 0.11238738738738741 0.06458333333333334 0.0027110896527302981 0.021374589698055845 0.0072064945728289222
decision_type=2 2 2 2 2 2 2 2
left_child=3 -2 7 -1 -5 6 -4 -3
right_child=1 2 5 4 -6 -7 -8 -9
leaf_value=0.03629339024900128 -0.033057371122698291 -0.033057371122698291 -0.021738766473500509 0.0089273516304112597 0.032661647575149583 0.0089273516304112597 0.0032432391059817843 0.0016356643167014613
leaf_weight=6.8359351498074821 9.7800741696255518 2.2046061539585984 2.2793874032249706 55.374051760244583 4.1643689722986883 9.6528046494822757 1.7765484543197088 0.35244138631969679
leaf_count=14 926 116 228 852 22 155 82 4
internal_value=0.00372398 -0.00922713 0.00715193 0.00892735 0.00892735 0.00892735 -0.013339 -0.0330574
internal_weight=92.4202 26.0459 16.2658 66.3744 59.5384 13.7087 4.05594 2.55705
internal_count=2399 1511 585 888 874 465 310 120
is_linear=0
shrinkage=0.06


Tree=226
num_leaves=15
num_cat=0
split_feature=30 0 173 195 149 239 87 17 110 60 0 191 77 195
split_gain=2.64592 3.35607 3.57617 2.60305 1.88708 1.7601 1.69456 1.56163 1.23936 0.562159 0.560892 0.566946 0.389852 0.0207117
threshold=48.611856460571296 65.083333333333343 0.52982456140350886 0.052109261354452895 0.11699158248481573 1.7564583333333301 1.277137377268059 0.60826380644252054 0.0074831633491122497 13.000000000000002 73.01666666666668 2.3833333333333546 0.0042074257251220153 1.0000000180025095e-35
decision_type=2 2 2 2 2 2 2 2 2 2 2 2 2 2
left_child=1 2 3 4 5 6 7 9 12 -1 -3 -12 -2 -4
right_child=8 10 13 -5 -6 -7 -8 -9 -10 -11 11 -13 -14 -15
leaf_value=-0.063545006923880792 0.0084981430020823652 0.0084981430020823652 0.0068022203512689595 0.0084981430020823652 0.0068022203512689595 0.0068022203512689595 0.0068022203512689595 0.0068022203512689595 0.03549383984268515 -0.00040302435686087037 -0.028155574264851709 0.0084981430020823652 0.030473804238885568 0.0084981430020823652
leaf_weight=13.066753838293153 48.812794391736134 8.0898572837395424 1.8460888741537917 1.5225838641927101 2.0040880933083818 0.87472938164137382 0.6282699294388302 0.49628376960754472 4.3204510750365435 0.55182229971978891 1.6505792060197575 1.067478075623512 2.5706796205249693 4.9426025846041739
leaf_count=585 1442 79 22 19 51 8 9 4 29 4 52 3 32 34
internal_value=0.000362573 -0.0117739 -0.0232455 -0.0356253 -0.0423239 -0.0486844 -0.053394 -0.0576117 0.00849814 -0.0613657 0.00849814 -0.0155084 0.00849814 0.00849814
internal_weight=92.4451 36.7411 25.9332 19.1445 17.6219 15.6179 14.7431 14.1149 55.7039 13.6186 10.8079 2.71806 51.3835 6.78869
internal_count=2373 870 736 680 661 610 602 593 1503 589 134 55 1474 56
is_linear=0
shrinkage=0.06


Tree=227
num_leaves=14
num_cat=0
split_feature=4 218 23 118 186 94 60 93 142 69 10 21 118
split_gain=2.75756 1.6353 1.90289 2.78594 3.04473 2.41618 2.46128 1.78942 1.3185 1.08797 0.70664 1.38952 0.280831
threshold=1.5000000000000002 0.048312543312543317 0.060866967931675266 0.0036514127447459838 0.027041950840956921 4.3500000000000005 19.000000000000004 1.178103848883737 0.9974399053625177 1.0000000180025095e-35 0.18423110991716388 0.30180953532855331 0.0020787633402718809
decision_type=2 2 2 2 2 2 2 2 2 2 2 2 2
left_child=-1 2 3 4 5 6 7 -2 10 -9 -4 -12 -13
right_child=1 -3 8 -5 -6 -7 -8 9 -10 -11 11 12 -14
leaf_value=0.034203991550263158 0.0070481913247391979 0.03133243535674439 0.0070481913247391979 0.0070481913247391979 0.0070481913247391979 0.0070481913247391979 0.0070481913247391979 -0.059862902565498838 0.03133243535674439 0.0070481913247391979 0.0070481913247391979 0.00939306155295664 0.03133243535674439
leaf_weight=9.1285968059673888 1.0724349422380388 4.4166382681578389 26.723404589061829 10.795130123263332 2.1814405108380006 1.2262430558330368 1.0107815191149701 11.522292113669204 5.3213275028683702 0.35420663096010763 2.8356396454037158 4.1807142027682849 8.2997840122188773
leaf_count=31 9 18 884 286 42 14 4 695 87 3 105 108 82
internal_value=0.00620653 0.0022526 -0.000212461 -0.0120804 -0.0260098 -0.0362544 -0.0436512 -0.0507757 0.00704819 -0.056775 0.00704819 0.0214204 0.0313324
internal_weight=89.0686 79.94 75.5234 28.1625 17.3674 15.186 13.9597 12.9489 47.3609 11.8765 42.0395 15.3161 12.4805
internal_count=2368 2337 2319 1053 767 725 711 707 1266 698 1179 295 190
is_linear=0
shrinkage=0.06


Tree=228
num_leaves=14
num_cat=0
split_feature=21 93 242 219 1 248 8 95 69 80 25 45 45
split_gain=1.45677 2.09702 5.36856 1.43541 1.32168 1.16003 0.980115 0.848391 0.795603 0.845295 0.792324 0.245158 0.18309
threshold=0.54210048228403163 1.3022593404577139 2.5336601328755064 0.086268915901761375 1.0000000180025095e-35 6.4541067735898432 14.500000000000002 0.74482001456456148 1.0000000180025095e-35 13.500000000000002 0.0054141994489066087 0.0066326404921448288 0.0081943585319269024
decision_type=2 2 2 2 2 2 2 2 2 2 2 2 2
left_child=1 4 3 5 -1 6 7 8 9 -3 -6 -12 -5
right_child=-2 2 -4 12 10 -7 -8 -9 -10 -11 11 -13 -14
leaf_value=0.028929995674105296 0.035432487646689936 -0.05782780377032206 0.0070727198200808529 0.0013533275494372809 0.0070727198200808529 0.0013533275494372809 0.0013533275494372809 0.0013533275494372809 0.0013533275494372809 0.0013533275494372809 0.0070727198200808529 0.028929995674105296 0.0070727198200808529
leaf_weight=8.1688777580857259 2.7775260638445607 10.593940536035907 8.8554656789274286 1.4030991714298573 50.807843629324452 0.54980933293700296 0.42768268287181932 0.34111422300338823 0.29741710424423295 0.29959032684564668 2.0079059131094246 3.0963612106861547 1.815412454670877
leaf_count=13 17 1070 261 150 793 2 4 2 1 3 28 9 27
internal_value=0.00314686 0.00137617 -0.0128878 -0.0340766 0.00707272 -0.0421222 -0.046228 -0.049603 -0.0524566 -0.0550801 0.00707272 0.02893 0.00135333
internal_weight=91.442 88.6645 24.5835 15.7281 64.081 12.5096 11.9597 11.5321 11.1909 10.8935 55.9121 5.10427 3.21851
internal_count=2380 2363 1520 1259 843 1082 1080 1076 1074 1073 830 37 177
is_linear=0
shrinkage=0.06


Tree=229
num_leaves=8
num_cat=0
split_feature=31 95 148 69 85 60 29
split_gain=1.67772 1.22261 0.927603 0.797736 0.631182 0.56865 0.121808
threshold=7.8163671393615273 0.76199428044843132 0.0086945743023091101 1.0000000180025095e-35 0.76907955194126776 19.000000000000004 3.586020044676447
decision_type=2 2 2 2 2 2 2
left_child=2 4 3 5 -2 6 -1
right_child=1 -3 -4 -5 -6 -7 -8
leaf_value=0.02180191218655643 -0.041026108125422213 0.008080675346513428 0.035142782772864013 0.034669909266286193 0.008080675346513428 0.034669909266286193 0.008080675346513428
leaf_weight=11.98130169615615 3.601037739666936 0.86757963895797718 2.7380725052207699 2.5835626348853102 0.3439546227455138 2.2157080769538871 68.782102157624649
leaf_count=47 481 13 19 14 2 5 1845
internal_value=0.00602594 -0.0229786 0.00808068 0.00808068 -0.0351371 0.00808068 0.00808068
internal_weight=93.1133 4.81257 88.3007 85.5627 3.94499 82.9791 80.7634
internal_count=2426 496 1930 1911 483 1897 1892
is_linear=0
shrinkage=0.06


Tree=230
num_leaves=13
num_cat=0
split_feature=21 147 253 191 86 124 134 135 243 213 242 254
split_gain=2.09459 2.41883 3.62957 5.04934 4.07207 3.82593 4.22808 1.6279 1.05749 1.36427 0.367685 0.1261
threshold=0.54210048228403163 0.089898989898989909 0.00061607261629805746 2.2333333333333356 73.500000000000014 0.029105480405639522 0.0023513762157715257 0.8500000000000002 0.030158743032271489 0.013245614035087722 1.6343519733210408 0.00028839269911946046
decision_type=2 2 2 2 2 2 2 2 2 2 2 2
left_child=1 2 3 4 5 6 7 -1 9 -3 -11 -7
right_child=-2 8 -4 -5 -6 11 -8 -9 -10 10 -12 -13
leaf_value=-0.064266207610417819 0.035522465781117771 0.00804362459561366 0.00804362459561366 0.00804362459561366 0.00804362459561366 0.0058513008047685593 0.0058513008047685593 0.0058513008047685593 0.00804362459561366 0.00804362459561366 0.035522465781117771 0.00804362459561366
leaf_weight=17.98602416507039 2.8023250866681328 2.1535787080065374 22.502411647783447 10.957267627883082 2.1756963580846778 2.5673403304426747 3.4049288160967981 0.86661584759713051 7.1441795582322802 2.5132339846750238 6.0668582669459283 2.2413399407596444
leaf_count=1327 21 26 249 158 21 115 38 22 318 34 15 17
internal_value=-0.00311866 -0.00529026 -0.0108068 -0.0212399 -0.0337206 -0.0407787 -0.0505047 -0.0606905 0.0131982 0.0267682 0.0355225 0.0058513
internal_weight=83.3818 80.5795 62.7016 40.1992 29.2419 27.0662 22.2576 18.8526 17.8779 10.7337 8.58009 4.80868
internal_count=2361 2340 1947 1698 1540 1519 1387 1349 393 75 49 132
is_linear=0
shrinkage=0.06


Tree=231
num_leaves=11
num_cat=0
split_feature=29 112 31 144 98 100 242 13 159 112
split_gain=1.68299 2.25653 3.12906 1.83712 2.75826 3.68849 1.28539 0.933761 0.287491 0.114493
threshold=9.269690490689273 0.0023646336724331978 6.5786148540711356 0.0010434783871126972 0.0082962648992625804 0.0025512177559846414 2.4427566360668949 0.11597549030321271 8.4527137860167159 0.073577677106094613
decision_type=2 2 2 2 2 2 2 2 2 2
left_child=1 2 3 4 -1 -6 7 -5 -7 -2
right_child=9 -3 -4 6 5 8 -8 -9 -10 -11
leaf_value=0.01365566415698188 -0.030984561413403375 0.035307498862488788 -0.027630589090739212 0.01365566415698188 -0.027630589090739212 -0.0092304569302046457 0.034753663256238271 0.034753663256238271 0.01365566415698188 -0.001049106724306387
leaf_weight=6.6501416395694859 2.6826268378645213 7.2273370829461774 6.8005508657047349 33.967626223689876 8.8661803194845543 0.97863090678583731 9.2335691683474561 8.4187460970133525 4.4615554181509651 0.66977507178671647
leaf_count=58 225 148 620 699 433 23 84 32 60 14
internal_value=0.0053028 0.00717254 0.00380604 0.00772337 -0.00680566 -0.0212904 0.0136557 0.0136557 0.0136557 -0.0276306
internal_weight=89.9567 86.6043 79.377 72.5764 20.9565 14.3064 51.6199 42.3864 5.44019 3.3524
internal_count=2396 2157 2009 1389 574 516 815 731 83 239
is_linear=0
shrinkage=0.06


Tree=232
num_leaves=18
num_cat=0
split_feature=60 266 0 93 83 31 175 159 262 94 229 40 203 0 0 250 209
split_gain=1.96479 2.06252 3.38821 2.58171 1.82609 1.75107 1.65288 1.19444 1.12429 1.32607 1.09242 0.67999 0.468439 0.440305 0.310674 0.0353205 0.0227535
threshold=19.000000000000004 0.011550246501190022 49.225000000000009 1.3493527549158852 0.090542000031753417 5.9926244517592151 0.11715686274509805 9.9481067098269857 0.053266088520271489 3.4500000000000006 0.02663120567375887 17.500000000000004 0.31815378103421371 55.341666666666676 61.558333333333344 2.8333333333333366 9.799664940419893
decision_type=2 2 2 2 2 2 2 2 2 2 2 2 2 2 2 2 2
left_child=1 2 4 5 -1 6 10 8 -3 11 -4 15 16 -7 -8 -10 -6
right_child=-2 7 3 -5 12 13 14 -9 9 -11 -12 -13 -14 -15 -16 -17 -18
leaf_value=-0.012138780942814852 0.038446687700311934 -0.012138780942814852 -0.0039201474803759635 -0.012138780942814852 -0.0085913510887659379 -0.0039201474803759635 0.025841476382830051 -0.012138780942814852 -0.05643041118665125 -0.012138780942814852 0.025841476382830051 -0.012138780942814852 0.030206176780058241 -0.012138780942814852 0.038446687700311934 -0.012138780942814852 0.0014658476749848668
leaf_weight=16.562171393010889 2.8492280556820324 1.3720701931306383 2.3372948322212386 2.8906192420035941 0.49921497651666991 3.6696465786480976 8.5109621978044903 19.878172022007675 6.7523378446639963 3.5697954850984379 2.5246359966695309 0.85284721892094228 2.8743305025636801 2.7871954455149535 11.684359208742533 0.8886228609480894 0.46029680105857551
leaf_count=621 12 20 104 215 27 83 69 585 244 76 8 8 54 191 62 9 5
internal_value=0.00126094 -0.000768076 0.0063283 0.0174458 -0.0121388 0.0230302 0.0297512 -0.0121388 -0.0293918 -0.0373471 -0.0013804 -0.0486714 0.0221757 -0.00392015 0.0366951 -0.0538182 -0.00603654
internal_weight=90.9638 88.1146 54.8007 34.4047 20.396 31.5141 25.0573 33.3138 13.4357 12.0636 4.86193 8.49381 3.83384 6.45684 20.1953 7.64096 0.959512
internal_count=2393 2381 1439 732 707 517 243 942 357 337 112 261 86 274 131 253 32
is_linear=0
shrinkage=0.06


Tree=233
num_leaves=10
num_cat=0
split_feature=45 95 21 173 110 85 147 60 69
split_gain=2.37117 2.17483 1.56892 1.44427 1.10849 1.04058 1.03647 0.845758 0.364299
threshold=0.0020299073101935718 0.68787090564819808 0.54210048228403163 0.59411764705882364 0.0074831633491122497 0.27461202084735398 0.4250000000000001 19.000000000000004 1.0000000180025095e-35
decision_type=2 2 2 2 2 2 2 2 2
left_child=1 2 3 5 7 6 -1 8 -2
right_child=4 -3 -4 -5 -6 -7 -8 -9 -10
leaf_value=-0.056498306180393032 0.0054259136216931077 0.0054259136216931077 0.0054259136216931077 0.0054259136216931077 0.030180451065608769 0.0054259136216931077 0.0054259136216931077 0.030180451065608769 0.030180451065608769
leaf_weight=7.6479954470796567 63.005914544235111 5.0881983785657203 0.87918566167354661 1.0092842224985368 4.6082524207304223 0.41516272723674852 0.37334636598825444 2.221270964248105 2.1136703668162218
leaf_count=552 1751 37 6 5 39 3 3 8 14
internal_value=0.000751539 -0.0191856 -0.0332499 -0.0405015 0.00542591 -0.0476509 -0.0521374 0.00542591 0.00542591
internal_weight=87.3623 15.4132 10.325 9.44579 71.9491 8.4365 8.02134 67.3409 65.1196
internal_count=2418 606 569 563 1812 558 555 1773 1765
is_linear=0
shrinkage=0.06


Tree=234
num_leaves=7
num_cat=0
split_feature=4 10 112 0 5 81
split_gain=2.0797 2.7392 2.66946 1.22948 0.810381 0.717296
threshold=1.5000000000000002 0.17409699410200122 0.00057549279934401615 62.958333333333343 0.016458364770640211 0.011864475073077462
decision_type=2 2 2 2 2 2
left_child=3 2 4 -1 5 -2
right_child=1 -3 -4 -5 -6 -7
leaf_value=0.0027713017292957964 -0.055880445492046356 0.0027713017292957964 0.0027713017292957964 0.040714254719849574 0.0027713017292957964 0.0010851560295765108
leaf_weight=4.4578194811474514 5.776572521968772 68.043576089010458 3.3965596620137148 5.1815284807235003 0.34600272029638279 0.80267208774603194
leaf_count=31 281 1922 121 7 3 18
internal_value=0.00160421 -0.00186483 -0.0279163 0.025281 -0.0459992 -0.0502978
internal_weight=88.0047 78.3654 10.3218 9.63935 6.92525 6.57924
internal_count=2383 2345 423 38 302 299
is_linear=0
shrinkage=0.06


Tree=235
num_leaves=13
num_cat=0
split_feature=161 29 12 108 70 191 86 60 147 111 155 213
split_gain=1.47347 1.85067 2.65433 2.00803 2.35467 1.96813 2.3173 0.899619 0.731559 0.715475 1.18085 0.00278868
threshold=31.658947854783417 6.2158771534558559 117.50000000000001 0.22000175982142448 1.0000000180025095e-35 3.3749999999999627 73.500000000000014 13.000000000000002 0.30949612403100779 22.359986482347765 0.41195220084159406 0.0071175278622087135
decision_type=2 2 2 2 2 2 2 2 2 2 2 2
left_child=1 7 3 4 5 6 8 9 -3 -1 -11 -12
right_child=-2 2 -4 -5 -6 -7 -8 -9 -10 10 11 -13
leaf_value=0.007225465305861334 0.032305789718735926 -0.057611970141025398 0.007225465305861334 0.007225465305861334 0.007225465305861334 0.007225465305861334 0.007225465305861334 0.027785726112212635 0.0067853011939217516 0.007225465305861334 0.007225465305861334 0.027785726112212635
leaf_weight=43.016656603856063 4.1551022685016497 10.667216007042036 8.0030494205666383 1.5124518216762215 1.256604008376599 0.87462266162037927 0.86650537326932031 5.9083311942522405 0.25240445137024003 4.6148655026991028 1.7356185144744793 7.119599324898445
leaf_count=976 26 856 190 17 5 13 7 41 2 158 30 64
internal_value=0.0039298 0.00185168 -0.0119002 -0.0257589 -0.0334201 -0.0415493 -0.0480142 0.00722547 -0.0553035 0.00722547 0.0216439 0.0277857
internal_weight=89.983 85.8279 23.4329 15.4298 13.9174 12.6607 11.7861 62.3951 10.9196 56.4867 13.4701 8.85522
internal_count=2385 2359 1090 900 883 878 865 1269 858 1228 252 94
is_linear=0
shrinkage=0.06


Tree=236
num_leaves=17
num_cat=0
split_feature=86 4 159 243 242 197 7 31 10 85 242 108 0 85 253 225
split_gain=1.50062 1.67182 2.97878 1.67813 2.36966 2.65935 1.93218 2.23658 1.743 2.36952 1.71442 0.548245 0.325101 0.257988 0.146001 0.0270675
threshold=73.500000000000014 1.5000000000000002 7.7562648504022418 0.062505232460227655 2.4427566360668949 0.10969022951399288 0.020910624374341179 6.2967748303196904 0.17755359411239627 0.033278239869402718 4.178009399353817 0.22000175982142448 62.958333333333343 0.0070765272748327902 0.019326876606932285 0.20833333333333334
decision_type=2 2 2 2 2 2 2 2 2 2 2 2 2 2 2 2
left_child=1 12 -3 4 5 6 -4 8 9 11 15 14 -1 -10 -8 -5
right_child=-2 2 3 10 -6 -7 7 -9 13 -11 -12 -13 -14 -15 -16 -17
leaf_value=0.021515389866989514 0.034902050890640329 -0.041268702710891322 -0.024295058211480165 -0.041268702710891322 0.021515389866989514 0.021515389866989514 -0.024295058211480165 -0.024295058211480165 0.012819274367122751 0.0201570832288527 0.01865435797337894 0.012819274367122751 0.034902050890640329 0.021515389866989514 0.0096077432018711832 -0.024295058211480165
leaf_weight=4.4190163200255466 2.723503188462927 4.6949711276138251 13.079063280836634 4.425948180544764 11.936896883133157 10.525885100862068 4.3691109614446821 6.3526712799084626 5.2129464981844622 1.7652507226448504 1.3270715274848042 0.52953657507896412 5.0672136675566435 9.9121286477165977 0.61128969490528096 0.89301576801517502
leaf_count=31 32 173 636 375 145 147 154 418 108 6 22 2 7 132 3 29
internal_value=0.00198436 0.000154109 -0.00301027 0.000583875 0.00381092 -0.00206957 -0.00897014 0.000185663 0.00937543 -0.0125527 -0.0242951 -0.0242951 0.0215154 0.0201571 -0.0242951 -0.0371802
internal_weight=87.8455 85.122 75.6358 70.9408 64.2948 52.3579 41.832 28.7529 22.4003 7.27519 6.64604 5.50994 9.48623 15.1251 4.9804 5.31896
internal_count=2420 2388 2350 2177 1751 1606 1459 823 405 165 426 159 38 240 157 404
is_linear=0
shrinkage=0.06


Tree=237
num_leaves=13
num_cat=0
split_feature=87 1 10 260 203 45 0 191 34 249 191 45
split_gain=1.62735 1.59743 2.80467 2.7412 2.58833 3.12171 1.26023 1.00565 0.575204 0.509487 0.286231 0.0120268
threshold=1.277137377268059 1.0000000180025095e-35 0.17409699410200122 0.10463043069400042 0.31945048623497369 0.0051582001675292578 62.958333333333343 2.1666666666666683 48.908694267272956 0.098624068800531692 2.8416666666666663 0.0016716118546473804
decision_type=2 2 2 2 2 2 2 2 2 2 2 2
left_child=1 6 -3 4 5 10 -1 8 9 -7 -4 -6
right_child=-2 2 3 -5 11 7 -8 -9 -10 -11 -12 -13
leaf_value=0.011919143380226392 0.035064201785297566 -0.030821055442925585 -0.030821055442925585 -0.030821055442925585 0.0088285575249272951 -0.030821055442925585 0.035064201785297566 0.011919143380226392 0.011919143380226392 0.009050017218426562 0.0088285575249272951 0.011919143380226392
leaf_weight=4.0908190123736841 2.9806298052426419 9.3487498703943839 6.8661676775554934 4.3071759962112983 3.6579038734289488 2.0521542153765049 4.7815121747553349 3.6314397652604384 0.55668102647177864 0.42924514893093135 0.34169011749327172 43.364229657434862
leaf_count=26 37 420 462 191 178 90 6 28 3 9 4 952
internal_value=0.00174744 -0.000235912 -0.00328695 0.00146037 0.00524202 -0.0160342 0.0212908 0.0119191 -0.0159531 -0.0254819 -0.0308211 0.0119191
internal_weight=86.4084 83.4278 74.5554 65.2067 60.8995 13.8774 8.87233 6.66952 3.03808 2.4814 7.20786 47.0221
internal_count=2406 2369 2337 1917 1726 596 32 130 102 99 466 1130
is_linear=0
shrinkage=0.06


end of trees

feature_importances:
duration_min=154
yaw_abs__std=105
yaw_abs__mean=103
hands_low__w60_max=80
bn_yaw_abs__frac_over3=75
hands_low__longest_run_s=69
keys_per_s__w300_max=68
id_sim_low__mean=63
keys_per_s__w10_over=58
keys_per_s__mean=57
keys_per_s__std=55
bn_yaw_abs__w60_max=54
multi_face__w60_max=49
phone_ring__mean=48
paste_chars__mean=47
keys_per_s__w60_max=45
multi_face__mean=44
extra_person__w60_max=44
x_phone_and_pitch_down=42
face_offset__max=41
id_sim_low__w60_max=40
extra_person__mean=38
reach__mean=38
face_area__max=37
phone__mean=37
yaw_abs__w10_over=37
yaw_abs__w60_max=37
keys_per_s__max=36
yaw_abs__w10_max=36
paste_chars__max=35
id_sim_low__w300_max=35
no_face__mean=32
yaw_abs__max=31
paste_chars__w300_max=31
x_multi_face_and_voice=31
face_area__w300_max=29
extra_person__w10_over=28
paste_chars__std=27
no_face__w60_max=27
extra_person__w300_max=27
tab_hidden__mean=26
pitch_down__w300_max=26
bn_keys_per_s__w60_max=26
face_area__longest_run_s=25
id_sim_low__w10_over=25
multi_face__w60_over=25
face_area__w60_max=25
bn_keys_per_s__frac_over3=25
yaw_abs__w300_max=24
id_mismatch__mean=23
face_offset__mean=22
no_face__w10_over=20
keys_per_s__w10_max=20
id_mismatch__w300_max=20
extra_person__std=19
pad_fail__w10_over=19
no_face__longest_run_s=18
face_area__std=18
gaze_off__w60_max=18
paper__w300_over=18
hands_low__w300_max=18
id_sim_low__std=17
gaze_off__longest_run_s=17
multi_face__w300_max=17
gaze_off__w300_max=17
reach__w10_over=16
paste_chars__w60_max=16
bn_face_offset__w60_max=16
pitch_down__longest_run_s=15
hands_low__mean=15
phone_ring__max=15
multi_monitor__longest_run_s=15
paper_rustle__w10_over=15
id_mismatch__w300_over=15
x_paste_after_tab_return=15
pad_fail__mean=14
vad__w10_max=14
extra_person__w60_over=14
hands_low__w300_over=14
vad__w60_max=13
reach__w300_max=13
yaw_abs__longest_run_s=12
multi_face__w10_over=12
face_offset__w300_max=12
foreign__mean=11
multi_face__w10_max=11
id_mismatch__longest_run_s=10
paste_chars__longest_run_s=10
unk_identity=10
extra_person__longest_run_s=9
reach__std=9
x_mismatch_and_face=9
multi_face__std=8
pitch_down__max=8
phone__std=8
fs_off__mean=8
id_mismatch__w10_over=8
pitch_down__w60_max=8
paper__w300_max=8
bn_face_area__frac_over3=8
no_face__std=7
tab_hidden__longest_run_s=7
paste_chars__w10_max=7
paper_rustle__w300_max=7
bn_face_area__w60_max=7
x_foreign_and_keys=7
face_area__mean=6
id_sim_low__max=6
phone_ring__std=6
hands_low__w10_max=6
hands_low__w10_over=6
hands_low__w60_over=6
face_area__w300_over=6
bn_pitch_down__frac_over3=6
x_gaze_off_no_typing=6
unk_liveness=6
unk_audio_voice=6
unk_device=6
no_face__max=5
foreign__longest_run_s=5
id_sim_low__w10_max=5
paper_rustle__w10_max=5
no_face__w60_over=5
paper__w60_max=5
no_face__w300_max=5
id_sim_low__w300_over=5
bn_face_offset__frac_over3=5
unk_attention=5
id_mismatch__std=4
pad_fail__std=4
vad__longest_run_s=4
foreign__std=4
paper_rustle__mean=4
vad__w10_over=4
face_area__w60_over=4
pitch_down__w60_over=4
phone__w60_max=4
multi_face__longest_run_s=3
fs_off__std=3
face_offset__w10_max=3
pitch_down__w10_max=3
tab_hidden__w10_over=3
foreign__w60_max=3
pad_fail__w300_max=3
phone__w300_max=3
fs_off__w300_max=3
unk_presence=3
id_sim_low__longest_run_s=2
pitch_down__mean=2
paper__mean=2
phone_ring__longest_run_s=2
tab_hidden__std=2
multi_monitor__mean=2
keys_per_s__longest_run_s=2
no_face__w10_max=2
face_area__w10_max=2
phone__w10_over=2
foreign__w10_over=2
face_offset__w60_max=2
multi_monitor__w60_over=2
vad__w300_max=2
foreign__w300_max=2
tab_hidden__w300_max=2
unk_pose=2
face_offset__longest_run_s=1
gaze_off__mean=1
gaze_off__std=1
paper__max=1
paper__longest_run_s=1
hands_low__std=1
paper_rustle__std=1
paper_rustle__longest_run_s=1
face_area__w10_over=1
pitch_down__w10_over=1
extra_person__w10_max=1
phone__w10_max=1
tab_hidden__w10_max=1
multi_monitor__w10_over=1
id_mismatch__w60_max=1
id_sim_low__w60_over=1
yaw_abs__w60_over=1
gaze_off__w60_over=1
paper_rustle__w60_max=1
fs_off__w60_over=1
keys_per_s__w60_over=1
gaze_off__w300_over=1
bn_pitch_down__w60_max=1
unk_audio_event=1

parameters:
[boosting: gbdt]
[objective: binary]
[metric: binary_logloss]
[tree_learner: serial]
[device_type: cpu]
[data_sample_strategy: bagging]
[data: ]
[valid: ]
[num_iterations: 1500]
[learning_rate: 0.06]
[num_leaves: 31]
[num_threads: 1]
[seed: 20260923]
[deterministic: 1]
[force_col_wise: 0]
[force_row_wise: 0]
[histogram_pool_size: -1]
[max_depth: -1]
[min_data_in_leaf: 15]
[min_sum_hessian_in_leaf: 0.001]
[bagging_fraction: 0.8]
[pos_bagging_fraction: 1]
[neg_bagging_fraction: 1]
[bagging_freq: 1]
[bagging_seed: 20081]
[bagging_by_query: 0]
[feature_fraction: 0.7]
[feature_fraction_bynode: 1]
[feature_fraction_seed: 2478]
[extra_trees: 0]
[extra_seed: 19505]
[early_stopping_round: 0]
[early_stopping_min_delta: 0]
[first_metric_only: 0]
[max_delta_step: 0]
[lambda_l1: 0]
[lambda_l2: 2]
[linear_lambda: 0]
[min_gain_to_split: 0]
[drop_rate: 0.1]
[max_drop: 50]
[skip_drop: 0.5]
[xgboost_dart_mode: 0]
[uniform_drop: 0]
[drop_seed: 10845]
[top_rate: 0.2]
[other_rate: 0.1]
[min_data_per_group: 100]
[max_cat_threshold: 32]
[cat_l2: 10]
[cat_smooth: 10]
[max_cat_to_onehot: 4]
[top_k: 20]
[monotone_constraints: 0,-1,-1,-1,-1,1,1,1,1,1,1,-1,1,1,1,1,1,1,1,1,1,1,1,1,1,1,1,1,1,-1,1,-1,1,1,1,1,1,1,-1,1,1,-1,-1,-1,-1,1,1,1,1,1,-1,1,1,1,-1,1,1,1,-1,1,1,1,1,1,1,1,1,1,1,1,1,1,1,1,1,1,1,1,1,1,1,1,1,1,1,1,1,1,1,1,1,1,1,-1,1,1,1,-1,-1,1,1,1,1,1,1,1,1,1,1,1,1,1,1,1,1,1,1,-1,1,1,1,1,1,1,1,1,1,1,1,1,1,1,1,1,1,1,1,1,1,1,1,1,1,1,1,-1,-1,1,1,1,1,1,1,1,1,1,1,1,1,1,1,1,1,1,1,1,1,1,1,1,1,1,1,1,1,1,1,1,1,1,1,1,1,1,1,1,1,1,1,1,1,1,1,-1,-1,1,1,1,1,1,1,1,1,1,1,1,1,1,1,1,1,1,1,1,1,1,1,1,1,1,1,1,1,1,1,1,1,1,1,1,1,1,1,1,1,1,1,1,1,1,1,-1,1,-1,1,1,-1,-1,1,1,1,1,1,1,1,1,1,1,1,1,-1,-1,-1,-1,-1,-1,-1,-1,-1,-1,-1]
[monotone_constraints_method: advanced]
[monotone_penalty: 0]
[feature_contri: ]
[forcedsplits_filename: ]
[refit_decay_rate: 0.9]
[cegb_tradeoff: 1]
[cegb_penalty_split: 0]
[cegb_penalty_feature_lazy: ]
[cegb_penalty_feature_coupled: ]
[path_smooth: 0]
[interaction_constraints: ]
[verbosity: -1]
[saved_feature_importance_type: 0]
[use_quantized_grad: 0]
[num_grad_quant_bins: 4]
[quant_train_renew_leaf: 0]
[stochastic_rounding: 1]
[linear_tree: 0]
[max_bin: 255]
[max_bin_by_feature: ]
[min_data_in_bin: 3]
[bin_construct_sample_cnt: 200000]
[data_random_seed: 5095]
[is_enable_sparse: 1]
[enable_bundle: 1]
[use_missing: 1]
[zero_as_missing: 0]
[feature_pre_filter: 1]
[pre_partition: 0]
[two_round: 0]
[header: 0]
[label_column: ]
[weight_column: ]
[group_column: ]
[ignore_column: ]
[categorical_feature: ]
[forcedbins_filename: ]
[precise_float_parser: 0]
[parser_config_file: ]
[objective_seed: 4466]
[num_class: 1]
[is_unbalance: 0]
[scale_pos_weight: 14.6146]
[sigmoid: 1]
[boost_from_average: 1]
[reg_sqrt: 0]
[alpha: 0.9]
[fair_c: 1]
[poisson_max_delta_step: 0.7]
[tweedie_variance_power: 1.5]
[lambdarank_truncation_level: 30]
[lambdarank_norm: 1]
[label_gain: ]
[lambdarank_position_bias_regularization: 0]
[eval_at: ]
[multi_error_top_k: 1]
[auc_mu_weights: ]
[num_machines: 1]
[local_listen_port: 12400]
[time_out: 120]
[machine_list_filename: ]
[machines: ]
[gpu_platform_id: -1]
[gpu_device_id: -1]
[gpu_use_dp: 0]
[num_gpu: 1]

end of parameters

pandas_categorical:null
