session_id,split
sim_simv1s923_000000,holdout
sim_simv1s923_000001,calibration
sim_simv1s923_000002,holdout
sim_simv1s923_000003,calibration
sim_simv1s923_000004,train
sim_simv1s923_000005,train
sim_simv1s923_000006,train
sim_simv1s923_000007,holdout
sim_simv1s923_000008,validation
sim_simv1s923_000009,train
sim_simv1s923_000010,train
sim_simv1s923_000011,holdout
sim_simv1s923_000012,train
sim_simv1s923_000013,calibration
sim_simv1s923_000014,train
sim_simv1s923_000015,train
sim_simv1s923_000016,holdout
sim_simv1s923_000017,train
sim_simv1s923_000018,train
sim_simv1s923_000019,train
sim_simv1s923_000020,holdout
sim_simv1s923_000021,train
sim_simv1s923_000022,train
sim_simv1s923_000023,train
sim_simv1s923_000024,train
sim_simv1s923_000025,train
sim_simv1s923_000026,holdout
sim_simv1s923_000027,train
sim_simv1s923_000028,calibration
sim_simv1s923_000029,train
sim_simv1s923_000030,calibration
sim_simv1s923_000031,holdout
sim_simv1s923_000032,train
sim_simv1s923_000033,calibration
sim_simv1s923_000034,validation
sim_simv1s923_000035,train
sim_simv1s923_000036,validation
sim_simv1s923_000037,train
sim_simv1s923_000038,holdout
sim_simv1s923_000039,train
sim_simv1s923_000040,calibration
sim_simv1s923_000041,train
sim_simv1s923_000042,train
sim_simv1s923_000043,train
sim_simv1s923_000044,train
sim_simv1s923_000045,train
sim_simv1s923_000046,validation
sim_simv1s923_000047,train
sim_simv1s923_000048,holdout
sim_simv1s923_000049,train
sim_simv1s923_000050,holdout
sim_simv1s923_000051,train
sim_simv1s923_000052,train
sim_simv1s923_000053,calibration
sim_simv1s923_000054,train
sim_simv1s923_000055,train
sim_simv1s923_000056,train
sim_simv1s923_000057,validation
sim_simv1s923_000058,train
sim_simv1s923_000059,train
sim_simv1s923_000060,train
sim_simv1s923_000061,train
sim_simv1s923_000062,train
sim_simv1s923_000063,train
sim_simv1s923_000064,train
sim_simv1s923_000065,calibration
sim_simv1s923_000066,train
sim_simv1s923_000067,train
sim_simv1s923_000068,validation
sim_simv1s923_000069,train
sim_simv1s923_000070,train
sim_simv1s923_000071,validation
sim_simv1s923_000072,calibration
sim_simv1s923_000073,train
sim_simv1s923_000074,calibration
sim_simv1s923_000075,holdout
sim_simv1s923_000076,train
sim_simv1s923_000077,validation
sim_simv1s923_000078,train
sim_simv1s923_000079,train
sim_simv1s923_000080,holdout
sim_simv1s923_000081,train
sim_simv1s923_000082,train
sim_simv1s923_000083,train
sim_simv1s923_000084,validation
sim_simv1s923_000085,train
sim_simv1s923_000086,validation
sim_simv1s923_000087,train
sim_simv1s923_000088,train
sim_simv1s923_000089,train
sim_simv1s923_000090,holdout
sim_simv1s923_000091,train
sim_simv1s923_000092,holdout
sim_simv1s923_000093,train
sim_simv1s923_000094,train
sim_simv1s923_000095,train
sim_simv1s923_000096,train
sim_simv1s923_000097,train
sim_simv1s923_000098,train
sim_simv1s923_000099,holdout
sim_simv1s923_000100,calibration
sim_simv1s923_000101,train
sim_simv1s923_000102,train
sim_simv1s923_000103,train
sim_simv1s923_000104,calibration
sim_simv1s923_000105,holdout
sim_simv1s923_000106,train
sim_simv1s923_000107,train
sim_simv1s923_000108,validation
sim_simv1s923_000109,train
sim_simv1s923_000110,train
sim_simv1s923_000111,train
sim_simv1s923_000112,train
sim_simv1s923_000113,train
sim_simv1s923_000114,validation
sim_simv1s923_000115,train
sim_simv1s923_000116,train
sim_simv1s923_000117,train
sim_simv1s923_000118,train
sim_simv1s923_000119,train
sim_simv1s923_000120,train
sim_simv1s923_000121,train
sim_simv1s923_000122,train
sim_simv1s923_000123,train
sim_simv1s923_000124,holdout
sim_simv1s923_000125,train
sim_simv1s923_000126,train
sim_simv1s923_000127,validation
sim_simv1s923_000128,train
sim_simv1s923_000129,holdout
sim_simv1s923_000130,train
sim_simv1s923_000131,validation
sim_simv1s923_000132,train
sim_simv1s923_000133,holdout
sim_simv1s923_000134,holdout
sim_simv1s923_000135,holdout
sim_simv1s923_000136,train
sim_simv1s923_000137,train
sim_simv1s923_000138,calibration
sim_simv1s923_000139,train
sim_simv1s923_000140,train
sim_simv1s923_000141,train
sim_simv1s923_000142,train
sim_simv1s923_000143,train
sim_simv1s923_000144,train
sim_simv1s923_000145,train
sim_simv1s923_000146,train
sim_simv1s923_000147,holdout
sim_simv1s923_000148,validation
sim_simv1s923_000149,train
sim_simv1s923_000150,train
sim_simv1s923_000151,train
sim_simv1s923_000152,calibration
sim_simv1s923_000153,train
sim_simv1s923_000154,train
sim_simv1s923_000155,calibration
sim_simv1s923_000156,train
sim_simv1s923_000157,holdout
sim_simv1s923_000158,validation
sim_simv1s923_000159,calibration
sim_simv1s923_000160,train
sim_simv1s923_000161,train
sim_simv1s923_000162,validation
sim_simv1s923_000163,holdout
sim_simv1s923_000164,train
sim_simv1s923_000165,validation
sim_simv1s923_000166,train
sim_simv1s923_000167,train
sim_simv1s923_000168,train
sim_simv1s923_000169,holdout
sim_simv1s923_000170,calibration
sim_simv1s923_000171,validation
sim_simv1s923_000172,validation
sim_simv1s923_000173,train
sim_simv1s923_000174,calibration
sim_simv1s923_000175,train
sim_simv1s923_000176,calibration
sim_simv1s923_000177,train
sim_simv1s923_000178,train
sim_simv1s923_000179,validation
sim_simv1s923_000180,train
sim_simv1s923_000181,holdout
sim_simv1s923_000182,holdout
sim_simv1s923_000183,train
sim_simv1s923_000184,train
sim_simv1s923_000185,train
sim_simv1s923_000186,calibration
sim_simv1s923_000187,calibration
sim_simv1s923_000188,train
sim_simv1s923_000189,train
sim_simv1s923_000190,validation
sim_simv1s923_000191,train
sim_simv1s923_000192,holdout
sim_simv1s923_000193,calibration
sim_simv1s923_000194,train
sim_simv1s923_000195,train
sim_simv1s923_000196,calibration
sim_simv1s923_000197,validation
sim_simv1s923_000198,train
sim_simv1s923_000199,train
sim_simv1s923_000200,holdout
sim_simv1s923_000201,train
sim_simv1s923_000202,train
sim_simv1s923_000203,train
sim_simv1s923_000204,train
sim_simv1s923_000205,calibration
sim_simv1s923_000206,calibration
sim_simv1s923_000207,train
sim_simv1s923_000208,train
sim_simv1s923_000209,train
sim_simv1s923_000210,holdout
sim_simv1s923_000211,train
sim_simv1s923_000212,train
sim_simv1s923_000213,train
sim_simv1s923_000214,holdout
sim_simv1s923_000215,train
sim_simv1s923_000216,calibration
sim_simv1s923_000217,train
sim_simv1s923_000218,train
sim_simv1s923_000219,calibration
sim_simv1s923_000220,train
sim_simv1s923_000221,validation
sim_simv1s923_000222,train
sim_simv1s923_000223,train
sim_simv1s923_000224,train
sim_simv1s923_000225,calibration
sim_simv1s923_000226,train
sim_simv1s923_000227,train
sim_simv1s923_000228,train
sim_simv1s923_000229,holdout
sim_simv1s923_000230,train
sim_simv1s923_000231,calibration
sim_simv1s923_000232,holdout
sim_simv1s923_000233,train
sim_simv1s923_000234,train
sim_simv1s923_000235,train
sim_simv1s923_000236,holdout
sim_simv1s923_000237,calibration
sim_simv1s923_000238,train
sim_simv1s923_000239,holdout
sim_simv1s923_000240,train
sim_simv1s923_000241,train
sim_simv1s923_000242,calibration
sim_simv1s923_000243,holdout
sim_simv1s923_000244,train
sim_simv1s923_000245,calibration
sim_simv1s923_000246,validation
sim_simv1s923_000247,validation
sim_simv1s923_000248,train
sim_simv1s923_000249,train
sim_simv1s923_000250,train
sim_simv1s923_000251,train
sim_simv1s923_000252,holdout
sim_simv1s923_000253,train
sim_simv1s923_000254,holdout
sim_simv1s923_000255,train
sim_simv1s923_000256,train
sim_simv1s923_000257,holdout
sim_simv1s923_000258,calibration
sim_simv1s923_000259,train
sim_simv1s923_000260,train
sim_simv1s923_000261,validation
sim_simv1s923_000262,train
sim_simv1s923_000263,train
sim_simv1s923_000264,train
sim_simv1s923_000265,validation
sim_simv1s923_000266,validation
sim_simv1s923_000267,train
sim_simv1s923_000268,train
sim_simv1s923_000269,train
sim_simv1s923_000270,train
sim_simv1s923_000271,calibration
sim_simv1s923_000272,train
sim_simv1s923_000273,holdout
sim_simv1s923_000274,train
sim_simv1s923_000275,train
sim_simv1s923_000276,validation
sim_simv1s923_000277,train
sim_simv1s923_000278,calibration
sim_simv1s923_000279,holdout
sim_simv1s923_000280,train
sim_simv1s923_000281,calibration
sim_simv1s923_000282,train
sim_simv1s923_000283,train
sim_simv1s923_000284,train
sim_simv1s923_000285,calibration
sim_simv1s923_000286,validation
sim_simv1s923_000287,train
sim_simv1s923_000288,train
sim_simv1s923_000289,train
sim_simv1s923_000290,train
sim_simv1s923_000291,train
sim_simv1s923_000292,train
sim_simv1s923_000293,holdout
sim_simv1s923_000294,calibration
sim_simv1s923_000295,train
sim_simv1s923_000296,train
sim_simv1s923_000297,calibration
sim_simv1s923_000298,train
sim_simv1s923_000299,holdout
sim_simv1s923_000300,train
sim_simv1s923_000301,train
sim_simv1s923_000302,train
sim_simv1s923_000303,train
sim_simv1s923_000304,holdout
sim_simv1s923_000305,train
sim_simv1s923_000306,holdout
sim_simv1s923_000307,validation
sim_simv1s923_000308,validation
sim_simv1s923_000309,train
sim_simv1s923_000310,holdout
sim_simv1s923_000311,train
sim_simv1s923_000312,holdout
sim_simv1s923_000313,train
sim_simv1s923_000314,train
sim_simv1s923_000315,validation
sim_simv1s923_000316,calibration
sim_simv1s923_000317,holdout
sim_simv1s923_000318,validation
sim_simv1s923_000319,train
sim_simv1s923_000320,train
sim_simv1s923_000321,holdout
sim_simv1s923_000322,validation
sim_simv1s923_000323,train
sim_simv1s923_000324,holdout
sim_simv1s923_000325,validation
sim_simv1s923_000326,train
sim_simv1s923_000327,train
sim_simv1s923_000328,holdout
sim_simv1s923_000329,train
sim_simv1s923_000330,validation
sim_simv1s923_000331,calibration
sim_simv1s923_000332,holdout
sim_simv1s923_000333,train
sim_simv1s923_000334,validation
sim_simv1s923_000335,train
sim_simv1s923_000336,calibration
sim_simv1s923_000337,holdout
sim_simv1s923_000338,train
sim_simv1s923_000339,train
sim_simv1s923_000340,holdout
sim_simv1s923_000341,train
sim_simv1s923_000342,validation
sim_simv1s923_000343,calibration
sim_simv1s923_000344,train
sim_simv1s923_000345,validation
sim_simv1s923_000346,train
sim_simv1s923_000347,train
sim_simv1s923_000348,train
sim_simv1s923_000349,train
sim_simv1s923_000350,calibration
sim_simv1s923_000351,validation
sim_simv1s923_000352,holdout
sim_simv1s923_000353,calibration
sim_simv1s923_000354,train
sim_simv1s923_000355,train
sim_simv1s923_000356,train
sim_simv1s923_000357,validation
sim_simv1s923_000358,train
sim_simv1s923_000359,train
sim_simv1s923_000360,calibration
sim_simv1s923_000361,calibration
sim_simv1s923_000362,train
sim_simv1s923_000363,train
sim_simv1s923_000364,holdout
sim_simv1s923_000365,validation
sim_simv1s923_000366,train
sim_simv1s923_000367,validation
sim_simv1s923_000368,calibration
sim_simv1s923_000369,calibration
sim_simv1s923_000370,train
sim_simv1s923_000371,train
sim_simv1s923_000372,holdout
sim_simv1s923_000373,train
sim_simv1s923_000374,train
sim_simv1s923_000375,holdout
sim_simv1s923_000376,train
sim_simv1s923_000377,train
sim_simv1s923_000378,train
sim_simv1s923_000379,validation
sim_simv1s923_000380,holdout
sim_simv1s923_000381,train
sim_simv1s923_000382,train
sim_simv1s923_000383,validation
sim_simv1s923_000384,holdout
sim_simv1s923_000385,calibration
sim_simv1s923_000386,validation
sim_simv1s923_000387,train
sim_simv1s923_000388,train
sim_simv1s923_000389,calibration
sim_simv1s923_000390,validation
sim_simv1s923_000391,train
sim_simv1s923_000392,train
sim_simv1s923_000393,train
sim_simv1s923_000394,calibration
sim_simv1s923_000395,train
sim_simv1s923_000396,validation
sim_simv1s923_000397,train
sim_simv1s923_000398,train
sim_simv1s923_000399,train
sim_simv1s923_000400,train
sim_simv1s923_000401,train
sim_simv1s923_000402,holdout
sim_simv1s923_000403,calibration
sim_simv1s923_000404,train
sim_simv1s923_000405,train
sim_simv1s923_000406,holdout
sim_simv1s923_000407,train
sim_simv1s923_000408,train
sim_simv1s923_000409,calibration
sim_simv1s923_000410,train
sim_simv1s923_000411,validation
sim_simv1s923_000412,train
sim_simv1s923_000413,train
sim_simv1s923_000414,validation
sim_simv1s923_000415,validation
sim_simv1s923_000416,train
sim_simv1s923_000417,holdout
sim_simv1s923_000418,calibration
sim_simv1s923_000419,train
sim_simv1s923_000420,train
sim_simv1s923_000421,train
sim_simv1s923_000422,calibration
sim_simv1s923_000423,calibration
sim_simv1s923_000424,train
sim_simv1s923_000425,holdout
sim_simv1s923_000426,holdout
sim_simv1s923_000427,holdout
sim_simv1s923_000428,calibration
sim_simv1s923_000429,train
sim_simv1s923_000430,train
sim_simv1s923_000431,train
sim_simv1s923_000432,train
sim_simv1s923_000433,holdout
sim_simv1s923_000434,validation
sim_simv1s923_000435,train
sim_simv1s923_000436,calibration
sim_simv1s923_000437,holdout
sim_simv1s923_000438,train
sim_simv1s923_000439,holdout
sim_simv1s923_000440,holdout
sim_simv1s923_000441,holdout
sim_simv1s923_000442,train
sim_simv1s923_000443,holdout
sim_simv1s923_000444,validation
sim_simv1s923_000445,train
sim_simv1s923_000446,train
sim_simv1s923_000447,train
sim_simv1s923_000448,train
sim_simv1s923_000449,train
sim_simv1s923_000450,train
sim_simv1s923_000451,train
sim_simv1s923_000452,holdout
sim_simv1s923_000453,holdout
sim_simv1s923_000454,calibration
sim_simv1s923_000455,calibration
sim_simv1s923_000456,train
sim_simv1s923_000457,validation
sim_simv1s923_000458,train
sim_simv1s923_000459,train
sim_simv1s923_000460,holdout
sim_simv1s923_000461,train
sim_simv1s923_000462,calibration
sim_simv1s923_000463,train
sim_simv1s923_000464,holdout
sim_simv1s923_000465,train
sim_simv1s923_000466,train
sim_simv1s923_000467,calibration
sim_simv1s923_000468,train
sim_simv1s923_000469,train
sim_simv1s923_000470,holdout
sim_simv1s923_000471,train
sim_simv1s923_000472,validation
sim_simv1s923_000473,holdout
sim_simv1s923_000474,train
sim_simv1s923_000475,holdout
sim_simv1s923_000476,train
sim_simv1s923_000477,train
sim_simv1s923_000478,train
sim_simv1s923_000479,holdout
sim_simv1s923_000480,validation
sim_simv1s923_000481,train
sim_simv1s923_000482,train
sim_simv1s923_000483,train
sim_simv1s923_000484,train
sim_simv1s923_000485,train
sim_simv1s923_000486,train
sim_simv1s923_000487,holdout
sim_simv1s923_000488,calibration
sim_simv1s923_000489,validation
sim_simv1s923_000490,holdout
sim_simv1s923_000491,validation
sim_simv1s923_000492,holdout
sim_simv1s923_000493,validation
sim_simv1s923_000494,train
sim_simv1s923_000495,calibration
sim_simv1s923_000496,holdout
sim_simv1s923_000497,train
sim_simv1s923_000498,train
sim_simv1s923_000499,holdout
sim_simv1s923_000500,holdout
sim_simv1s923_000501,calibration
sim_simv1s923_000502,train
sim_simv1s923_000503,train
sim_simv1s923_000504,train
sim_simv1s923_000505,validation
sim_simv1s923_000506,calibration
sim_simv1s923_000507,train
sim_simv1s923_000508,holdout
sim_simv1s923_000509,train
sim_simv1s923_000510,train
sim_simv1s923_000511,holdout
sim_simv1s923_000512,train
sim_simv1s923_000513,train
sim_simv1s923_000514,train
sim_simv1s923_000515,train
sim_simv1s923_000516,holdout
sim_simv1s923_000517,train
sim_simv1s923_000518,validation
sim_simv1s923_000519,train
sim_simv1s923_000520,train
sim_simv1s923_000521,train
sim_simv1s923_000522,validation
sim_simv1s923_000523,validation
sim_simv1s923_000524,train
sim_simv1s923_000525,train
sim_simv1s923_000526,train
sim_simv1s923_000527,train
sim_simv1s923_000528,train
sim_simv1s923_000529,train
sim_simv1s923_000530,train
sim_simv1s923_000531,train
sim_simv1s923_000532,train
sim_simv1s923_000533,train
sim_simv1s923_000534,train
sim_simv1s923_000535,validation
sim_simv1s923_000536,train
sim_simv1s923_000537,train
sim_simv1s923_000538,train
sim_simv1s923_000539,train
sim_simv1s923_000540,train
sim_simv1s923_000541,train
sim_simv1s923_000542,train
sim_simv1s923_000543,validation
sim_simv1s923_000544,train
sim_simv1s923_000545,train
sim_simv1s923_000546,train
sim_simv1s923_000547,holdout
sim_simv1s923_000548,validation
sim_simv1s923_000549,train
sim_simv1s923_000550,holdout
sim_simv1s923_000551,train
sim_simv1s923_000552,holdout
sim_simv1s923_000553,train
sim_simv1s923_000554,train
sim_simv1s923_000555,train
sim_simv1s923_000556,holdout
sim_simv1s923_000557,train
sim_simv1s923_000558,train
sim_simv1s923_000559,train
sim_simv1s923_000560,train
sim_simv1s923_000561,train
sim_simv1s923_000562,train
sim_simv1s923_000563,train
sim_simv1s923_000564,train
sim_simv1s923_000565,train
sim_simv1s923_000566,train
sim_simv1s923_000567,train
sim_simv1s923_000568,train
sim_simv1s923_000569,train
sim_simv1s923_000570,train
sim_simv1s923_000571,train
sim_simv1s923_000572,holdout
sim_simv1s923_000573,train
sim_simv1s923_000574,holdout
sim_simv1s923_000575,train
sim_simv1s923_000576,calibration
sim_simv1s923_000577,train
sim_simv1s923_000578,train
sim_simv1s923_000579,train
sim_simv1s923_000580,validation
sim_simv1s923_000581,holdout
sim_simv1s923_000582,train
sim_simv1s923_000583,train
sim_simv1s923_000584,train
sim_simv1s923_000585,holdout
sim_simv1s923_000586,train
sim_simv1s923_000587,train
sim_simv1s923_000588,train
sim_simv1s923_000589,calibration
sim_simv1s923_000590,calibration
sim_simv1s923_000591,validation
sim_simv1s923_000592,holdout
sim_simv1s923_000593,train
sim_simv1s923_000594,train
sim_simv1s923_000595,train
sim_simv1s923_000596,train
sim_simv1s923_000597,holdout
sim_simv1s923_000598,train
sim_simv1s923_000599,validation
sim_simv1s923_000600,train
sim_simv1s923_000601,train
sim_simv1s923_000602,train
sim_simv1s923_000603,train
sim_simv1s923_000604,train
sim_simv1s923_000605,train
sim_simv1s923_000606,train
sim_simv1s923_000607,validation
sim_simv1s923_000608,validation
sim_simv1s923_000609,train
sim_simv1s923_000610,holdout
sim_simv1s923_000611,train
sim_simv1s923_000612,train
sim_simv1s923_000613,train
sim_simv1s923_000614,train
sim_simv1s923_000615,validation
sim_simv1s923_000616,train
sim_simv1s923_000617,holdout
sim_simv1s923_000618,train
sim_simv1s923_000619,holdout
sim_simv1s923_000620,calibration
sim_simv1s923_000621,train
sim_simv1s923_000622,holdout
sim_simv1s923_000623,train
sim_simv1s923_000624,train
sim_simv1s923_000625,train
sim_simv1s923_000626,holdout
sim_simv1s923_000627,validation
sim_simv1s923_000628,train
sim_simv1s923_000629,train
sim_simv1s923_000630,train
sim_simv1s923_000631,train
sim_simv1s923_000632,train
sim_simv1s923_000633,train
sim_simv1s923_000634,train
sim_simv1s923_000635,train
sim_simv1s923_000636,holdout
sim_simv1s923_000637,train
sim_simv1s923_000638,train
sim_simv1s923_000639,train
sim_simv1s923_000640,train
sim_simv1s923_000641,validation
sim_simv1s923_000642,validation
sim_simv1s923_000643,train
sim_simv1s923_000644,train
sim_simv1s923_000645,train
sim_simv1s923_000646,holdout
sim_simv1s923_000647,holdout
sim_simv1s923_000648,train
sim_simv1s923_000649,train
sim_simv1s923_000650,train
sim_simv1s923_000651,validation
sim_simv1s923_000652,train
sim_simv1s923_000653,validation
sim_simv1s923_000654,holdout
sim_simv1s923_000655,train
sim_simv1s923_000656,validation
sim_simv1s923_000657,train
sim_simv1s923_000658,train
sim_simv1s923_000659,calibration
sim_simv1s923_000660,train
sim_simv1s923_000661,train
sim_simv1s923_000662,validation
sim_simv1s923_000663,validation
sim_simv1s923_000664,train
sim_simv1s923_000665,train
sim_simv1s923_000666,train
sim_simv1s923_000667,holdout
sim_simv1s923_000668,train
sim_simv1s923_000669,validation
sim_simv1s923_000670,calibration
sim_simv1s923_000671,calibration
sim_simv1s923_000672,train
sim_simv1s923_000673,train
sim_simv1s923_000674,train
sim_simv1s923_000675,train
sim_simv1s923_000676,train
sim_simv1s923_000677,train
sim_simv1s923_000678,validation
sim_simv1s923_000679,validation
sim_simv1s923_000680,train
sim_simv1s923_000681,holdout
sim_simv1s923_000682,holdout
sim_simv1s923_000683,train
sim_simv1s923_000684,calibration
sim_simv1s923_000685,holdout
sim_simv1s923_000686,validation
sim_simv1s923_000687,holdout
sim_simv1s923_000688,holdout
sim_simv1s923_000689,train
sim_simv1s923_000690,validation
sim_simv1s923_000691,holdout
sim_simv1s923_000692,holdout
sim_simv1s923_000693,holdout
sim_simv1s923_000694,train
sim_simv1s923_000695,train
sim_simv1s923_000696,train
sim_simv1s923_000697,train
sim_simv1s923_000698,train
sim_simv1s923_000699,calibration
sim_simv1s923_000700,calibration
sim_simv1s923_000701,train
sim_simv1s923_000702,holdout
sim_simv1s923_000703,train
sim_simv1s923_000704,holdout
sim_simv1s923_000705,train
sim_simv1s923_000706,validation
sim_simv1s923_000707,holdout
sim_simv1s923_000708,holdout
sim_simv1s923_000709,train
sim_simv1s923_000710,calibration
sim_simv1s923_000711,train
sim_simv1s923_000712,holdout
sim_simv1s923_000713,calibration
sim_simv1s923_000714,train
sim_simv1s923_000715,train
sim_simv1s923_000716,train
sim_simv1s923_000717,train
sim_simv1s923_000718,train
sim_simv1s923_000719,validation
sim_simv1s923_000720,train
sim_simv1s923_000721,validation
sim_simv1s923_000722,train
sim_simv1s923_000723,calibration
sim_simv1s923_000724,train
sim_simv1s923_000725,train
sim_simv1s923_000726,train
sim_simv1s923_000727,train
sim_simv1s923_000728,train
sim_simv1s923_000729,validation
sim_simv1s923_000730,train
sim_simv1s923_000731,holdout
sim_simv1s923_000732,train
sim_simv1s923_000733,train
sim_simv1s923_000734,train
sim_simv1s923_000735,calibration
sim_simv1s923_000736,holdout
sim_simv1s923_000737,validation
sim_simv1s923_000738,train
sim_simv1s923_000739,holdout
sim_simv1s923_000740,train
sim_simv1s923_000741,train
sim_simv1s923_000742,train
sim_simv1s923_000743,train
sim_simv1s923_000744,train
sim_simv1s923_000745,holdout
sim_simv1s923_000746,train
sim_simv1s923_000747,train
sim_simv1s923_000748,train
sim_simv1s923_000749,train
sim_simv1s923_000750,train
sim_simv1s923_000751,calibration
sim_simv1s923_000752,holdout
sim_simv1s923_000753,validation
sim_simv1s923_000754,train
sim_simv1s923_000755,train
sim_simv1s923_000756,train
sim_simv1s923_000757,calibration
sim_simv1s923_000758,calibration
sim_simv1s923_000759,train
sim_simv1s923_000760,train
sim_simv1s923_000761,holdout
sim_simv1s923_000762,train
sim_simv1s923_000763,train
sim_simv1s923_000764,train
sim_simv1s923_000765,holdout
sim_simv1s923_000766,validation
sim_simv1s923_000767,train
sim_simv1s923_000768,validation
sim_simv1s923_000769,train
sim_simv1s923_000770,train
sim_simv1s923_000771,train
sim_simv1s923_000772,train
sim_simv1s923_000773,train
sim_simv1s923_000774,train
sim_simv1s923_000775,train
sim_simv1s923_000776,calibration
sim_simv1s923_000777,validation
sim_simv1s923_000778,train
sim_simv1s923_000779,train
sim_simv1s923_000780,calibration
sim_simv1s923_000781,holdout
sim_simv1s923_000782,train
sim_simv1s923_000783,calibration
sim_simv1s923_000784,calibration
sim_simv1s923_000785,holdout
sim_simv1s923_000786,train
sim_simv1s923_000787,holdout
sim_simv1s923_000788,holdout
sim_simv1s923_000789,validation
sim_simv1s923_000790,validation
sim_simv1s923_000791,calibration
sim_simv1s923_000792,holdout
sim_simv1s923_000793,holdout
sim_simv1s923_000794,holdout
sim_simv1s923_000795,holdout
sim_simv1s923_000796,train
sim_simv1s923_000797,calibration
sim_simv1s923_000798,train
sim_simv1s923_000799,train
sim_simv1s923_000800,train
sim_simv1s923_000801,train
sim_simv1s923_000802,train
sim_simv1s923_000803,train
sim_simv1s923_000804,validation
sim_simv1s923_000805,holdout
sim_simv1s923_000806,train
sim_simv1s923_000807,holdout
sim_simv1s923_000808,train
sim_simv1s923_000809,train
sim_simv1s923_000810,train
sim_simv1s923_000811,train
sim_simv1s923_000812,train
sim_simv1s923_000813,train
sim_simv1s923_000814,train
sim_simv1s923_000815,train
sim_simv1s923_000816,train
sim_simv1s923_000817,train
sim_simv1s923_000818,calibration
sim_simv1s923_000819,train
sim_simv1s923_000820,holdout
sim_simv1s923_000821,train
sim_simv1s923_000822,train
sim_simv1s923_000823,train
sim_simv1s923_000824,train
sim_simv1s923_000825,validation
sim_simv1s923_000826,train
sim_simv1s923_000827,holdout
sim_simv1s923_000828,train
sim_simv1s923_000829,train
sim_simv1s923_000830,train
sim_simv1s923_000831,calibration
sim_simv1s923_000832,train
sim_simv1s923_000833,holdout
sim_simv1s923_000834,validation
sim_simv1s923_000835,train
sim_simv1s923_000836,train
sim_simv1s923_000837,train
sim_simv1s923_000838,train
sim_simv1s923_000839,validation
sim_simv1s923_000840,calibration
sim_simv1s923_000841,train
sim_simv1s923_000842,train
sim_simv1s923_000843,validation
sim_simv1s923_000844,train
sim_simv1s923_000845,validation
sim_simv1s923_000846,train
sim_simv1s923_000847,holdout
sim_simv1s923_000848,validation
sim_simv1s923_000849,train
sim_simv1s923_000850,train
sim_simv1s923_000851,train
sim_simv1s923_000852,train
sim_simv1s923_000853,train
sim_simv1s923_000854,train
sim_simv1s923_000855,train
sim_simv1s923_000856,calibration
sim_simv1s923_000857,train
sim_simv1s923_000858,train
sim_simv1s923_000859,train
sim_simv1s923_000860,train
sim_simv1s923_000861,train
sim_simv1s923_000862,train
sim_simv1s923_000863,train
sim_simv1s923_000864,train
sim_simv1s923_000865,calibration
sim_simv1s923_000866,validation
sim_simv1s923_000867,train
sim_simv1s923_000868,holdout
sim_simv1s923_000869,train
sim_simv1s923_000870,train
sim_simv1s923_000871,calibration
sim_simv1s923_000872,holdout
sim_simv1s923_000873,calibration
sim_simv1s923_000874,train
sim_simv1s923_000875,validation
sim_simv1s923_000876,validation
sim_simv1s923_000877,train
sim_simv1s923_000878,calibration
sim_simv1s923_000879,train
sim_simv1s923_000880,validation
sim_simv1s923_000881,train
sim_simv1s923_000882,train
sim_simv1s923_000883,holdout
sim_simv1s923_000884,train
sim_simv1s923_000885,train
sim_simv1s923_000886,holdout
sim_simv1s923_000887,train
sim_simv1s923_000888,calibration
sim_simv1s923_000889,train
sim_simv1s923_000890,train
sim_simv1s923_000891,train
sim_simv1s923_000892,calibration
sim_simv1s923_000893,train
sim_simv1s923_000894,train
sim_simv1s923_000895,holdout
sim_simv1s923_000896,calibration
sim_simv1s923_000897,train
sim_simv1s923_000898,holdout
sim_simv1s923_000899,train
sim_simv1s923_000900,train
sim_simv1s923_000901,train
sim_simv1s923_000902,holdout
sim_simv1s923_000903,holdout
sim_simv1s923_000904,train
sim_simv1s923_000905,train
sim_simv1s923_000906,train
sim_simv1s923_000907,validation
sim_simv1s923_000908,train
sim_simv1s923_000909,train
sim_simv1s923_000910,holdout
sim_simv1s923_000911,validation
sim_simv1s923_000912,train
sim_simv1s923_000913,train
sim_simv1s923_000914,train
sim_simv1s923_000915,train
sim_simv1s923_000916,train
sim_simv1s923_000917,train
sim_simv1s923_000918,validation
sim_simv1s923_000919,train
sim_simv1s923_000920,train
sim_simv1s923_000921,validation
sim_simv1s923_000922,train
sim_simv1s923_000923,train
sim_simv1s923_000924,holdout
sim_simv1s923_000925,train
sim_simv1s923_000926,validation
sim_simv1s923_000927,train
sim_simv1s923_000928,train
sim_simv1s923_000929,train
sim_simv1s923_000930,train
sim_simv1s923_000931,validation
sim_simv1s923_000932,train
sim_simv1s923_000933,validation
sim_simv1s923_000934,holdout
sim_simv1s923_000935,train
sim_simv1s923_000936,holdout
sim_simv1s923_000937,validation
sim_simv1s923_000938,validation
sim_simv1s923_000939,train
sim_simv1s923_000940,validation
sim_simv1s923_000941,validation
sim_simv1s923_000942,train
sim_simv1s923_000943,train
sim_simv1s923_000944,validation
sim_simv1s923_000945,calibration
sim_simv1s923_000946,train
sim_simv1s923_000947,train
sim_simv1s923_000948,train
sim_simv1s923_000949,holdout
sim_simv1s923_000950,train
sim_simv1s923_000951,train
sim_simv1s923_000952,train
sim_simv1s923_000953,train
sim_simv1s923_000954,validation
sim_simv1s923_000955,train
sim_simv1s923_000956,validation
sim_simv1s923_000957,validation
sim_simv1s923_000958,train
sim_simv1s923_000959,train
sim_simv1s923_000960,train
sim_simv1s923_000961,train
sim_simv1s923_000962,validation
sim_simv1s923_000963,train
sim_simv1s923_000964,train
sim_simv1s923_000965,train
sim_simv1s923_000966,train
sim_simv1s923_000967,calibration
sim_simv1s923_000968,train
sim_simv1s923_000969,train
sim_simv1s923_000970,calibration
sim_simv1s923_000971,train
sim_simv1s923_000972,calibration
sim_simv1s923_000973,train
sim_simv1s923_000974,validation
sim_simv1s923_000975,holdout
sim_simv1s923_000976,validation
sim_simv1s923_000977,holdout
sim_simv1s923_000978,train
sim_simv1s923_000979,train
sim_simv1s923_000980,calibration
sim_simv1s923_000981,train
sim_simv1s923_000982,train
sim_simv1s923_000983,train
sim_simv1s923_000984,holdout
sim_simv1s923_000985,train
sim_simv1s923_000986,calibration
sim_simv1s923_000987,train
sim_simv1s923_000988,holdout
sim_simv1s923_000989,train
sim_simv1s923_000990,holdout
sim_simv1s923_000991,validation
sim_simv1s923_000992,train
sim_simv1s923_000993,train
sim_simv1s923_000994,train
sim_simv1s923_000995,train
sim_simv1s923_000996,holdout
sim_simv1s923_000997,validation
sim_simv1s923_000998,train
sim_simv1s923_000999,train
sim_simv1s923_001000,train
sim_simv1s923_001001,train
sim_simv1s923_001002,calibration
sim_simv1s923_001003,holdout
sim_simv1s923_001004,holdout
sim_simv1s923_001005,train
sim_simv1s923_001006,train
sim_simv1s923_001007,train
sim_simv1s923_001008,calibration
sim_simv1s923_001009,train
sim_simv1s923_001010,holdout
sim_simv1s923_001011,train
sim_simv1s923_001012,train
sim_simv1s923_001013,train
sim_simv1s923_001014,holdout
sim_simv1s923_001015,validation
sim_simv1s923_001016,calibration
sim_simv1s923_001017,calibration
sim_simv1s923_001018,train
sim_simv1s923_001019,train
sim_simv1s923_001020,train
sim_simv1s923_001021,holdout
sim_simv1s923_001022,train
sim_simv1s923_001023,train
sim_simv1s923_001024,validation
sim_simv1s923_001025,train
sim_simv1s923_001026,validation
sim_simv1s923_001027,train
sim_simv1s923_001028,validation
sim_simv1s923_001029,train
sim_simv1s923_001030,calibration
sim_simv1s923_001031,train
sim_simv1s923_001032,train
sim_simv1s923_001033,train
sim_simv1s923_001034,train
sim_simv1s923_001035,validation
sim_simv1s923_001036,calibration
sim_simv1s923_001037,train
sim_simv1s923_001038,train
sim_simv1s923_001039,train
sim_simv1s923_001040,calibration
sim_simv1s923_001041,validation
sim_simv1s923_001042,train
sim_simv1s923_001043,train
sim_simv1s923_001044,calibration
sim_simv1s923_001045,train
sim_simv1s923_001046,calibration
sim_simv1s923_001047,train
sim_simv1s923_001048,train
sim_simv1s923_001049,train
sim_simv1s923_001050,train
sim_simv1s923_001051,validation
sim_simv1s923_001052,train
sim_simv1s923_001053,holdout
sim_simv1s923_001054,calibration
sim_simv1s923_001055,train
sim_simv1s923_001056,train
sim_simv1s923_001057,train
sim_simv1s923_001058,train
sim_simv1s923_001059,train
sim_simv1s923_001060,train
sim_simv1s923_001061,train
sim_simv1s923_001062,holdout
sim_simv1s923_001063,train
sim_simv1s923_001064,train
sim_simv1s923_001065,train
sim_simv1s923_001066,train
sim_simv1s923_001067,train
sim_simv1s923_001068,train
sim_simv1s923_001069,train
sim_simv1s923_001070,train
sim_simv1s923_001071,holdout
sim_simv1s923_001072,train
sim_simv1s923_001073,validation
sim_simv1s923_001074,train
sim_simv1s923_001075,train
sim_simv1s923_001076,train
sim_simv1s923_001077,train
sim_simv1s923_001078,train
sim_simv1s923_001079,train
sim_simv1s923_001080,calibration
sim_simv1s923_001081,train
sim_simv1s923_001082,validation
sim_simv1s923_001083,holdout
sim_simv1s923_001084,train
sim_simv1s923_001085,train
sim_simv1s923_001086,train
sim_simv1s923_001087,train
sim_simv1s923_001088,calibration
sim_simv1s923_001089,train
sim_simv1s923_001090,holdout
sim_simv1s923_001091,train
sim_simv1s923_001092,holdout
sim_simv1s923_001093,validation
sim_simv1s923_001094,train
sim_simv1s923_001095,calibration
sim_simv1s923_001096,train
sim_simv1s923_001097,train
sim_simv1s923_001098,train
sim_simv1s923_001099,train
sim_simv1s923_001100,train
sim_simv1s923_001101,train
sim_simv1s923_001102,train
sim_simv1s923_001103,train
sim_simv1s923_001104,train
sim_simv1s923_001105,validation
sim_simv1s923_001106,train
sim_simv1s923_001107,train
sim_simv1s923_001108,holdout
sim_simv1s923_001109,holdout
sim_simv1s923_001110,calibration
sim_simv1s923_001111,validation
sim_simv1s923_001112,train
sim_simv1s923_001113,train
sim_simv1s923_001114,train
sim_simv1s923_001115,calibration
sim_simv1s923_001116,train
sim_simv1s923_001117,train
sim_simv1s923_001118,holdout
sim_simv1s923_001119,validation
sim_simv1s923_001120,holdout
sim_simv1s923_001121,train
sim_simv1s923_001122,calibration
sim_simv1s923_001123,train
sim_simv1s923_001124,train
sim_simv1s923_001125,train
sim_simv1s923_001126,train
sim_simv1s923_001127,train
sim_simv1s923_001128,validation
sim_simv1s923_001129,train
sim_simv1s923_001130,calibration
sim_simv1s923_001131,validation
sim_simv1s923_001132,train
sim_simv1s923_001133,train
sim_simv1s923_001134,train
sim_simv1s923_001135,train
sim_simv1s923_001136,calibration
sim_simv1s923_001137,train
sim_simv1s923_001138,train
sim_simv1s923_001139,holdout
sim_simv1s923_001140,train
sim_simv1s923_001141,calibration
sim_simv1s923_001142,train
sim_simv1s923_001143,train
sim_simv1s923_001144,train
sim_simv1s923_001145,validation
sim_simv1s923_001146,train
sim_simv1s923_001147,holdout
sim_simv1s923_001148,train
sim_simv1s923_001149,calibration
sim_simv1s923_001150,train
sim_simv1s923_001151,train
sim_simv1s923_001152,holdout
sim_simv1s923_001153,train
sim_simv1s923_001154,train
sim_simv1s923_001155,calibration
sim_simv1s923_001156,train
sim_simv1s923_001157,holdout
sim_simv1s923_001158,train
sim_simv1s923_001159,train
sim_simv1s923_001160,train
sim_simv1s923_001161,train
sim_simv1s923_001162,train
sim_simv1s923_001163,validation
sim_simv1s923_001164,validation
sim_simv1s923_001165,train
sim_simv1s923_001166,train
sim_simv1s923_001167,train
sim_simv1s923_001168,train
sim_simv1s923_001169,train
sim_simv1s923_001170,train
sim_simv1s923_001171,train
sim_simv1s923_001172,train
sim_simv1s923_001173,train
sim_simv1s923_001174,validation
sim_simv1s923_001175,holdout
sim_simv1s923_001176,holdout
sim_simv1s923_001177,holdout
sim_simv1s923_001178,train
sim_simv1s923_001179,holdout
sim_simv1s923_001180,holdout
sim_simv1s923_001181,train
sim_simv1s923_001182,validation
sim_simv1s923_001183,train
sim_simv1s923_001184,train
sim_simv1s923_001185,validation
sim_simv1s923_001186,holdout
sim_simv1s923_001187,holdout
sim_simv1s923_001188,train
sim_simv1s923_001189,train
sim_simv1s923_001190,train
sim_simv1s923_001191,train
sim_simv1s923_001192,train
sim_simv1s923_001193,train
sim_simv1s923_001194,validation
sim_simv1s923_001195,train
sim_simv1s923_001196,train
sim_simv1s923_001197,holdout
sim_simv1s923_001198,calibration
sim_simv1s923_001199,holdout
sim_simv1s923_001200,train
sim_simv1s923_001201,holdout
sim_simv1s923_001202,train
sim_simv1s923_001203,train
sim_simv1s923_001204,train
sim_simv1s923_001205,calibration
sim_simv1s923_001206,train
sim_simv1s923_001207,holdout
sim_simv1s923_001208,holdout
sim_simv1s923_001209,train
sim_simv1s923_001210,train
sim_simv1s923_001211,calibration
sim_simv1s923_001212,train
sim_simv1s923_001213,train
sim_simv1s923_001214,train
sim_simv1s923_001215,train
sim_simv1s923_001216,calibration
sim_simv1s923_001217,validation
sim_simv1s923_001218,train
sim_simv1s923_001219,train
sim_simv1s923_001220,holdout
sim_simv1s923_001221,validation
sim_simv1s923_001222,validation
sim_simv1s923_001223,holdout
sim_simv1s923_001224,train
sim_simv1s923_001225,validation
sim_simv1s923_001226,train
sim_simv1s923_001227,calibration
sim_simv1s923_001228,calibration
sim_simv1s923_001229,train
sim_simv1s923_001230,validation
sim_simv1s923_001231,train
sim_simv1s923_001232,train
sim_simv1s923_001233,train
sim_simv1s923_001234,train
sim_simv1s923_001235,validation
sim_simv1s923_001236,train
sim_simv1s923_001237,train
sim_simv1s923_001238,train
sim_simv1s923_001239,calibration
sim_simv1s923_001240,train
sim_simv1s923_001241,holdout
sim_simv1s923_001242,holdout
sim_simv1s923_001243,train
sim_simv1s923_001244,train
sim_simv1s923_001245,validation
sim_simv1s923_001246,train
sim_simv1s923_001247,calibration
sim_simv1s923_001248,validation
sim_simv1s923_001249,train
sim_simv1s923_001250,train
sim_simv1s923_001251,holdout
sim_simv1s923_001252,holdout
sim_simv1s923_001253,validation
sim_simv1s923_001254,train
sim_simv1s923_001255,validation
sim_simv1s923_001256,train
sim_simv1s923_001257,train
sim_simv1s923_001258,holdout
sim_simv1s923_001259,train
sim_simv1s923_001260,train
sim_simv1s923_001261,train
sim_simv1s923_001262,train
sim_simv1s923_001263,calibration
sim_simv1s923_001264,train
sim_simv1s923_001265,train
sim_simv1s923_001266,train
sim_simv1s923_001267,train
sim_simv1s923_001268,train
sim_simv1s923_001269,calibration
sim_simv1s923_001270,calibration
sim_simv1s923_001271,validation
sim_simv1s923_001272,train
sim_simv1s923_001273,train
sim_simv1s923_001274,train
sim_simv1s923_001275,train
sim_simv1s923_001276,train
sim_simv1s923_001277,holdout
sim_simv1s923_001278,holdout
sim_simv1s923_001279,holdout
sim_simv1s923_001280,holdout
sim_simv1s923_001281,holdout
sim_simv1s923_001282,train
sim_simv1s923_001283,holdout
sim_simv1s923_001284,holdout
sim_simv1s923_001285,train
sim_simv1s923_001286,train
sim_simv1s923_001287,train
sim_simv1s923_001288,holdout
sim_simv1s923_001289,calibration
sim_simv1s923_001290,validation
sim_simv1s923_001291,train
sim_simv1s923_001292,calibration
sim_simv1s923_001293,train
sim_simv1s923_001294,validation
sim_simv1s923_001295,validation
sim_simv1s923_001296,train
sim_simv1s923_001297,validation
sim_simv1s923_001298,train
sim_simv1s923_001299,train
sim_simv1s923_001300,train
sim_simv1s923_001301,train
sim_simv1s923_001302,holdout
sim_simv1s923_001303,train
sim_simv1s923_001304,holdout
sim_simv1s923_001305,train
sim_simv1s923_001306,validation
sim_simv1s923_001307,train
sim_simv1s923_001308,validation
sim_simv1s923_001309,train
sim_simv1s923_001310,train
sim_simv1s923_001311,train
sim_simv1s923_001312,validation
sim_simv1s923_001313,calibration
sim_simv1s923_001314,train
sim_simv1s923_001315,train
sim_simv1s923_001316,train
sim_simv1s923_001317,holdout
sim_simv1s923_001318,train
sim_simv1s923_001319,train
sim_simv1s923_001320,train
sim_simv1s923_001321,holdout
sim_simv1s923_001322,validation
sim_simv1s923_001323,train
sim_simv1s923_001324,train
sim_simv1s923_001325,holdout
sim_simv1s923_001326,calibration
sim_simv1s923_001327,validation
sim_simv1s923_001328,train
sim_simv1s923_001329,train
sim_simv1s923_001330,calibration
sim_simv1s923_001331,validation
sim_simv1s923_001332,train
sim_simv1s923_001333,validation
sim_simv1s923_001334,train
sim_simv1s923_001335,train
sim_simv1s923_001336,train
sim_simv1s923_001337,train
sim_simv1s923_001338,train
sim_simv1s923_001339,holdout
sim_simv1s923_001340,train
sim_simv1s923_001341,train
sim_simv1s923_001342,train
sim_simv1s923_001343,train
sim_simv1s923_001344,holdout
sim_simv1s923_001345,train
sim_simv1s923_001346,validation
sim_simv1s923_001347,train
sim_simv1s923_001348,train
sim_simv1s923_001349,holdout
sim_simv1s923_001350,validation
sim_simv1s923_001351,train
sim_simv1s923_001352,holdout
sim_simv1s923_001353,train
sim_simv1s923_001354,train
sim_simv1s923_001355,train
sim_simv1s923_001356,train
sim_simv1s923_001357,train
sim_simv1s923_001358,train
sim_simv1s923_001359,train
sim_simv1s923_001360,train
sim_simv1s923_001361,calibration
sim_simv1s923_001362,calibration
sim_simv1s923_001363,train
sim_simv1s923_001364,holdout
sim_simv1s923_001365,train
sim_simv1s923_001366,train
sim_simv1s923_001367,train
sim_simv1s923_001368,train
sim_simv1s923_001369,train
sim_simv1s923_001370,train
sim_simv1s923_001371,train
sim_simv1s923_001372,train
sim_simv1s923_001373,holdout
sim_simv1s923_001374,calibration
sim_simv1s923_001375,train
sim_simv1s923_001376,train
sim_simv1s923_001377,train
sim_simv1s923_001378,train
sim_simv1s923_001379,validation
sim_simv1s923_001380,validation
sim_simv1s923_001381,calibration
sim_simv1s923_001382,calibration
sim_simv1s923_001383,holdout
sim_simv1s923_001384,calibration
sim_simv1s923_001385,train
sim_simv1s923_001386,calibration
sim_simv1s923_001387,validation
sim_simv1s923_001388,train
sim_simv1s923_001389,train
sim_simv1s923_001390,train
sim_simv1s923_001391,train
sim_simv1s923_001392,train
sim_simv1s923_001393,holdout
sim_simv1s923_001394,train
sim_simv1s923_001395,train
sim_simv1s923_001396,train
sim_simv1s923_001397,calibration
sim_simv1s923_001398,validation
sim_simv1s923_001399,train
sim_simv1s923_001400,holdout
sim_simv1s923_001401,holdout
sim_simv1s923_001402,train
sim_simv1s923_001403,train
sim_simv1s923_001404,calibration
sim_simv1s923_001405,calibration
sim_simv1s923_001406,train
sim_simv1s923_001407,validation
sim_simv1s923_001408,train
sim_simv1s923_001409,validation
sim_simv1s923_001410,calibration
sim_simv1s923_001411,calibration
sim_simv1s923_001412,holdout
sim_simv1s923_001413,validation
sim_simv1s923_001414,train
sim_simv1s923_001415,calibration
sim_simv1s923_001416,train
sim_simv1s923_001417,holdout
sim_simv1s923_001418,holdout
sim_simv1s923_001419,validation
sim_simv1s923_001420,calibration
sim_simv1s923_001421,validation
sim_simv1s923_001422,train
sim_simv1s923_001423,validation
sim_simv1s923_001424,validation
sim_simv1s923_001425,train
sim_simv1s923_001426,holdout
sim_simv1s923_001427,train
sim_simv1s923_001428,calibration
sim_simv1s923_001429,validation
sim_simv1s923_001430,train
sim_simv1s923_001431,train
sim_simv1s923_001432,train
sim_simv1s923_001433,train
sim_simv1s923_001434,holdout
sim_simv1s923_001435,validation
sim_simv1s923_001436,holdout
sim_simv1s923_001437,train
sim_simv1s923_001438,train
sim_simv1s923_001439,train
sim_simv1s923_001440,validation
sim_simv1s923_001441,train
sim_simv1s923_001442,train
sim_simv1s923_001443,train
sim_simv1s923_001444,validation
sim_simv1s923_001445,train
sim_simv1s923_001446,validation
sim_simv1s923_001447,validation
sim_simv1s923_001448,train
sim_simv1s923_001449,calibration
sim_simv1s923_001450,train
sim_simv1s923_001451,train
sim_simv1s923_001452,train
sim_simv1s923_001453,holdout
sim_simv1s923_001454,train
sim_simv1s923_001455,holdout
sim_simv1s923_001456,validation
sim_simv1s923_001457,train
sim_simv1s923_001458,holdout
sim_simv1s923_001459,train
sim_simv1s923_001460,train
sim_simv1s923_001461,validation
sim_simv1s923_001462,train
sim_simv1s923_001463,holdout
sim_simv1s923_001464,train
sim_simv1s923_001465,train
sim_simv1s923_001466,calibration
sim_simv1s923_001467,train
sim_simv1s923_001468,calibration
sim_simv1s923_001469,holdout
sim_simv1s923_001470,train
sim_simv1s923_001471,train
sim_simv1s923_001472,train
sim_simv1s923_001473,validation
sim_simv1s923_001474,train
sim_simv1s923_001475,train
sim_simv1s923_001476,train
sim_simv1s923_001477,train
sim_simv1s923_001478,calibration
sim_simv1s923_001479,train
sim_simv1s923_001480,train
sim_simv1s923_001481,calibration
sim_simv1s923_001482,holdout
sim_simv1s923_001483,calibration
sim_simv1s923_001484,train
sim_simv1s923_001485,train
sim_simv1s923_001486,train
sim_simv1s923_001487,calibration
sim_simv1s923_001488,holdout
sim_simv1s923_001489,calibration
sim_simv1s923_001490,train
sim_simv1s923_001491,calibration
sim_simv1s923_001492,validation
sim_simv1s923_001493,holdout
sim_simv1s923_001494,holdout
sim_simv1s923_001495,train
sim_simv1s923_001496,train
sim_simv1s923_001497,train
sim_simv1s923_001498,train
sim_simv1s923_001499,calibration
sim_simv1s923_001500,train
sim_simv1s923_001501,train
sim_simv1s923_001502,train
sim_simv1s923_001503,train
sim_simv1s923_001504,train
sim_simv1s923_001505,train
sim_simv1s923_001506,train
sim_simv1s923_001507,train
sim_simv1s923_001508,train
sim_simv1s923_001509,train
sim_simv1s923_001510,holdout
sim_simv1s923_001511,holdout
sim_simv1s923_001512,holdout
sim_simv1s923_001513,train
sim_simv1s923_001514,validation
sim_simv1s923_001515,train
sim_simv1s923_001516,train
sim_simv1s923_001517,holdout
sim_simv1s923_001518,train
sim_simv1s923_001519,train
sim_simv1s923_001520,validation
sim_simv1s923_001521,calibration
sim_simv1s923_001522,train
sim_simv1s923_001523,train
sim_simv1s923_001524,train
sim_simv1s923_001525,train
sim_simv1s923_001526,train
sim_simv1s923_001527,train
sim_simv1s923_001528,train
sim_simv1s923_001529,train
sim_simv1s923_001530,train
sim_simv1s923_001531,holdout
sim_simv1s923_001532,calibration
sim_simv1s923_001533,train
sim_simv1s923_001534,train
sim_simv1s923_001535,train
sim_simv1s923_001536,validation
sim_simv1s923_001537,train
sim_simv1s923_001538,holdout
sim_simv1s923_001539,calibration
sim_simv1s923_001540,holdout
sim_simv1s923_001541,calibration
sim_simv1s923_001542,train
sim_simv1s923_001543,calibration
sim_simv1s923_001544,validation
sim_simv1s923_001545,train
sim_simv1s923_001546,train
sim_simv1s923_001547,train
sim_simv1s923_001548,train
sim_simv1s923_001549,train
sim_simv1s923_001550,train
sim_simv1s923_001551,train
sim_simv1s923_001552,train
sim_simv1s923_001553,train
sim_simv1s923_001554,train
sim_simv1s923_001555,train
sim_simv1s923_001556,validation
sim_simv1s923_001557,calibration
sim_simv1s923_001558,calibration
sim_simv1s923_001559,train
sim_simv1s923_001560,train
sim_simv1s923_001561,train
sim_simv1s923_001562,validation
sim_simv1s923_001563,calibration
sim_simv1s923_001564,validation
sim_simv1s923_001565,train
sim_simv1s923_001566,train
sim_simv1s923_001567,train
sim_simv1s923_001568,train
sim_simv1s923_001569,train
sim_simv1s923_001570,train
sim_simv1s923_001571,validation
sim_simv1s923_001572,train
sim_simv1s923_001573,train
sim_simv1s923_001574,train
sim_simv1s923_001575,train
sim_simv1s923_001576,train
sim_simv1s923_001577,holdout
sim_simv1s923_001578,train
sim_simv1s923_001579,holdout
sim_simv1s923_001580,train
sim_simv1s923_001581,train
sim_simv1s923_001582,train
sim_simv1s923_001583,train
sim_simv1s923_001584,train
sim_simv1s923_001585,train
sim_simv1s923_001586,validation
sim_simv1s923_001587,train
sim_simv1s923_001588,calibration
sim_simv1s923_001589,calibration
sim_simv1s923_001590,validation
sim_simv1s923_001591,holdout
sim_simv1s923_001592,validation
sim_simv1s923_001593,train
sim_simv1s923_001594,train
sim_simv1s923_001595,train
sim_simv1s923_001596,train
sim_simv1s923_001597,holdout
sim_simv1s923_001598,train
sim_simv1s923_001599,train
sim_simv1s923_001600,train
sim_simv1s923_001601,train
sim_simv1s923_001602,train
sim_simv1s923_001603,holdout
sim_simv1s923_001604,holdout
sim_simv1s923_001605,holdout
sim_simv1s923_001606,train
sim_simv1s923_001607,train
sim_simv1s923_001608,calibration
sim_simv1s923_001609,validation
sim_simv1s923_001610,train
sim_simv1s923_001611,holdout
sim_simv1s923_001612,train
sim_simv1s923_001613,train
sim_simv1s923_001614,train
sim_simv1s923_001615,train
sim_simv1s923_001616,train
sim_simv1s923_001617,train
sim_simv1s923_001618,calibration
sim_simv1s923_001619,holdout
sim_simv1s923_001620,train
sim_simv1s923_001621,holdout
sim_simv1s923_001622,train
sim_simv1s923_001623,train
sim_simv1s923_001624,validation
sim_simv1s923_001625,holdout
sim_simv1s923_001626,validation
sim_simv1s923_001627,train
sim_simv1s923_001628,train
sim_simv1s923_001629,holdout
sim_simv1s923_001630,holdout
sim_simv1s923_001631,validation
sim_simv1s923_001632,train
sim_simv1s923_001633,train
sim_simv1s923_001634,train
sim_simv1s923_001635,train
sim_simv1s923_001636,holdout
sim_simv1s923_001637,validation
sim_simv1s923_001638,holdout
sim_simv1s923_001639,train
sim_simv1s923_001640,holdout
sim_simv1s923_001641,train
sim_simv1s923_001642,holdout
sim_simv1s923_001643,calibration
sim_simv1s923_001644,train
sim_simv1s923_001645,train
sim_simv1s923_001646,train
sim_simv1s923_001647,calibration
sim_simv1s923_001648,train
sim_simv1s923_001649,train
sim_simv1s923_001650,train
sim_simv1s923_001651,validation
sim_simv1s923_001652,validation
sim_simv1s923_001653,calibration
sim_simv1s923_001654,calibration
sim_simv1s923_001655,holdout
sim_simv1s923_001656,train
sim_simv1s923_001657,train
sim_simv1s923_001658,train
sim_simv1s923_001659,train
sim_simv1s923_001660,calibration
sim_simv1s923_001661,train
sim_simv1s923_001662,train
sim_simv1s923_001663,train
sim_simv1s923_001664,train
sim_simv1s923_001665,calibration
sim_simv1s923_001666,holdout
sim_simv1s923_001667,train
sim_simv1s923_001668,validation
sim_simv1s923_001669,train
sim_simv1s923_001670,holdout
sim_simv1s923_001671,train
sim_simv1s923_001672,holdout
sim_simv1s923_001673,train
sim_simv1s923_001674,train
sim_simv1s923_001675,calibration
sim_simv1s923_001676,train
sim_simv1s923_001677,calibration
sim_simv1s923_001678,calibration
sim_simv1s923_001679,train
sim_simv1s923_001680,calibration
sim_simv1s923_001681,holdout
sim_simv1s923_001682,calibration
sim_simv1s923_001683,train
sim_simv1s923_001684,holdout
sim_simv1s923_001685,train
sim_simv1s923_001686,calibration
sim_simv1s923_001687,train
sim_simv1s923_001688,calibration
sim_simv1s923_001689,train
sim_simv1s923_001690,train
sim_simv1s923_001691,holdout
sim_simv1s923_001692,validation
sim_simv1s923_001693,train
sim_simv1s923_001694,train
sim_simv1s923_001695,train
sim_simv1s923_001696,train
sim_simv1s923_001697,train
sim_simv1s923_001698,train
sim_simv1s923_001699,train
sim_simv1s923_001700,train
sim_simv1s923_001701,train
sim_simv1s923_001702,calibration
sim_simv1s923_001703,train
sim_simv1s923_001704,validation
sim_simv1s923_001705,train
sim_simv1s923_001706,train
sim_simv1s923_001707,train
sim_simv1s923_001708,train
sim_simv1s923_001709,train
sim_simv1s923_001710,train
sim_simv1s923_001711,calibration
sim_simv1s923_001712,train
sim_simv1s923_001713,train
sim_simv1s923_001714,train
sim_simv1s923_001715,validation
sim_simv1s923_001716,validation
sim_simv1s923_001717,holdout
sim_simv1s923_001718,train
sim_simv1s923_001719,train
sim_simv1s923_001720,holdout
sim_simv1s923_001721,train
sim_simv1s923_001722,train
sim_simv1s923_001723,train
sim_simv1s923_001724,holdout
sim_simv1s923_001725,train
sim_simv1s923_001726,train
sim_simv1s923_001727,holdout
sim_simv1s923_001728,train
sim_simv1s923_001729,train
sim_simv1s923_001730,train
sim_simv1s923_001731,holdout
sim_simv1s923_001732,validation
sim_simv1s923_001733,train
sim_simv1s923_001734,train
sim_simv1s923_001735,train
sim_simv1s923_001736,train
sim_simv1s923_001737,validation
sim_simv1s923_001738,train
sim_simv1s923_001739,train
sim_simv1s923_001740,train
sim_simv1s923_001741,train
sim_simv1s923_001742,train
sim_simv1s923_001743,holdout
sim_simv1s923_001744,train
sim_simv1s923_001745,validation
sim_simv1s923_001746,calibration
sim_simv1s923_001747,train
sim_simv1s923_001748,calibration
sim_simv1s923_001749,train
sim_simv1s923_001750,train
sim_simv1s923_001751,train
sim_simv1s923_001752,validation
sim_simv1s923_001753,train
sim_simv1s923_001754,train
sim_simv1s923_001755,train
sim_simv1s923_001756,train
sim_simv1s923_001757,holdout
sim_simv1s923_001758,holdout
sim_simv1s923_001759,calibration
sim_simv1s923_001760,train
sim_simv1s923_001761,holdout
sim_simv1s923_001762,holdout
sim_simv1s923_001763,calibration
sim_simv1s923_001764,train
sim_simv1s923_001765,train
sim_simv1s923_001766,train
sim_simv1s923_001767,calibration
sim_simv1s923_001768,train
sim_simv1s923_001769,train
sim_simv1s923_001770,train
sim_simv1s923_001771,train
sim_simv1s923_001772,holdout
sim_simv1s923_001773,calibration
sim_simv1s923_001774,train
sim_simv1s923_001775,train
sim_simv1s923_001776,train
sim_simv1s923_001777,train
sim_simv1s923_001778,calibration
sim_simv1s923_001779,train
sim_simv1s923_001780,holdout
sim_simv1s923_001781,validation
sim_simv1s923_001782,calibration
sim_simv1s923_001783,holdout
sim_simv1s923_001784,train
sim_simv1s923_001785,validation
sim_simv1s923_001786,train
sim_simv1s923_001787,holdout
sim_simv1s923_001788,train
sim_simv1s923_001789,validation
sim_simv1s923_001790,train
sim_simv1s923_001791,calibration
sim_simv1s923_001792,train
sim_simv1s923_001793,train
sim_simv1s923_001794,calibration
sim_simv1s923_001795,calibration
sim_simv1s923_001796,validation
sim_simv1s923_001797,train
sim_simv1s923_001798,holdout
sim_simv1s923_001799,calibration
sim_simv1s923_001800,holdout
sim_simv1s923_001801,validation
sim_simv1s923_001802,holdout
sim_simv1s923_001803,train
sim_simv1s923_001804,train
sim_simv1s923_001805,calibration
sim_simv1s923_001806,train
sim_simv1s923_001807,train
sim_simv1s923_001808,validation
sim_simv1s923_001809,train
sim_simv1s923_001810,train
sim_simv1s923_001811,calibration
sim_simv1s923_001812,train
sim_simv1s923_001813,validation
sim_simv1s923_001814,validation
sim_simv1s923_001815,train
sim_simv1s923_001816,train
sim_simv1s923_001817,train
sim_simv1s923_001818,train
sim_simv1s923_001819,calibration
sim_simv1s923_001820,train
sim_simv1s923_001821,calibration
sim_simv1s923_001822,train
sim_simv1s923_001823,train
sim_simv1s923_001824,train
sim_simv1s923_001825,holdout
sim_simv1s923_001826,train
sim_simv1s923_001827,holdout
sim_simv1s923_001828,train
sim_simv1s923_001829,calibration
sim_simv1s923_001830,validation
sim_simv1s923_001831,train
sim_simv1s923_001832,validation
sim_simv1s923_001833,train
sim_simv1s923_001834,calibration
sim_simv1s923_001835,train
sim_simv1s923_001836,train
sim_simv1s923_001837,holdout
sim_simv1s923_001838,calibration
sim_simv1s923_001839,calibration
sim_simv1s923_001840,holdout
sim_simv1s923_001841,holdout
sim_simv1s923_001842,train
sim_simv1s923_001843,train
sim_simv1s923_001844,holdout
sim_simv1s923_001845,train
sim_simv1s923_001846,calibration
sim_simv1s923_001847,train
sim_simv1s923_001848,calibration
sim_simv1s923_001849,train
sim_simv1s923_001850,train
sim_simv1s923_001851,validation
sim_simv1s923_001852,train
sim_simv1s923_001853,train
sim_simv1s923_001854,train
sim_simv1s923_001855,train
sim_simv1s923_001856,calibration
sim_simv1s923_001857,calibration
sim_simv1s923_001858,train
sim_simv1s923_001859,train
sim_simv1s923_001860,calibration
sim_simv1s923_001861,calibration
sim_simv1s923_001862,train
sim_simv1s923_001863,train
sim_simv1s923_001864,train
sim_simv1s923_001865,validation
sim_simv1s923_001866,train
sim_simv1s923_001867,validation
sim_simv1s923_001868,calibration
sim_simv1s923_001869,holdout
sim_simv1s923_001870,train
sim_simv1s923_001871,validation
sim_simv1s923_001872,train
sim_simv1s923_001873,train
sim_simv1s923_001874,train
sim_simv1s923_001875,train
sim_simv1s923_001876,calibration
sim_simv1s923_001877,calibration
sim_simv1s923_001878,train
sim_simv1s923_001879,holdout
sim_simv1s923_001880,holdout
sim_simv1s923_001881,calibration
sim_simv1s923_001882,train
sim_simv1s923_001883,train
sim_simv1s923_001884,validation
sim_simv1s923_001885,calibration
sim_simv1s923_001886,calibration
sim_simv1s923_001887,holdout
sim_simv1s923_001888,train
sim_simv1s923_001889,train
sim_simv1s923_001890,train
sim_simv1s923_001891,train
sim_simv1s923_001892,train
sim_simv1s923_001893,calibration
sim_simv1s923_001894,validation
sim_simv1s923_001895,calibration
sim_simv1s923_001896,train
sim_simv1s923_001897,calibration
sim_simv1s923_001898,train
sim_simv1s923_001899,train
sim_simv1s923_001900,train
sim_simv1s923_001901,validation
sim_simv1s923_001902,train
sim_simv1s923_001903,train
sim_simv1s923_001904,holdout
sim_simv1s923_001905,calibration
sim_simv1s923_001906,calibration
sim_simv1s923_001907,train
sim_simv1s923_001908,calibration
sim_simv1s923_001909,train
sim_simv1s923_001910,train
sim_simv1s923_001911,train
sim_simv1s923_001912,train
sim_simv1s923_001913,train
sim_simv1s923_001914,train
sim_simv1s923_001915,train
sim_simv1s923_001916,validation
sim_simv1s923_001917,train
sim_simv1s923_001918,train
sim_simv1s923_001919,validation
sim_simv1s923_001920,train
sim_simv1s923_001921,validation
sim_simv1s923_001922,calibration
sim_simv1s923_001923,train
sim_simv1s923_001924,train
sim_simv1s923_001925,train
sim_simv1s923_001926,train
sim_simv1s923_001927,holdout
sim_simv1s923_001928,calibration
sim_simv1s923_001929,train
sim_simv1s923_001930,holdout
sim_simv1s923_001931,train
sim_simv1s923_001932,train
sim_simv1s923_001933,train
sim_simv1s923_001934,train
sim_simv1s923_001935,holdout
sim_simv1s923_001936,calibration
sim_simv1s923_001937,validation
sim_simv1s923_001938,train
sim_simv1s923_001939,validation
sim_simv1s923_001940,train
sim_simv1s923_001941,train
sim_simv1s923_001942,holdout
sim_simv1s923_001943,train
sim_simv1s923_001944,train
sim_simv1s923_001945,holdout
sim_simv1s923_001946,train
sim_simv1s923_001947,calibration
sim_simv1s923_001948,train
sim_simv1s923_001949,train
sim_simv1s923_001950,train
sim_simv1s923_001951,train
sim_simv1s923_001952,train
sim_simv1s923_001953,train
sim_simv1s923_001954,calibration
sim_simv1s923_001955,validation
sim_simv1s923_001956,train
sim_simv1s923_001957,train
sim_simv1s923_001958,calibration
sim_simv1s923_001959,holdout
sim_simv1s923_001960,calibration
sim_simv1s923_001961,train
sim_simv1s923_001962,train
sim_simv1s923_001963,holdout
sim_simv1s923_001964,train
sim_simv1s923_001965,train
sim_simv1s923_001966,train
sim_simv1s923_001967,train
sim_simv1s923_001968,holdout
sim_simv1s923_001969,validation
sim_simv1s923_001970,train
sim_simv1s923_001971,validation
sim_simv1s923_001972,validation
sim_simv1s923_001973,train
sim_simv1s923_001974,train
sim_simv1s923_001975,train
sim_simv1s923_001976,train
sim_simv1s923_001977,calibration
sim_simv1s923_001978,validation
sim_simv1s923_001979,calibration
sim_simv1s923_001980,calibration
sim_simv1s923_001981,validation
sim_simv1s923_001982,holdout
sim_simv1s923_001983,train
sim_simv1s923_001984,validation
sim_simv1s923_001985,train
sim_simv1s923_001986,train
sim_simv1s923_001987,validation
sim_simv1s923_001988,validation
sim_simv1s923_001989,train
sim_simv1s923_001990,train
sim_simv1s923_001991,train
sim_simv1s923_001992,train
sim_simv1s923_001993,train
sim_simv1s923_001994,holdout
sim_simv1s923_001995,validation
sim_simv1s923_001996,calibration
sim_simv1s923_001997,calibration
sim_simv1s923_001998,calibration
sim_simv1s923_001999,train
sim_simv1s923_002000,train
sim_simv1s923_002001,train
sim_simv1s923_002002,validation
sim_simv1s923_002003,train
sim_simv1s923_002004,train
sim_simv1s923_002005,calibration
sim_simv1s923_002006,train
sim_simv1s923_002007,holdout
sim_simv1s923_002008,calibration
sim_simv1s923_002009,train
sim_simv1s923_002010,train
sim_simv1s923_002011,train
sim_simv1s923_002012,train
sim_simv1s923_002013,calibration
sim_simv1s923_002014,holdout
sim_simv1s923_002015,validation
sim_simv1s923_002016,train
sim_simv1s923_002017,validation
sim_simv1s923_002018,holdout
sim_simv1s923_002019,train
sim_simv1s923_002020,train
sim_simv1s923_002021,train
sim_simv1s923_002022,holdout
sim_simv1s923_002023,calibration
sim_simv1s923_002024,train
sim_simv1s923_002025,train
sim_simv1s923_002026,train
sim_simv1s923_002027,train
sim_simv1s923_002028,train
sim_simv1s923_002029,train
sim_simv1s923_002030,calibration
sim_simv1s923_002031,validation
sim_simv1s923_002032,train
sim_simv1s923_002033,train
sim_simv1s923_002034,calibration
sim_simv1s923_002035,train
sim_simv1s923_002036,validation
sim_simv1s923_002037,train
sim_simv1s923_002038,train
sim_simv1s923_002039,train
sim_simv1s923_002040,validation
sim_simv1s923_002041,calibration
sim_simv1s923_002042,train
sim_simv1s923_002043,train
sim_simv1s923_002044,train
sim_simv1s923_002045,train
sim_simv1s923_002046,train
sim_simv1s923_002047,validation
sim_simv1s923_002048,calibration
sim_simv1s923_002049,train
sim_simv1s923_002050,train
sim_simv1s923_002051,train
sim_simv1s923_002052,calibration
sim_simv1s923_002053,train
sim_simv1s923_002054,validation
sim_simv1s923_002055,train
sim_simv1s923_002056,train
sim_simv1s923_002057,train
sim_simv1s923_002058,train
sim_simv1s923_002059,calibration
sim_simv1s923_002060,validation
sim_simv1s923_002061,train
sim_simv1s923_002062,holdout
sim_simv1s923_002063,holdout
sim_simv1s923_002064,holdout
sim_simv1s923_002065,train
sim_simv1s923_002066,train
sim_simv1s923_002067,train
sim_simv1s923_002068,train
sim_simv1s923_002069,train
sim_simv1s923_002070,train
sim_simv1s923_002071,calibration
sim_simv1s923_002072,holdout
sim_simv1s923_002073,train
sim_simv1s923_002074,holdout
sim_simv1s923_002075,train
sim_simv1s923_002076,validation
sim_simv1s923_002077,holdout
sim_simv1s923_002078,train
sim_simv1s923_002079,train
sim_simv1s923_002080,train
sim_simv1s923_002081,train
sim_simv1s923_002082,validation
sim_simv1s923_002083,holdout
sim_simv1s923_002084,validation
sim_simv1s923_002085,calibration
sim_simv1s923_002086,holdout
sim_simv1s923_002087,validation
sim_simv1s923_002088,train
sim_simv1s923_002089,train
sim_simv1s923_002090,train
sim_simv1s923_002091,train
sim_simv1s923_002092,validation
sim_simv1s923_002093,train
sim_simv1s923_002094,train
sim_simv1s923_002095,train
sim_simv1s923_002096,train
sim_simv1s923_002097,holdout
sim_simv1s923_002098,train
sim_simv1s923_002099,holdout
sim_simv1s923_002100,train
sim_simv1s923_002101,validation
sim_simv1s923_002102,train
sim_simv1s923_002103,train
sim_simv1s923_002104,train
sim_simv1s923_002105,train
sim_simv1s923_002106,train
sim_simv1s923_002107,calibration
sim_simv1s923_002108,train
sim_simv1s923_002109,train
sim_simv1s923_002110,train
sim_simv1s923_002111,train
sim_simv1s923_002112,validation
sim_simv1s923_002113,train
sim_simv1s923_002114,validation
sim_simv1s923_002115,holdout
sim_simv1s923_002116,train
sim_simv1s923_002117,validation
sim_simv1s923_002118,validation
sim_simv1s923_002119,train
sim_simv1s923_002120,validation
sim_simv1s923_002121,train
sim_simv1s923_002122,holdout
sim_simv1s923_002123,train
sim_simv1s923_002124,train
sim_simv1s923_002125,train
sim_simv1s923_002126,train
sim_simv1s923_002127,train
sim_simv1s923_002128,calibration
sim_simv1s923_002129,validation
sim_simv1s923_002130,train
sim_simv1s923_002131,holdout
sim_simv1s923_002132,calibration
sim_simv1s923_002133,train
sim_simv1s923_002134,train
sim_simv1s923_002135,train
sim_simv1s923_002136,validation
sim_simv1s923_002137,train
sim_simv1s923_002138,train
sim_simv1s923_002139,calibration
sim_simv1s923_002140,train
sim_simv1s923_002141,train
sim_simv1s923_002142,validation
sim_simv1s923_002143,train
sim_simv1s923_002144,train
sim_simv1s923_002145,calibration
sim_simv1s923_002146,train
sim_simv1s923_002147,train
sim_simv1s923_002148,train
sim_simv1s923_002149,holdout
sim_simv1s923_002150,calibration
sim_simv1s923_002151,train
sim_simv1s923_002152,calibration
sim_simv1s923_002153,train
sim_simv1s923_002154,holdout
sim_simv1s923_002155,calibration
sim_simv1s923_002156,train
sim_simv1s923_002157,train
sim_simv1s923_002158,train
sim_simv1s923_002159,train
sim_simv1s923_002160,validation
sim_simv1s923_002161,train
sim_simv1s923_002162,train
sim_simv1s923_002163,calibration
sim_simv1s923_002164,train
sim_simv1s923_002165,holdout
sim_simv1s923_002166,train
sim_simv1s923_002167,train
sim_simv1s923_002168,calibration
sim_simv1s923_002169,train
sim_simv1s923_002170,train
sim_simv1s923_002171,calibration
sim_simv1s923_002172,train
sim_simv1s923_002173,train
sim_simv1s923_002174,train
sim_simv1s923_002175,holdout
sim_simv1s923_002176,validation
sim_simv1s923_002177,train
sim_simv1s923_002178,holdout
sim_simv1s923_002179,train
sim_simv1s923_002180,holdout
sim_simv1s923_002181,calibration
sim_simv1s923_002182,holdout
sim_simv1s923_002183,holdout
sim_simv1s923_002184,validation
sim_simv1s923_002185,train
sim_simv1s923_002186,train
sim_simv1s923_002187,calibration
sim_simv1s923_002188,train
sim_simv1s923_002189,train
sim_simv1s923_002190,train
sim_simv1s923_002191,validation
sim_simv1s923_002192,calibration
sim_simv1s923_002193,train
sim_simv1s923_002194,train
sim_simv1s923_002195,train
sim_simv1s923_002196,train
sim_simv1s923_002197,validation
sim_simv1s923_002198,holdout
sim_simv1s923_002199,calibration
sim_simv1s923_002200,train
sim_simv1s923_002201,train
sim_simv1s923_002202,holdout
sim_simv1s923_002203,train
sim_simv1s923_002204,validation
sim_simv1s923_002205,validation
sim_simv1s923_002206,calibration
sim_simv1s923_002207,calibration
sim_simv1s923_002208,holdout
sim_simv1s923_002209,train
sim_simv1s923_002210,validation
sim_simv1s923_002211,holdout
sim_simv1s923_002212,holdout
sim_simv1s923_002213,validation
sim_simv1s923_002214,train
sim_simv1s923_002215,train
sim_simv1s923_002216,holdout
sim_simv1s923_002217,train
sim_simv1s923_002218,holdout
sim_simv1s923_002219,train
sim_simv1s923_002220,holdout
sim_simv1s923_002221,train
sim_simv1s923_002222,train
sim_simv1s923_002223,train
sim_simv1s923_002224,train
sim_simv1s923_002225,train
sim_simv1s923_002226,calibration
sim_simv1s923_002227,train
sim_simv1s923_002228,train
sim_simv1s923_002229,holdout
sim_simv1s923_002230,train
sim_simv1s923_002231,calibration
sim_simv1s923_002232,train
sim_simv1s923_002233,holdout
sim_simv1s923_002234,calibration
sim_simv1s923_002235,train
sim_simv1s923_002236,calibration
sim_simv1s923_002237,holdout
sim_simv1s923_002238,holdout
sim_simv1s923_002239,train
sim_simv1s923_002240,holdout
sim_simv1s923_002241,train
sim_simv1s923_002242,holdout
sim_simv1s923_002243,calibration
sim_simv1s923_002244,train
sim_simv1s923_002245,train
sim_simv1s923_002246,train
sim_simv1s923_002247,validation
sim_simv1s923_002248,train
sim_simv1s923_002249,calibration
sim_simv1s923_002250,holdout
sim_simv1s923_002251,train
sim_simv1s923_002252,train
sim_simv1s923_002253,validation
sim_simv1s923_002254,train
sim_simv1s923_002255,train
sim_simv1s923_002256,train
sim_simv1s923_002257,holdout
sim_simv1s923_002258,holdout
sim_simv1s923_002259,train
sim_simv1s923_002260,train
sim_simv1s923_002261,validation
sim_simv1s923_002262,validation
sim_simv1s923_002263,holdout
sim_simv1s923_002264,train
sim_simv1s923_002265,train
sim_simv1s923_002266,calibration
sim_simv1s923_002267,train
sim_simv1s923_002268,calibration
sim_simv1s923_002269,validation
sim_simv1s923_002270,train
sim_simv1s923_002271,train
sim_simv1s923_002272,train
sim_simv1s923_002273,holdout
sim_simv1s923_002274,train
sim_simv1s923_002275,train
sim_simv1s923_002276,train
sim_simv1s923_002277,validation
sim_simv1s923_002278,train
sim_simv1s923_002279,train
sim_simv1s923_002280,train
sim_simv1s923_002281,train
sim_simv1s923_002282,train
sim_simv1s923_002283,train
sim_simv1s923_002284,holdout
sim_simv1s923_002285,train
sim_simv1s923_002286,holdout
sim_simv1s923_002287,train
sim_simv1s923_002288,calibration
sim_simv1s923_002289,holdout
sim_simv1s923_002290,train
sim_simv1s923_002291,train
sim_simv1s923_002292,holdout
sim_simv1s923_002293,validation
sim_simv1s923_002294,validation
sim_simv1s923_002295,holdout
sim_simv1s923_002296,train
sim_simv1s923_002297,calibration
sim_simv1s923_002298,train
sim_simv1s923_002299,train
sim_simv1s923_002300,holdout
sim_simv1s923_002301,train
sim_simv1s923_002302,train
sim_simv1s923_002303,holdout
sim_simv1s923_002304,train
sim_simv1s923_002305,train
sim_simv1s923_002306,train
sim_simv1s923_002307,train
sim_simv1s923_002308,train
sim_simv1s923_002309,train
sim_simv1s923_002310,train
sim_simv1s923_002311,train
sim_simv1s923_002312,train
sim_simv1s923_002313,calibration
sim_simv1s923_002314,calibration
sim_simv1s923_002315,holdout
sim_simv1s923_002316,train
sim_simv1s923_002317,train
sim_simv1s923_002318,validation
sim_simv1s923_002319,train
sim_simv1s923_002320,train
sim_simv1s923_002321,calibration
sim_simv1s923_002322,train
sim_simv1s923_002323,train
sim_simv1s923_002324,holdout
sim_simv1s923_002325,train
sim_simv1s923_002326,calibration
sim_simv1s923_002327,train
sim_simv1s923_002328,train
sim_simv1s923_002329,calibration
sim_simv1s923_002330,validation
sim_simv1s923_002331,validation
sim_simv1s923_002332,holdout
sim_simv1s923_002333,train
sim_simv1s923_002334,train
sim_simv1s923_002335,holdout
sim_simv1s923_002336,validation
sim_simv1s923_002337,train
sim_simv1s923_002338,calibration
sim_simv1s923_002339,validation
sim_simv1s923_002340,train
sim_simv1s923_002341,validation
sim_simv1s923_002342,holdout
sim_simv1s923_002343,train
sim_simv1s923_002344,train
sim_simv1s923_002345,holdout
sim_simv1s923_002346,train
sim_simv1s923_002347,train
sim_simv1s923_002348,calibration
sim_simv1s923_002349,validation
sim_simv1s923_002350,train
sim_simv1s923_002351,train
sim_simv1s923_002352,holdout
sim_simv1s923_002353,train
sim_simv1s923_002354,train
sim_simv1s923_002355,train
sim_simv1s923_002356,train
sim_simv1s923_002357,train
sim_simv1s923_002358,holdout
sim_simv1s923_002359,train
sim_simv1s923_002360,holdout
sim_simv1s923_002361,train
sim_simv1s923_002362,train
sim_simv1s923_002363,train
sim_simv1s923_002364,train
sim_simv1s923_002365,holdout
sim_simv1s923_002366,train
sim_simv1s923_002367,holdout
sim_simv1s923_002368,train
sim_simv1s923_002369,holdout
sim_simv1s923_002370,train
sim_simv1s923_002371,train
sim_simv1s923_002372,train
sim_simv1s923_002373,train
sim_simv1s923_002374,train
sim_simv1s923_002375,train
sim_simv1s923_002376,train
sim_simv1s923_002377,train
sim_simv1s923_002378,train
sim_simv1s923_002379,validation
sim_simv1s923_002380,holdout
sim_simv1s923_002381,train
sim_simv1s923_002382,train
sim_simv1s923_002383,train
sim_simv1s923_002384,calibration
sim_simv1s923_002385,holdout
sim_simv1s923_002386,train
sim_simv1s923_002387,train
sim_simv1s923_002388,train
sim_simv1s923_002389,calibration
sim_simv1s923_002390,calibration
sim_simv1s923_002391,holdout
sim_simv1s923_002392,train
sim_simv1s923_002393,train
sim_simv1s923_002394,holdout
sim_simv1s923_002395,calibration
sim_simv1s923_002396,train
sim_simv1s923_002397,train
sim_simv1s923_002398,holdout
sim_simv1s923_002399,train
sim_simv1s923_002400,train
sim_simv1s923_002401,holdout
sim_simv1s923_002402,calibration
sim_simv1s923_002403,train
sim_simv1s923_002404,validation
sim_simv1s923_002405,train
sim_simv1s923_002406,train
sim_simv1s923_002407,train
sim_simv1s923_002408,train
sim_simv1s923_002409,train
sim_simv1s923_002410,validation
sim_simv1s923_002411,train
sim_simv1s923_002412,train
sim_simv1s923_002413,holdout
sim_simv1s923_002414,train
sim_simv1s923_002415,calibration
sim_simv1s923_002416,holdout
sim_simv1s923_002417,calibration
sim_simv1s923_002418,validation
sim_simv1s923_002419,validation
sim_simv1s923_002420,validation
sim_simv1s923_002421,validation
sim_simv1s923_002422,train
sim_simv1s923_002423,train
sim_simv1s923_002424,holdout
sim_simv1s923_002425,train
sim_simv1s923_002426,train
sim_simv1s923_002427,validation
sim_simv1s923_002428,train
sim_simv1s923_002429,holdout
sim_simv1s923_002430,train
sim_simv1s923_002431,train
sim_simv1s923_002432,train
sim_simv1s923_002433,holdout
sim_simv1s923_002434,train
sim_simv1s923_002435,train
sim_simv1s923_002436,train
sim_simv1s923_002437,train
sim_simv1s923_002438,train
sim_simv1s923_002439,validation
sim_simv1s923_002440,train
sim_simv1s923_002441,train
sim_simv1s923_002442,train
sim_simv1s923_002443,holdout
sim_simv1s923_002444,train
sim_simv1s923_002445,calibration
sim_simv1s923_002446,holdout
sim_simv1s923_002447,train
sim_simv1s923_002448,train
sim_simv1s923_002449,train
sim_simv1s923_002450,train
sim_simv1s923_002451,calibration
sim_simv1s923_002452,train
sim_simv1s923_002453,train
sim_simv1s923_002454,train
sim_simv1s923_002455,train
sim_simv1s923_002456,train
sim_simv1s923_002457,train
sim_simv1s923_002458,holdout
sim_simv1s923_002459,train
sim_simv1s923_002460,train
sim_simv1s923_002461,train
sim_simv1s923_002462,train
sim_simv1s923_002463,train
sim_simv1s923_002464,validation
sim_simv1s923_002465,calibration
sim_simv1s923_002466,train
sim_simv1s923_002467,train
sim_simv1s923_002468,train
sim_simv1s923_002469,train
sim_simv1s923_002470,train
sim_simv1s923_002471,calibration
sim_simv1s923_002472,holdout
sim_simv1s923_002473,train
sim_simv1s923_002474,train
sim_simv1s923_002475,train
sim_simv1s923_002476,train
sim_simv1s923_002477,train
sim_simv1s923_002478,train
sim_simv1s923_002479,train
sim_simv1s923_002480,train
sim_simv1s923_002481,train
sim_simv1s923_002482,train
sim_simv1s923_002483,holdout
sim_simv1s923_002484,train
sim_simv1s923_002485,train
sim_simv1s923_002486,train
sim_simv1s923_002487,train
sim_simv1s923_002488,train
sim_simv1s923_002489,validation
sim_simv1s923_002490,train
sim_simv1s923_002491,train
sim_simv1s923_002492,validation
sim_simv1s923_002493,holdout
sim_simv1s923_002494,train
sim_simv1s923_002495,train
sim_simv1s923_002496,validation
sim_simv1s923_002497,train
sim_simv1s923_002498,calibration
sim_simv1s923_002499,train
sim_simv1s923_002500,train
sim_simv1s923_002501,train
sim_simv1s923_002502,calibration
sim_simv1s923_002503,train
sim_simv1s923_002504,holdout
sim_simv1s923_002505,train
sim_simv1s923_002506,holdout
sim_simv1s923_002507,validation
sim_simv1s923_002508,calibration
sim_simv1s923_002509,holdout
sim_simv1s923_002510,train
sim_simv1s923_002511,train
sim_simv1s923_002512,train
sim_simv1s923_002513,calibration
sim_simv1s923_002514,holdout
sim_simv1s923_002515,validation
sim_simv1s923_002516,calibration
sim_simv1s923_002517,train
sim_simv1s923_002518,train
sim_simv1s923_002519,train
sim_simv1s923_002520,holdout
sim_simv1s923_002521,calibration
sim_simv1s923_002522,train
sim_simv1s923_002523,calibration
sim_simv1s923_002524,train
sim_simv1s923_002525,train
sim_simv1s923_002526,calibration
sim_simv1s923_002527,calibration
sim_simv1s923_002528,train
sim_simv1s923_002529,train
sim_simv1s923_002530,train
sim_simv1s923_002531,validation
sim_simv1s923_002532,validation
sim_simv1s923_002533,train
sim_simv1s923_002534,validation
sim_simv1s923_002535,holdout
sim_simv1s923_002536,train
sim_simv1s923_002537,train
sim_simv1s923_002538,calibration
sim_simv1s923_002539,train
sim_simv1s923_002540,train
sim_simv1s923_002541,train
sim_simv1s923_002542,train
sim_simv1s923_002543,holdout
sim_simv1s923_002544,train
sim_simv1s923_002545,train
sim_simv1s923_002546,train
sim_simv1s923_002547,calibration
sim_simv1s923_002548,validation
sim_simv1s923_002549,train
sim_simv1s923_002550,train
sim_simv1s923_002551,train
sim_simv1s923_002552,holdout
sim_simv1s923_002553,holdout
sim_simv1s923_002554,train
sim_simv1s923_002555,train
sim_simv1s923_002556,calibration
sim_simv1s923_002557,calibration
sim_simv1s923_002558,train
sim_simv1s923_002559,holdout
sim_simv1s923_002560,holdout
sim_simv1s923_002561,train
sim_simv1s923_002562,validation
sim_simv1s923_002563,train
sim_simv1s923_002564,train
sim_simv1s923_002565,calibration
sim_simv1s923_002566,train
sim_simv1s923_002567,train
sim_simv1s923_002568,calibration
sim_simv1s923_002569,train
sim_simv1s923_002570,train
sim_simv1s923_002571,train
sim_simv1s923_002572,train
sim_simv1s923_002573,train
sim_simv1s923_002574,calibration
sim_simv1s923_002575,validation
sim_simv1s923_002576,train
sim_simv1s923_002577,train
sim_simv1s923_002578,train
sim_simv1s923_002579,train
sim_simv1s923_002580,train
sim_simv1s923_002581,train
sim_simv1s923_002582,train
sim_simv1s923_002583,calibration
sim_simv1s923_002584,validation
sim_simv1s923_002585,validation
sim_simv1s923_002586,train
sim_simv1s923_002587,calibration
sim_simv1s923_002588,train
sim_simv1s923_002589,train
sim_simv1s923_002590,validation
sim_simv1s923_002591,calibration
sim_simv1s923_002592,train
sim_simv1s923_002593,train
sim_simv1s923_002594,train
sim_simv1s923_002595,train
sim_simv1s923_002596,train
sim_simv1s923_002597,train
sim_simv1s923_002598,holdout
sim_simv1s923_002599,calibration
sim_simv1s923_002600,train
sim_simv1s923_002601,train
sim_simv1s923_002602,holdout
sim_simv1s923_002603,train
sim_simv1s923_002604,holdout
sim_simv1s923_002605,calibration
sim_simv1s923_002606,train
sim_simv1s923_002607,train
sim_simv1s923_002608,calibration
sim_simv1s923_002609,train
sim_simv1s923_002610,train
sim_simv1s923_002611,calibration
sim_simv1s923_002612,train
sim_simv1s923_002613,validation
sim_simv1s923_002614,validation
sim_simv1s923_002615,validation
sim_simv1s923_002616,holdout
sim_simv1s923_002617,train
sim_simv1s923_002618,train
sim_simv1s923_002619,validation
sim_simv1s923_002620,train
sim_simv1s923_002621,calibration
sim_simv1s923_002622,calibration
sim_simv1s923_002623,train
sim_simv1s923_002624,holdout
sim_simv1s923_002625,train
sim_simv1s923_002626,validation
sim_simv1s923_002627,train
sim_simv1s923_002628,calibration
sim_simv1s923_002629,train
sim_simv1s923_002630,train
sim_simv1s923_002631,train
sim_simv1s923_002632,train
sim_simv1s923_002633,train
sim_simv1s923_002634,train
sim_simv1s923_002635,train
sim_simv1s923_002636,holdout
sim_simv1s923_002637,holdout
sim_simv1s923_002638,train
sim_simv1s923_002639,train
sim_simv1s923_002640,train
sim_simv1s923_002641,train
sim_simv1s923_002642,train
sim_simv1s923_002643,train
sim_simv1s923_002644,holdout
sim_simv1s923_002645,holdout
sim_simv1s923_002646,train
sim_simv1s923_002647,train
sim_simv1s923_002648,train
sim_simv1s923_002649,train
sim_simv1s923_002650,holdout
sim_simv1s923_002651,train
sim_simv1s923_002652,train
sim_simv1s923_002653,holdout
sim_simv1s923_002654,holdout
sim_simv1s923_002655,train
sim_simv1s923_002656,train
sim_simv1s923_002657,validation
sim_simv1s923_002658,validation
sim_simv1s923_002659,train
sim_simv1s923_002660,train
sim_simv1s923_002661,train
sim_simv1s923_002662,holdout
sim_simv1s923_002663,train
sim_simv1s923_002664,train
sim_simv1s923_002665,calibration
sim_simv1s923_002666,holdout
sim_simv1s923_002667,calibration
sim_simv1s923_002668,train
sim_simv1s923_002669,train
sim_simv1s923_002670,train
sim_simv1s923_002671,train
sim_simv1s923_002672,train
sim_simv1s923_002673,train
sim_simv1s923_002674,train
sim_simv1s923_002675,train
sim_simv1s923_002676,calibration
sim_simv1s923_002677,train
sim_simv1s923_002678,train
sim_simv1s923_002679,validation
sim_simv1s923_002680,train
sim_simv1s923_002681,validation
sim_simv1s923_002682,train
sim_simv1s923_002683,train
sim_simv1s923_002684,validation
sim_simv1s923_002685,calibration
sim_simv1s923_002686,train
sim_simv1s923_002687,holdout
sim_simv1s923_002688,train
sim_simv1s923_002689,train
sim_simv1s923_002690,train
sim_simv1s923_002691,train
sim_simv1s923_002692,holdout
sim_simv1s923_002693,calibration
sim_simv1s923_002694,train
sim_simv1s923_002695,calibration
sim_simv1s923_002696,train
sim_simv1s923_002697,train
sim_simv1s923_002698,calibration
sim_simv1s923_002699,train
sim_simv1s923_002700,train
sim_simv1s923_002701,validation
sim_simv1s923_002702,validation
sim_simv1s923_002703,validation
sim_simv1s923_002704,holdout
sim_simv1s923_002705,holdout
sim_simv1s923_002706,validation
sim_simv1s923_002707,train
sim_simv1s923_002708,validation
sim_simv1s923_002709,train
sim_simv1s923_002710,train
sim_simv1s923_002711,train
sim_simv1s923_002712,train
sim_simv1s923_002713,validation
sim_simv1s923_002714,train
sim_simv1s923_002715,train
sim_simv1s923_002716,calibration
sim_simv1s923_002717,train
sim_simv1s923_002718,validation
sim_simv1s923_002719,train
sim_simv1s923_002720,validation
sim_simv1s923_002721,calibration
sim_simv1s923_002722,holdout
sim_simv1s923_002723,train
sim_simv1s923_002724,calibration
sim_simv1s923_002725,holdout
sim_simv1s923_002726,train
sim_simv1s923_002727,train
sim_simv1s923_002728,calibration
sim_simv1s923_002729,train
sim_simv1s923_002730,holdout
sim_simv1s923_002731,holdout
sim_simv1s923_002732,validation
sim_simv1s923_002733,train
sim_simv1s923_002734,train
sim_simv1s923_002735,train
sim_simv1s923_002736,calibration
sim_simv1s923_002737,train
sim_simv1s923_002738,train
sim_simv1s923_002739,validation
sim_simv1s923_002740,train
sim_simv1s923_002741,train
sim_simv1s923_002742,train
sim_simv1s923_002743,train
sim_simv1s923_002744,train
sim_simv1s923_002745,holdout
sim_simv1s923_002746,validation
sim_simv1s923_002747,train
sim_simv1s923_002748,holdout
sim_simv1s923_002749,holdout
sim_simv1s923_002750,holdout
sim_simv1s923_002751,train
sim_simv1s923_002752,train
sim_simv1s923_002753,train
sim_simv1s923_002754,calibration
sim_simv1s923_002755,holdout
sim_simv1s923_002756,train
sim_simv1s923_002757,train
sim_simv1s923_002758,train
sim_simv1s923_002759,calibration
sim_simv1s923_002760,holdout
sim_simv1s923_002761,validation
sim_simv1s923_002762,calibration
sim_simv1s923_002763,train
sim_simv1s923_002764,train
sim_simv1s923_002765,train
sim_simv1s923_002766,train
sim_simv1s923_002767,holdout
sim_simv1s923_002768,validation
sim_simv1s923_002769,calibration
sim_simv1s923_002770,train
sim_simv1s923_002771,validation
sim_simv1s923_002772,train
sim_simv1s923_002773,validation
sim_simv1s923_002774,train
sim_simv1s923_002775,train
sim_simv1s923_002776,validation
sim_simv1s923_002777,holdout
sim_simv1s923_002778,validation
sim_simv1s923_002779,train
sim_simv1s923_002780,calibration
sim_simv1s923_002781,train
sim_simv1s923_002782,train
sim_simv1s923_002783,validation
sim_simv1s923_002784,train
sim_simv1s923_002785,train
sim_simv1s923_002786,holdout
sim_simv1s923_002787,train
sim_simv1s923_002788,holdout
sim_simv1s923_002789,holdout
sim_simv1s923_002790,train
sim_simv1s923_002791,train
sim_simv1s923_002792,holdout
sim_simv1s923_002793,train
sim_simv1s923_002794,calibration
sim_simv1s923_002795,train
sim_simv1s923_002796,train
sim_simv1s923_002797,validation
sim_simv1s923_002798,train
sim_simv1s923_002799,train
sim_simv1s923_002800,train
sim_simv1s923_002801,train
sim_simv1s923_002802,validation
sim_simv1s923_002803,train
sim_simv1s923_002804,train
sim_simv1s923_002805,holdout
sim_simv1s923_002806,train
sim_simv1s923_002807,validation
sim_simv1s923_002808,holdout
sim_simv1s923_002809,train
sim_simv1s923_002810,train
sim_simv1s923_002811,train
sim_simv1s923_002812,train
sim_simv1s923_002813,holdout
sim_simv1s923_002814,train
sim_simv1s923_002815,calibration
sim_simv1s923_002816,calibration
sim_simv1s923_002817,calibration
sim_simv1s923_002818,train
sim_simv1s923_002819,train
sim_simv1s923_002820,train
sim_simv1s923_002821,train
sim_simv1s923_002822,train
sim_simv1s923_002823,calibration
sim_simv1s923_002824,holdout
sim_simv1s923_002825,train
sim_simv1s923_002826,holdout
sim_simv1s923_002827,train
sim_simv1s923_002828,calibration
sim_simv1s923_002829,train
sim_simv1s923_002830,calibration
sim_simv1s923_002831,calibration
sim_simv1s923_002832,train
sim_simv1s923_002833,train
sim_simv1s923_002834,train
sim_simv1s923_002835,validation
sim_simv1s923_002836,train
sim_simv1s923_002837,calibration
sim_simv1s923_002838,train
sim_simv1s923_002839,calibration
sim_simv1s923_002840,validation
sim_simv1s923_002841,train
sim_simv1s923_002842,validation
sim_simv1s923_002843,holdout
sim_simv1s923_002844,train
sim_simv1s923_002845,train
sim_simv1s923_002846,train
sim_simv1s923_002847,train
sim_simv1s923_002848,calibration
sim_simv1s923_002849,train
sim_simv1s923_002850,train
sim_simv1s923_002851,train
sim_simv1s923_002852,calibration
sim_simv1s923_002853,train
sim_simv1s923_002854,train
sim_simv1s923_002855,train
sim_simv1s923_002856,train
sim_simv1s923_002857,train
sim_simv1s923_002858,train
sim_simv1s923_002859,train
sim_simv1s923_002860,train
sim_simv1s923_002861,train
sim_simv1s923_002862,train
sim_simv1s923_002863,train
sim_simv1s923_002864,validation
sim_simv1s923_002865,validation
sim_simv1s923_002866,train
sim_simv1s923_002867,train
sim_simv1s923_002868,holdout
sim_simv1s923_002869,calibration
sim_simv1s923_002870,validation
sim_simv1s923_002871,holdout
sim_simv1s923_002872,train
sim_simv1s923_002873,train
sim_simv1s923_002874,holdout
sim_simv1s923_002875,train
sim_simv1s923_002876,validation
sim_simv1s923_002877,train
sim_simv1s923_002878,train
sim_simv1s923_002879,train
sim_simv1s923_002880,holdout
sim_simv1s923_002881,holdout
sim_simv1s923_002882,train
sim_simv1s923_002883,train
sim_simv1s923_002884,holdout
sim_simv1s923_002885,calibration
sim_simv1s923_002886,holdout
sim_simv1s923_002887,train
sim_simv1s923_002888,train
sim_simv1s923_002889,train
sim_simv1s923_002890,holdout
sim_simv1s923_002891,calibration
sim_simv1s923_002892,validation
sim_simv1s923_002893,validation
sim_simv1s923_002894,validation
sim_simv1s923_002895,train
sim_simv1s923_002896,train
sim_simv1s923_002897,calibration
sim_simv1s923_002898,train
sim_simv1s923_002899,holdout
sim_simv1s923_002900,train
sim_simv1s923_002901,holdout
sim_simv1s923_002902,train
sim_simv1s923_002903,train
sim_simv1s923_002904,validation
sim_simv1s923_002905,train
sim_simv1s923_002906,train
sim_simv1s923_002907,validation
sim_simv1s923_002908,train
sim_simv1s923_002909,train
sim_simv1s923_002910,validation
sim_simv1s923_002911,train
sim_simv1s923_002912,holdout
sim_simv1s923_002913,train
sim_simv1s923_002914,train
sim_simv1s923_002915,train
sim_simv1s923_002916,train
sim_simv1s923_002917,train
sim_simv1s923_002918,train
sim_simv1s923_002919,holdout
sim_simv1s923_002920,train
sim_simv1s923_002921,train
sim_simv1s923_002922,train
sim_simv1s923_002923,train
sim_simv1s923_002924,train
sim_simv1s923_002925,train
sim_simv1s923_002926,train
sim_simv1s923_002927,train
sim_simv1s923_002928,train
sim_simv1s923_002929,calibration
sim_simv1s923_002930,train
sim_simv1s923_002931,holdout
sim_simv1s923_002932,holdout
sim_simv1s923_002933,train
sim_simv1s923_002934,holdout
sim_simv1s923_002935,train
sim_simv1s923_002936,train
sim_simv1s923_002937,train
sim_simv1s923_002938,holdout
sim_simv1s923_002939,train
sim_simv1s923_002940,train
sim_simv1s923_002941,holdout
sim_simv1s923_002942,train
sim_simv1s923_002943,validation
sim_simv1s923_002944,validation
sim_simv1s923_002945,calibration
sim_simv1s923_002946,train
sim_simv1s923_002947,holdout
sim_simv1s923_002948,train
sim_simv1s923_002949,validation
sim_simv1s923_002950,calibration
sim_simv1s923_002951,train
sim_simv1s923_002952,train
sim_simv1s923_002953,calibration
sim_simv1s923_002954,train
sim_simv1s923_002955,train
sim_simv1s923_002956,holdout
sim_simv1s923_002957,holdout
sim_simv1s923_002958,train
sim_simv1s923_002959,train
sim_simv1s923_002960,train
sim_simv1s923_002961,calibration
sim_simv1s923_002962,train
sim_simv1s923_002963,train
sim_simv1s923_002964,validation
sim_simv1s923_002965,calibration
sim_simv1s923_002966,train
sim_simv1s923_002967,train
sim_simv1s923_002968,train
sim_simv1s923_002969,train
sim_simv1s923_002970,validation
sim_simv1s923_002971,train
sim_simv1s923_002972,validation
sim_simv1s923_002973,train
sim_simv1s923_002974,holdout
sim_simv1s923_002975,train
sim_simv1s923_002976,calibration
sim_simv1s923_002977,train
sim_simv1s923_002978,train
sim_simv1s923_002979,train
sim_simv1s923_002980,train
sim_simv1s923_002981,train
sim_simv1s923_002982,train
sim_simv1s923_002983,train
sim_simv1s923_002984,train
sim_simv1s923_002985,holdout
sim_simv1s923_002986,calibration
sim_simv1s923_002987,train
sim_simv1s923_002988,train
sim_simv1s923_002989,train
sim_simv1s923_002990,calibration
sim_simv1s923_002991,train
sim_simv1s923_002992,train
sim_simv1s923_002993,train
sim_simv1s923_002994,train
sim_simv1s923_002995,validation
sim_simv1s923_002996,calibration
sim_simv1s923_002997,validation
sim_simv1s923_002998,validation
sim_simv1s923_002999,train
sim_simv1s923_003000,validation
sim_simv1s923_003001,train
sim_simv1s923_003002,train
sim_simv1s923_003003,validation
sim_simv1s923_003004,train
sim_simv1s923_003005,holdout
sim_simv1s923_003006,train
sim_simv1s923_003007,train
sim_simv1s923_003008,train
sim_simv1s923_003009,calibration
sim_simv1s923_003010,validation
sim_simv1s923_003011,calibration
sim_simv1s923_003012,validation
sim_simv1s923_003013,calibration
sim_simv1s923_003014,train
sim_simv1s923_003015,holdout
sim_simv1s923_003016,holdout
sim_simv1s923_003017,train
sim_simv1s923_003018,train
sim_simv1s923_003019,holdout
sim_simv1s923_003020,train
sim_simv1s923_003021,train
sim_simv1s923_003022,train
sim_simv1s923_003023,train
sim_simv1s923_003024,train
sim_simv1s923_003025,train
sim_simv1s923_003026,train
sim_simv1s923_003027,calibration
sim_simv1s923_003028,train
sim_simv1s923_003029,train
sim_simv1s923_003030,train
sim_simv1s923_003031,holdout
sim_simv1s923_003032,train
sim_simv1s923_003033,holdout
sim_simv1s923_003034,train
sim_simv1s923_003035,train
sim_simv1s923_003036,holdout
sim_simv1s923_003037,holdout
sim_simv1s923_003038,holdout
sim_simv1s923_003039,train
sim_simv1s923_003040,train
sim_simv1s923_003041,train
sim_simv1s923_003042,train
sim_simv1s923_003043,train
sim_simv1s923_003044,calibration
sim_simv1s923_003045,train
sim_simv1s923_003046,train
sim_simv1s923_003047,train
sim_simv1s923_003048,train
sim_simv1s923_003049,train
sim_simv1s923_003050,train
sim_simv1s923_003051,train
sim_simv1s923_003052,train
sim_simv1s923_003053,train
sim_simv1s923_003054,train
sim_simv1s923_003055,holdout
sim_simv1s923_003056,holdout
sim_simv1s923_003057,train
sim_simv1s923_003058,holdout
sim_simv1s923_003059,train
sim_simv1s923_003060,train
sim_simv1s923_003061,calibration
sim_simv1s923_003062,train
sim_simv1s923_003063,train
sim_simv1s923_003064,train
sim_simv1s923_003065,train
sim_simv1s923_003066,train
sim_simv1s923_003067,train
sim_simv1s923_003068,train
sim_simv1s923_003069,calibration
sim_simv1s923_003070,holdout
sim_simv1s923_003071,validation
sim_simv1s923_003072,train
sim_simv1s923_003073,train
sim_simv1s923_003074,holdout
sim_simv1s923_003075,validation
sim_simv1s923_003076,train
sim_simv1s923_003077,train
sim_simv1s923_003078,train
sim_simv1s923_003079,train
sim_simv1s923_003080,holdout
sim_simv1s923_003081,train
sim_simv1s923_003082,train
sim_simv1s923_003083,train
sim_simv1s923_003084,calibration
sim_simv1s923_003085,train
sim_simv1s923_003086,train
sim_simv1s923_003087,train
sim_simv1s923_003088,holdout
sim_simv1s923_003089,train
sim_simv1s923_003090,calibration
sim_simv1s923_003091,train
sim_simv1s923_003092,holdout
sim_simv1s923_003093,train
sim_simv1s923_003094,train
sim_simv1s923_003095,train
sim_simv1s923_003096,validation
sim_simv1s923_003097,validation
sim_simv1s923_003098,holdout
sim_simv1s923_003099,train
sim_simv1s923_003100,train
sim_simv1s923_003101,validation
sim_simv1s923_003102,calibration
sim_simv1s923_003103,train
sim_simv1s923_003104,train
sim_simv1s923_003105,train
sim_simv1s923_003106,calibration
sim_simv1s923_003107,calibration
sim_simv1s923_003108,train
sim_simv1s923_003109,validation
sim_simv1s923_003110,train
sim_simv1s923_003111,calibration
sim_simv1s923_003112,train
sim_simv1s923_003113,validation
sim_simv1s923_003114,calibration
sim_simv1s923_003115,validation
sim_simv1s923_003116,train
sim_simv1s923_003117,calibration
sim_simv1s923_003118,holdout
sim_simv1s923_003119,validation
sim_simv1s923_003120,calibration
sim_simv1s923_003121,validation
sim_simv1s923_003122,train
sim_simv1s923_003123,train
sim_simv1s923_003124,train
sim_simv1s923_003125,train
sim_simv1s923_003126,train
sim_simv1s923_003127,holdout
sim_simv1s923_003128,validation
sim_simv1s923_003129,train
sim_simv1s923_003130,train
sim_simv1s923_003131,train
sim_simv1s923_003132,train
sim_simv1s923_003133,train
sim_simv1s923_003134,holdout
sim_simv1s923_003135,holdout
sim_simv1s923_003136,train
sim_simv1s923_003137,train
sim_simv1s923_003138,train
sim_simv1s923_003139,validation
sim_simv1s923_003140,validation
sim_simv1s923_003141,holdout
sim_simv1s923_003142,train
sim_simv1s923_003143,holdout
sim_simv1s923_003144,holdout
sim_simv1s923_003145,calibration
sim_simv1s923_003146,train
sim_simv1s923_003147,holdout
sim_simv1s923_003148,train
sim_simv1s923_003149,holdout
sim_simv1s923_003150,validation
sim_simv1s923_003151,holdout
sim_simv1s923_003152,train
sim_simv1s923_003153,train
sim_simv1s923_003154,validation
sim_simv1s923_003155,calibration
sim_simv1s923_003156,train
sim_simv1s923_003157,holdout
sim_simv1s923_003158,validation
sim_simv1s923_003159,train
sim_simv1s923_003160,train
sim_simv1s923_003161,train
sim_simv1s923_003162,validation
sim_simv1s923_003163,train
sim_simv1s923_003164,train
sim_simv1s923_003165,validation
sim_simv1s923_003166,train
sim_simv1s923_003167,validation
sim_simv1s923_003168,train
sim_simv1s923_003169,calibration
sim_simv1s923_003170,calibration
sim_simv1s923_003171,calibration
sim_simv1s923_003172,train
sim_simv1s923_003173,train
sim_simv1s923_003174,validation
sim_simv1s923_003175,train
sim_simv1s923_003176,train
sim_simv1s923_003177,holdout
sim_simv1s923_003178,calibration
sim_simv1s923_003179,holdout
sim_simv1s923_003180,validation
sim_simv1s923_003181,holdout
sim_simv1s923_003182,train
sim_simv1s923_003183,train
sim_simv1s923_003184,train
sim_simv1s923_003185,train
sim_simv1s923_003186,train
sim_simv1s923_003187,calibration
sim_simv1s923_003188,train
sim_simv1s923_003189,calibration
sim_simv1s923_003190,train
sim_simv1s923_003191,train
sim_simv1s923_003192,train
sim_simv1s923_003193,holdout
sim_simv1s923_003194,train
sim_simv1s923_003195,calibration
sim_simv1s923_003196,train
sim_simv1s923_003197,calibration
sim_simv1s923_003198,validation
sim_simv1s923_003199,holdout
sim_simv1s923_003200,calibration
sim_simv1s923_003201,holdout
sim_simv1s923_003202,train
sim_simv1s923_003203,validation
sim_simv1s923_003204,calibration
sim_simv1s923_003205,calibration
sim_simv1s923_003206,train
sim_simv1s923_003207,train
sim_simv1s923_003208,train
sim_simv1s923_003209,calibration
sim_simv1s923_003210,train
sim_simv1s923_003211,train
sim_simv1s923_003212,train
sim_simv1s923_003213,holdout
sim_simv1s923_003214,calibration
sim_simv1s923_003215,train
sim_simv1s923_003216,calibration
sim_simv1s923_003217,train
sim_simv1s923_003218,validation
sim_simv1s923_003219,holdout
sim_simv1s923_003220,train
sim_simv1s923_003221,holdout
sim_simv1s923_003222,validation
sim_simv1s923_003223,train
sim_simv1s923_003224,train
sim_simv1s923_003225,train
sim_simv1s923_003226,train
sim_simv1s923_003227,train
sim_simv1s923_003228,train
sim_simv1s923_003229,train
sim_simv1s923_003230,train
sim_simv1s923_003231,validation
sim_simv1s923_003232,validation
sim_simv1s923_003233,train
sim_simv1s923_003234,validation
sim_simv1s923_003235,holdout
sim_simv1s923_003236,train
sim_simv1s923_003237,train
sim_simv1s923_003238,holdout
sim_simv1s923_003239,calibration
sim_simv1s923_003240,calibration
sim_simv1s923_003241,calibration
sim_simv1s923_003242,train
sim_simv1s923_003243,validation
sim_simv1s923_003244,train
sim_simv1s923_003245,holdout
sim_simv1s923_003246,calibration
sim_simv1s923_003247,train
sim_simv1s923_003248,holdout
sim_simv1s923_003249,train
sim_simv1s923_003250,calibration
sim_simv1s923_003251,holdout
sim_simv1s923_003252,train
sim_simv1s923_003253,train
sim_simv1s923_003254,train
sim_simv1s923_003255,train
sim_simv1s923_003256,train
sim_simv1s923_003257,train
sim_simv1s923_003258,validation
sim_simv1s923_003259,validation
sim_simv1s923_003260,train
sim_simv1s923_003261,validation
sim_simv1s923_003262,train
sim_simv1s923_003263,train
sim_simv1s923_003264,train
sim_simv1s923_003265,validation
sim_simv1s923_003266,train
sim_simv1s923_003267,holdout
sim_simv1s923_003268,train
sim_simv1s923_003269,train
sim_simv1s923_003270,train
sim_simv1s923_003271,train
sim_simv1s923_003272,train
sim_simv1s923_003273,holdout
sim_simv1s923_003274,train
sim_simv1s923_003275,train
sim_simv1s923_003276,validation
sim_simv1s923_003277,validation
sim_simv1s923_003278,validation
sim_simv1s923_003279,holdout
sim_simv1s923_003280,validation
sim_simv1s923_003281,validation
sim_simv1s923_003282,calibration
sim_simv1s923_003283,train
sim_simv1s923_003284,calibration
sim_simv1s923_003285,train
sim_simv1s923_003286,validation
sim_simv1s923_003287,calibration
sim_simv1s923_003288,holdout
sim_simv1s923_003289,train
sim_simv1s923_003290,holdout
sim_simv1s923_003291,train
sim_simv1s923_003292,train
sim_simv1s923_003293,train
sim_simv1s923_003294,holdout
sim_simv1s923_003295,train
sim_simv1s923_003296,train
sim_simv1s923_003297,train
sim_simv1s923_003298,train
sim_simv1s923_003299,train
sim_simv1s923_003300,train
sim_simv1s923_003301,validation
sim_simv1s923_003302,calibration
sim_simv1s923_003303,train
sim_simv1s923_003304,holdout
sim_simv1s923_003305,train
sim_simv1s923_003306,train
sim_simv1s923_003307,holdout
sim_simv1s923_003308,calibration
sim_simv1s923_003309,train
sim_simv1s923_003310,train
sim_simv1s923_003311,calibration
sim_simv1s923_003312,train
sim_simv1s923_003313,train
sim_simv1s923_003314,train
sim_simv1s923_003315,train
sim_simv1s923_003316,holdout
sim_simv1s923_003317,train
sim_simv1s923_003318,train
sim_simv1s923_003319,train
sim_simv1s923_003320,holdout
sim_simv1s923_003321,train
sim_simv1s923_003322,train
sim_simv1s923_003323,train
sim_simv1s923_003324,train
sim_simv1s923_003325,train
sim_simv1s923_003326,train
sim_simv1s923_003327,train
sim_simv1s923_003328,train
sim_simv1s923_003329,holdout
sim_simv1s923_003330,train
sim_simv1s923_003331,train
sim_simv1s923_003332,validation
sim_simv1s923_003333,train
sim_simv1s923_003334,train
sim_simv1s923_003335,train
sim_simv1s923_003336,calibration
sim_simv1s923_003337,train
sim_simv1s923_003338,train
sim_simv1s923_003339,calibration
sim_simv1s923_003340,validation
sim_simv1s923_003341,calibration
sim_simv1s923_003342,train
sim_simv1s923_003343,calibration
sim_simv1s923_003344,holdout
sim_simv1s923_003345,calibration
sim_simv1s923_003346,train
sim_simv1s923_003347,train
sim_simv1s923_003348,calibration
sim_simv1s923_003349,holdout
sim_simv1s923_003350,validation
sim_simv1s923_003351,train
sim_simv1s923_003352,train
sim_simv1s923_003353,holdout
sim_simv1s923_003354,train
sim_simv1s923_003355,train
sim_simv1s923_003356,train
sim_simv1s923_003357,train
sim_simv1s923_003358,train
sim_simv1s923_003359,holdout
sim_simv1s923_003360,train
sim_simv1s923_003361,validation
sim_simv1s923_003362,train
sim_simv1s923_003363,holdout
sim_simv1s923_003364,calibration
sim_simv1s923_003365,train
sim_simv1s923_003366,train
sim_simv1s923_003367,train
sim_simv1s923_003368,holdout
sim_simv1s923_003369,validation
sim_simv1s923_003370,holdout
sim_simv1s923_003371,train
sim_simv1s923_003372,train
sim_simv1s923_003373,train
sim_simv1s923_003374,holdout
sim_simv1s923_003375,holdout
sim_simv1s923_003376,validation
sim_simv1s923_003377,train
sim_simv1s923_003378,train
sim_simv1s923_003379,holdout
sim_simv1s923_003380,calibration
sim_simv1s923_003381,train
sim_simv1s923_003382,calibration
sim_simv1s923_003383,train
sim_simv1s923_003384,validation
sim_simv1s923_003385,calibration
sim_simv1s923_003386,validation
sim_simv1s923_003387,validation
sim_simv1s923_003388,train
sim_simv1s923_003389,calibration
sim_simv1s923_003390,calibration
sim_simv1s923_003391,validation
sim_simv1s923_003392,validation
sim_simv1s923_003393,holdout
sim_simv1s923_003394,train
sim_simv1s923_003395,holdout
sim_simv1s923_003396,holdout
sim_simv1s923_003397,train
sim_simv1s923_003398,holdout
sim_simv1s923_003399,train
sim_simv1s923_003400,holdout
sim_simv1s923_003401,train
sim_simv1s923_003402,holdout
sim_simv1s923_003403,train
sim_simv1s923_003404,train
sim_simv1s923_003405,train
sim_simv1s923_003406,validation
sim_simv1s923_003407,validation
sim_simv1s923_003408,train
sim_simv1s923_003409,train
sim_simv1s923_003410,train
sim_simv1s923_003411,validation
sim_simv1s923_003412,holdout
sim_simv1s923_003413,train
sim_simv1s923_003414,train
sim_simv1s923_003415,train
sim_simv1s923_003416,train
sim_simv1s923_003417,train
sim_simv1s923_003418,train
sim_simv1s923_003419,train
sim_simv1s923_003420,train
sim_simv1s923_003421,validation
sim_simv1s923_003422,train
sim_simv1s923_003423,train
sim_simv1s923_003424,holdout
sim_simv1s923_003425,holdout
sim_simv1s923_003426,train
sim_simv1s923_003427,validation
sim_simv1s923_003428,train
sim_simv1s923_003429,train
sim_simv1s923_003430,calibration
sim_simv1s923_003431,train
sim_simv1s923_003432,train
sim_simv1s923_003433,train
sim_simv1s923_003434,train
sim_simv1s923_003435,validation
sim_simv1s923_003436,validation
sim_simv1s923_003437,train
sim_simv1s923_003438,holdout
sim_simv1s923_003439,calibration
sim_simv1s923_003440,calibration
sim_simv1s923_003441,train
sim_simv1s923_003442,train
sim_simv1s923_003443,train
sim_simv1s923_003444,train
sim_simv1s923_003445,train
sim_simv1s923_003446,train
sim_simv1s923_003447,train
sim_simv1s923_003448,train
sim_simv1s923_003449,train
sim_simv1s923_003450,train
sim_simv1s923_003451,validation
sim_simv1s923_003452,calibration
sim_simv1s923_003453,train
sim_simv1s923_003454,calibration
sim_simv1s923_003455,holdout
sim_simv1s923_003456,train
sim_simv1s923_003457,train
sim_simv1s923_003458,calibration
sim_simv1s923_003459,holdout
sim_simv1s923_003460,train
sim_simv1s923_003461,train
sim_simv1s923_003462,train
sim_simv1s923_003463,calibration
sim_simv1s923_003464,calibration
sim_simv1s923_003465,calibration
sim_simv1s923_003466,validation
sim_simv1s923_003467,train
sim_simv1s923_003468,train
sim_simv1s923_003469,train
sim_simv1s923_003470,calibration
sim_simv1s923_003471,train
sim_simv1s923_003472,calibration
sim_simv1s923_003473,holdout
sim_simv1s923_003474,train
sim_simv1s923_003475,train
sim_simv1s923_003476,train
sim_simv1s923_003477,validation
sim_simv1s923_003478,train
sim_simv1s923_003479,train
sim_simv1s923_003480,train
sim_simv1s923_003481,train
sim_simv1s923_003482,calibration
sim_simv1s923_003483,train
sim_simv1s923_003484,train
sim_simv1s923_003485,train
sim_simv1s923_003486,train
sim_simv1s923_003487,train
sim_simv1s923_003488,calibration
sim_simv1s923_003489,validation
sim_simv1s923_003490,train
sim_simv1s923_003491,validation
sim_simv1s923_003492,train
sim_simv1s923_003493,train
sim_simv1s923_003494,train
sim_simv1s923_003495,holdout
sim_simv1s923_003496,train
sim_simv1s923_003497,train
sim_simv1s923_003498,train
sim_simv1s923_003499,calibration
sim_simv1s923_003500,train
sim_simv1s923_003501,train
sim_simv1s923_003502,train
sim_simv1s923_003503,train
sim_simv1s923_003504,train
sim_simv1s923_003505,holdout
sim_simv1s923_003506,train
sim_simv1s923_003507,train
sim_simv1s923_003508,train
sim_simv1s923_003509,train
sim_simv1s923_003510,train
sim_simv1s923_003511,calibration
sim_simv1s923_003512,train
sim_simv1s923_003513,train
sim_simv1s923_003514,calibration
sim_simv1s923_003515,validation
sim_simv1s923_003516,train
sim_simv1s923_003517,holdout
sim_simv1s923_003518,train
sim_simv1s923_003519,train
sim_simv1s923_003520,train
sim_simv1s923_003521,train
sim_simv1s923_003522,train
sim_simv1s923_003523,train
sim_simv1s923_003524,validation
sim_simv1s923_003525,holdout
sim_simv1s923_003526,holdout
sim_simv1s923_003527,validation
sim_simv1s923_003528,train
sim_simv1s923_003529,validation
sim_simv1s923_003530,train
sim_simv1s923_003531,train
sim_simv1s923_003532,train
sim_simv1s923_003533,train
sim_simv1s923_003534,calibration
sim_simv1s923_003535,train
sim_simv1s923_003536,validation
sim_simv1s923_003537,validation
sim_simv1s923_003538,holdout
sim_simv1s923_003539,train
sim_simv1s923_003540,train
sim_simv1s923_003541,train
sim_simv1s923_003542,train
sim_simv1s923_003543,train
sim_simv1s923_003544,train
sim_simv1s923_003545,holdout
sim_simv1s923_003546,train
sim_simv1s923_003547,train
sim_simv1s923_003548,train
sim_simv1s923_003549,holdout
sim_simv1s923_003550,train
sim_simv1s923_003551,validation
sim_simv1s923_003552,train
sim_simv1s923_003553,validation
sim_simv1s923_003554,train
sim_simv1s923_003555,train
sim_simv1s923_003556,holdout
sim_simv1s923_003557,train
sim_simv1s923_003558,calibration
sim_simv1s923_003559,validation
sim_simv1s923_003560,train
sim_simv1s923_003561,validation
sim_simv1s923_003562,train
sim_simv1s923_003563,train
sim_simv1s923_003564,calibration
sim_simv1s923_003565,validation
sim_simv1s923_003566,train
sim_simv1s923_003567,train
sim_simv1s923_003568,train
sim_simv1s923_003569,train
sim_simv1s923_003570,calibration
sim_simv1s923_003571,train
sim_simv1s923_003572,train
sim_simv1s923_003573,train
sim_simv1s923_003574,holdout
sim_simv1s923_003575,train
sim_simv1s923_003576,calibration
sim_simv1s923_003577,train
sim_simv1s923_003578,train
sim_simv1s923_003579,validation
sim_simv1s923_003580,train
sim_simv1s923_003581,train
sim_simv1s923_003582,train
sim_simv1s923_003583,train
sim_simv1s923_003584,calibration
sim_simv1s923_003585,validation
sim_simv1s923_003586,validation
sim_simv1s923_003587,train
sim_simv1s923_003588,train
sim_simv1s923_003589,holdout
sim_simv1s923_003590,train
sim_simv1s923_003591,train
sim_simv1s923_003592,train
sim_simv1s923_003593,holdout
sim_simv1s923_003594,train
sim_simv1s923_003595,validation
sim_simv1s923_003596,train
sim_simv1s923_003597,train
sim_simv1s923_003598,holdout
sim_simv1s923_003599,train
sim_simv1s923_003600,holdout
sim_simv1s923_003601,train
sim_simv1s923_003602,train
sim_simv1s923_003603,holdout
sim_simv1s923_003604,holdout
sim_simv1s923_003605,train
sim_simv1s923_003606,train
sim_simv1s923_003607,train
sim_simv1s923_003608,train
sim_simv1s923_003609,validation
sim_simv1s923_003610,holdout
sim_simv1s923_003611,train
sim_simv1s923_003612,validation
sim_simv1s923_003613,train
sim_simv1s923_003614,train
sim_simv1s923_003615,train
sim_simv1s923_003616,holdout
sim_simv1s923_003617,holdout
sim_simv1s923_003618,train
sim_simv1s923_003619,train
sim_simv1s923_003620,calibration
sim_simv1s923_003621,validation
sim_simv1s923_003622,holdout
sim_simv1s923_003623,train
sim_simv1s923_003624,validation
sim_simv1s923_003625,train
sim_simv1s923_003626,train
sim_simv1s923_003627,train
sim_simv1s923_003628,train
sim_simv1s923_003629,train
sim_simv1s923_003630,validation
sim_simv1s923_003631,train
sim_simv1s923_003632,train
sim_simv1s923_003633,holdout
sim_simv1s923_003634,train
sim_simv1s923_003635,train
sim_simv1s923_003636,train
sim_simv1s923_003637,validation
sim_simv1s923_003638,train
sim_simv1s923_003639,train
sim_simv1s923_003640,train
sim_simv1s923_003641,train
sim_simv1s923_003642,train
sim_simv1s923_003643,train
sim_simv1s923_003644,train
sim_simv1s923_003645,train
sim_simv1s923_003646,train
sim_simv1s923_003647,train
sim_simv1s923_003648,train
sim_simv1s923_003649,train
sim_simv1s923_003650,train
sim_simv1s923_003651,holdout
sim_simv1s923_003652,train
sim_simv1s923_003653,validation
sim_simv1s923_003654,train
sim_simv1s923_003655,holdout
sim_simv1s923_003656,train
sim_simv1s923_003657,train
sim_simv1s923_003658,train
sim_simv1s923_003659,calibration
sim_simv1s923_003660,holdout
sim_simv1s923_003661,train
sim_simv1s923_003662,train
sim_simv1s923_003663,holdout
sim_simv1s923_003664,train
sim_simv1s923_003665,train
sim_simv1s923_003666,train
sim_simv1s923_003667,train
sim_simv1s923_003668,holdout
sim_simv1s923_003669,calibration
sim_simv1s923_003670,train
sim_simv1s923_003671,train
sim_simv1s923_003672,holdout
sim_simv1s923_003673,train
sim_simv1s923_003674,holdout
sim_simv1s923_003675,holdout
sim_simv1s923_003676,train
sim_simv1s923_003677,train
sim_simv1s923_003678,validation
sim_simv1s923_003679,holdout
sim_simv1s923_003680,train
sim_simv1s923_003681,train
sim_simv1s923_003682,calibration
sim_simv1s923_003683,holdout
sim_simv1s923_003684,calibration
sim_simv1s923_003685,train
sim_simv1s923_003686,train
sim_simv1s923_003687,train
sim_simv1s923_003688,calibration
sim_simv1s923_003689,validation
sim_simv1s923_003690,validation
sim_simv1s923_003691,train
sim_simv1s923_003692,train
sim_simv1s923_003693,validation
sim_simv1s923_003694,holdout
sim_simv1s923_003695,train
sim_simv1s923_003696,train
sim_simv1s923_003697,train
sim_simv1s923_003698,train
sim_simv1s923_003699,train
sim_simv1s923_003700,holdout
sim_simv1s923_003701,calibration
sim_simv1s923_003702,train
sim_simv1s923_003703,train
sim_simv1s923_003704,train
sim_simv1s923_003705,train
sim_simv1s923_003706,train
sim_simv1s923_003707,validation
sim_simv1s923_003708,train
sim_simv1s923_003709,train
sim_simv1s923_003710,train
sim_simv1s923_003711,train
sim_simv1s923_003712,holdout
sim_simv1s923_003713,train
sim_simv1s923_003714,holdout
sim_simv1s923_003715,train
sim_simv1s923_003716,train
sim_simv1s923_003717,validation
sim_simv1s923_003718,train
sim_simv1s923_003719,train
sim_simv1s923_003720,train
sim_simv1s923_003721,train
sim_simv1s923_003722,calibration
sim_simv1s923_003723,calibration
sim_simv1s923_003724,train
sim_simv1s923_003725,train
sim_simv1s923_003726,train
sim_simv1s923_003727,train
sim_simv1s923_003728,validation
sim_simv1s923_003729,train
sim_simv1s923_003730,calibration
sim_simv1s923_003731,validation
sim_simv1s923_003732,train
sim_simv1s923_003733,calibration
sim_simv1s923_003734,train
sim_simv1s923_003735,train
sim_simv1s923_003736,validation
sim_simv1s923_003737,validation
sim_simv1s923_003738,holdout
sim_simv1s923_003739,train
sim_simv1s923_003740,validation
sim_simv1s923_003741,train
sim_simv1s923_003742,train
sim_simv1s923_003743,train
sim_simv1s923_003744,calibration
sim_simv1s923_003745,train
sim_simv1s923_003746,holdout
sim_simv1s923_003747,calibration
sim_simv1s923_003748,train
sim_simv1s923_003749,holdout
sim_simv1s923_003750,train
sim_simv1s923_003751,train
sim_simv1s923_003752,train
sim_simv1s923_003753,train
sim_simv1s923_003754,train
sim_simv1s923_003755,validation
sim_simv1s923_003756,train
sim_simv1s923_003757,calibration
sim_simv1s923_003758,validation
sim_simv1s923_003759,train
sim_simv1s923_003760,validation
sim_simv1s923_003761,calibration
sim_simv1s923_003762,train
sim_simv1s923_003763,train
sim_simv1s923_003764,train
sim_simv1s923_003765,train
sim_simv1s923_003766,validation
sim_simv1s923_003767,calibration
sim_simv1s923_003768,train
sim_simv1s923_003769,train
sim_simv1s923_003770,train
sim_simv1s923_003771,train
sim_simv1s923_003772,train
sim_simv1s923_003773,train
sim_simv1s923_003774,train
sim_simv1s923_003775,train
sim_simv1s923_003776,validation
sim_simv1s923_003777,train
sim_simv1s923_003778,train
sim_simv1s923_003779,train
sim_simv1s923_003780,validation
sim_simv1s923_003781,holdout
sim_simv1s923_003782,validation
sim_simv1s923_003783,train
sim_simv1s923_003784,train
sim_simv1s923_003785,holdout
sim_simv1s923_003786,train
sim_simv1s923_003787,holdout
sim_simv1s923_003788,train
sim_simv1s923_003789,train
sim_simv1s923_003790,train
sim_simv1s923_003791,train
sim_simv1s923_003792,train
sim_simv1s923_003793,validation
sim_simv1s923_003794,train
sim_simv1s923_003795,train
sim_simv1s923_003796,train
sim_simv1s923_003797,holdout
sim_simv1s923_003798,validation
sim_simv1s923_003799,calibration
sim_simv1s923_003800,train
sim_simv1s923_003801,validation
sim_simv1s923_003802,train
sim_simv1s923_003803,holdout
sim_simv1s923_003804,train
sim_simv1s923_003805,holdout
sim_simv1s923_003806,train
sim_simv1s923_003807,train
sim_simv1s923_003808,train
sim_simv1s923_003809,train
sim_simv1s923_003810,validation
sim_simv1s923_003811,validation
sim_simv1s923_003812,train
sim_simv1s923_003813,validation
sim_simv1s923_003814,train
sim_simv1s923_003815,train
sim_simv1s923_003816,train
sim_simv1s923_003817,train
sim_simv1s923_003818,validation
sim_simv1s923_003819,train
sim_simv1s923_003820,train
sim_simv1s923_003821,validation
sim_simv1s923_003822,train
sim_simv1s923_003823,train
sim_simv1s923_003824,train
sim_simv1s923_003825,calibration
sim_simv1s923_003826,train
sim_simv1s923_003827,validation
sim_simv1s923_003828,train
sim_simv1s923_003829,holdout
sim_simv1s923_003830,calibration
sim_simv1s923_003831,train
sim_simv1s923_003832,calibration
sim_simv1s923_003833,calibration
sim_simv1s923_003834,train
sim_simv1s923_003835,holdout
sim_simv1s923_003836,validation
sim_simv1s923_003837,train
sim_simv1s923_003838,validation
sim_simv1s923_003839,train
sim_simv1s923_003840,validation
sim_simv1s923_003841,calibration
sim_simv1s923_003842,validation
sim_simv1s923_003843,train
sim_simv1s923_003844,train
sim_simv1s923_003845,train
sim_simv1s923_003846,train
sim_simv1s923_003847,train
sim_simv1s923_003848,train
sim_simv1s923_003849,train
sim_simv1s923_003850,holdout
sim_simv1s923_003851,holdout
sim_simv1s923_003852,train
sim_simv1s923_003853,train
sim_simv1s923_003854,train
sim_simv1s923_003855,validation
sim_simv1s923_003856,train
sim_simv1s923_003857,train
sim_simv1s923_003858,train
sim_simv1s923_003859,validation
sim_simv1s923_003860,calibration
sim_simv1s923_003861,train
sim_simv1s923_003862,validation
sim_simv1s923_003863,train
sim_simv1s923_003864,train
sim_simv1s923_003865,train
sim_simv1s923_003866,train
sim_simv1s923_003867,train
sim_simv1s923_003868,validation
sim_simv1s923_003869,calibration
sim_simv1s923_003870,train
sim_simv1s923_003871,calibration
sim_simv1s923_003872,train
sim_simv1s923_003873,holdout
sim_simv1s923_003874,train
sim_simv1s923_003875,train
sim_simv1s923_003876,train
sim_simv1s923_003877,train
sim_simv1s923_003878,train
sim_simv1s923_003879,train
sim_simv1s923_003880,validation
sim_simv1s923_003881,train
sim_simv1s923_003882,calibration
sim_simv1s923_003883,train
sim_simv1s923_003884,validation
sim_simv1s923_003885,train
sim_simv1s923_003886,train
sim_simv1s923_003887,calibration
sim_simv1s923_003888,train
sim_simv1s923_003889,train
sim_simv1s923_003890,train
sim_simv1s923_003891,train
sim_simv1s923_003892,train
sim_simv1s923_003893,train
sim_simv1s923_003894,train
sim_simv1s923_003895,train
sim_simv1s923_003896,train
sim_simv1s923_003897,train
sim_simv1s923_003898,train
sim_simv1s923_003899,train
sim_simv1s923_003900,train
sim_simv1s923_003901,train
sim_simv1s923_003902,train
sim_simv1s923_003903,validation
sim_simv1s923_003904,train
sim_simv1s923_003905,holdout
sim_simv1s923_003906,calibration
sim_simv1s923_003907,train
sim_simv1s923_003908,validation
sim_simv1s923_003909,train
sim_simv1s923_003910,validation
sim_simv1s923_003911,train
sim_simv1s923_003912,train
sim_simv1s923_003913,train
sim_simv1s923_003914,holdout
sim_simv1s923_003915,train
sim_simv1s923_003916,train
sim_simv1s923_003917,holdout
sim_simv1s923_003918,train
sim_simv1s923_003919,calibration
sim_simv1s923_003920,train
sim_simv1s923_003921,holdout
sim_simv1s923_003922,validation
sim_simv1s923_003923,calibration
sim_simv1s923_003924,train
sim_simv1s923_003925,train
sim_simv1s923_003926,calibration
sim_simv1s923_003927,holdout
sim_simv1s923_003928,calibration
sim_simv1s923_003929,train
sim_simv1s923_003930,train
sim_simv1s923_003931,validation
sim_simv1s923_003932,train
sim_simv1s923_003933,calibration
sim_simv1s923_003934,train
sim_simv1s923_003935,train
sim_simv1s923_003936,train
sim_simv1s923_003937,train
sim_simv1s923_003938,train
sim_simv1s923_003939,train
sim_simv1s923_003940,train
sim_simv1s923_003941,validation
sim_simv1s923_003942,train
sim_simv1s923_003943,holdout
sim_simv1s923_003944,train
sim_simv1s923_003945,holdout
sim_simv1s923_003946,train
sim_simv1s923_003947,train
sim_simv1s923_003948,train
sim_simv1s923_003949,train
sim_simv1s923_003950,train
sim_simv1s923_003951,train
sim_simv1s923_003952,train
sim_simv1s923_003953,train
sim_simv1s923_003954,train
sim_simv1s923_003955,train
sim_simv1s923_003956,train
sim_simv1s923_003957,calibration
sim_simv1s923_003958,train
sim_simv1s923_003959,train
sim_simv1s923_003960,train
sim_simv1s923_003961,train
sim_simv1s923_003962,train
sim_simv1s923_003963,train
sim_simv1s923_003964,validation
sim_simv1s923_003965,holdout
sim_simv1s923_003966,holdout
sim_simv1s923_003967,train
sim_simv1s923_003968,train
sim_simv1s923_003969,calibration
sim_simv1s923_003970,calibration
sim_simv1s923_003971,train
sim_simv1s923_003972,validation
sim_simv1s923_003973,holdout
sim_simv1s923_003974,calibration
sim_simv1s923_003975,train
sim_simv1s923_003976,calibration
sim_simv1s923_003977,validation
sim_simv1s923_003978,train
sim_simv1s923_003979,train
sim_simv1s923_003980,validation
sim_simv1s923_003981,holdout
sim_simv1s923_003982,holdout
sim_simv1s923_003983,validation
sim_simv1s923_003984,train
sim_simv1s923_003985,train
sim_simv1s923_003986,train
sim_simv1s923_003987,calibration
sim_simv1s923_003988,train
sim_simv1s923_003989,holdout
sim_simv1s923_003990,train
sim_simv1s923_003991,train
sim_simv1s923_003992,calibration
sim_simv1s923_003993,train
sim_simv1s923_003994,validation
sim_simv1s923_003995,train
sim_simv1s923_003996,validation
sim_simv1s923_003997,train
sim_simv1s923_003998,holdout
sim_simv1s923_003999,holdout
sim_simv1s923_004000,train
sim_simv1s923_004001,train
sim_simv1s923_004002,calibration
sim_simv1s923_004003,validation
sim_simv1s923_004004,train
sim_simv1s923_004005,train
sim_simv1s923_004006,validation
sim_simv1s923_004007,validation
sim_simv1s923_004008,train
sim_simv1s923_004009,train
sim_simv1s923_004010,train
sim_simv1s923_004011,train
sim_simv1s923_004012,holdout
sim_simv1s923_004013,calibration
sim_simv1s923_004014,train
sim_simv1s923_004015,holdout
sim_simv1s923_004016,train
sim_simv1s923_004017,train
sim_simv1s923_004018,train
sim_simv1s923_004019,train
sim_simv1s923_004020,holdout
sim_simv1s923_004021,validation
sim_simv1s923_004022,validation
sim_simv1s923_004023,validation
sim_simv1s923_004024,train
sim_simv1s923_004025,train
sim_simv1s923_004026,train
sim_simv1s923_004027,train
sim_simv1s923_004028,validation
sim_simv1s923_004029,holdout
sim_simv1s923_004030,train
sim_simv1s923_004031,train
sim_simv1s923_004032,holdout
sim_simv1s923_004033,train
sim_simv1s923_004034,train
sim_simv1s923_004035,validation
sim_simv1s923_004036,calibration
sim_simv1s923_004037,validation
sim_simv1s923_004038,train
sim_simv1s923_004039,train
sim_simv1s923_004040,train
sim_simv1s923_004041,holdout
sim_simv1s923_004042,validation
sim_simv1s923_004043,train
sim_simv1s923_004044,holdout
sim_simv1s923_004045,train
sim_simv1s923_004046,train
sim_simv1s923_004047,train
sim_simv1s923_004048,holdout
sim_simv1s923_004049,train
sim_simv1s923_004050,calibration
sim_simv1s923_004051,train
sim_simv1s923_004052,train
sim_simv1s923_004053,train
sim_simv1s923_004054,validation
sim_simv1s923_004055,train
sim_simv1s923_004056,train
sim_simv1s923_004057,calibration
sim_simv1s923_004058,train
sim_simv1s923_004059,train
sim_simv1s923_004060,train
sim_simv1s923_004061,validation
sim_simv1s923_004062,calibration
sim_simv1s923_004063,validation
sim_simv1s923_004064,train
sim_simv1s923_004065,holdout
sim_simv1s923_004066,train
sim_simv1s923_004067,validation
sim_simv1s923_004068,train
sim_simv1s923_004069,train
sim_simv1s923_004070,holdout
sim_simv1s923_004071,train
sim_simv1s923_004072,validation
sim_simv1s923_004073,validation
sim_simv1s923_004074,validation
sim_simv1s923_004075,train
sim_simv1s923_004076,train
sim_simv1s923_004077,train
sim_simv1s923_004078,calibration
sim_simv1s923_004079,train
sim_simv1s923_004080,validation
sim_simv1s923_004081,holdout
sim_simv1s923_004082,train
sim_simv1s923_004083,validation
sim_simv1s923_004084,train
sim_simv1s923_004085,train
sim_simv1s923_004086,train
sim_simv1s923_004087,calibration
sim_simv1s923_004088,train
sim_simv1s923_004089,calibration
sim_simv1s923_004090,train
sim_simv1s923_004091,holdout
sim_simv1s923_004092,train
sim_simv1s923_004093,holdout
sim_simv1s923_004094,train
sim_simv1s923_004095,train
sim_simv1s923_004096,train
sim_simv1s923_004097,calibration
sim_simv1s923_004098,holdout
sim_simv1s923_004099,validation
sim_simv1s923_004100,train
sim_simv1s923_004101,train
sim_simv1s923_004102,train
sim_simv1s923_004103,holdout
sim_simv1s923_004104,validation
sim_simv1s923_004105,train
sim_simv1s923_004106,holdout
sim_simv1s923_004107,train
sim_simv1s923_004108,train
sim_simv1s923_004109,validation
sim_simv1s923_004110,calibration
sim_simv1s923_004111,calibration
sim_simv1s923_004112,holdout
sim_simv1s923_004113,train
sim_simv1s923_004114,train
sim_simv1s923_004115,train
sim_simv1s923_004116,train
sim_simv1s923_004117,train
sim_simv1s923_004118,train
sim_simv1s923_004119,validation
sim_simv1s923_004120,train
sim_simv1s923_004121,train
sim_simv1s923_004122,calibration
sim_simv1s923_004123,train
sim_simv1s923_004124,holdout
sim_simv1s923_004125,train
sim_simv1s923_004126,train
sim_simv1s923_004127,holdout
sim_simv1s923_004128,train
sim_simv1s923_004129,train
sim_simv1s923_004130,calibration
sim_simv1s923_004131,train
sim_simv1s923_004132,holdout
sim_simv1s923_004133,holdout
sim_simv1s923_004134,calibration
sim_simv1s923_004135,train
sim_simv1s923_004136,train
sim_simv1s923_004137,validation
sim_simv1s923_004138,calibration
sim_simv1s923_004139,train
sim_simv1s923_004140,train
sim_simv1s923_004141,calibration
sim_simv1s923_004142,validation
sim_simv1s923_004143,calibration
sim_simv1s923_004144,holdout
sim_simv1s923_004145,validation
sim_simv1s923_004146,holdout
sim_simv1s923_004147,train
sim_simv1s923_004148,holdout
sim_simv1s923_004149,calibration
sim_simv1s923_004150,holdout
sim_simv1s923_004151,train
sim_simv1s923_004152,train
sim_simv1s923_004153,train
sim_simv1s923_004154,validation
sim_simv1s923_004155,train
sim_simv1s923_004156,calibration
sim_simv1s923_004157,train
sim_simv1s923_004158,train
sim_simv1s923_004159,train
sim_simv1s923_004160,train
sim_simv1s923_004161,train
sim_simv1s923_004162,train
sim_simv1s923_004163,calibration
sim_simv1s923_004164,train
sim_simv1s923_004165,calibration
sim_simv1s923_004166,validation
sim_simv1s923_004167,train
sim_simv1s923_004168,holdout
sim_simv1s923_004169,train
sim_simv1s923_004170,train
sim_simv1s923_004171,validation
sim_simv1s923_004172,train
sim_simv1s923_004173,train
sim_simv1s923_004174,holdout
sim_simv1s923_004175,calibration
sim_simv1s923_004176,train
sim_simv1s923_004177,train
sim_simv1s923_004178,train
sim_simv1s923_004179,train
sim_simv1s923_004180,train
sim_simv1s923_004181,calibration
sim_simv1s923_004182,train
sim_simv1s923_004183,holdout
sim_simv1s923_004184,train
sim_simv1s923_004185,train
sim_simv1s923_004186,validation
sim_simv1s923_004187,train
sim_simv1s923_004188,train
sim_simv1s923_004189,train
sim_simv1s923_004190,train
sim_simv1s923_004191,train
sim_simv1s923_004192,train
sim_simv1s923_004193,train
sim_simv1s923_004194,train
sim_simv1s923_004195,train
sim_simv1s923_004196,holdout
sim_simv1s923_004197,train
sim_simv1s923_004198,train
sim_simv1s923_004199,calibration
sim_simv1s923_004200,train
sim_simv1s923_004201,train
sim_simv1s923_004202,holdout
sim_simv1s923_004203,validation
sim_simv1s923_004204,train
sim_simv1s923_004205,holdout
sim_simv1s923_004206,train
sim_simv1s923_004207,calibration
sim_simv1s923_004208,holdout
sim_simv1s923_004209,holdout
sim_simv1s923_004210,train
sim_simv1s923_004211,train
sim_simv1s923_004212,validation
sim_simv1s923_004213,holdout
sim_simv1s923_004214,train
sim_simv1s923_004215,calibration
sim_simv1s923_004216,train
sim_simv1s923_004217,train
sim_simv1s923_004218,validation
sim_simv1s923_004219,validation
sim_simv1s923_004220,validation
sim_simv1s923_004221,train
sim_simv1s923_004222,train
sim_simv1s923_004223,validation
sim_simv1s923_004224,validation
sim_simv1s923_004225,validation
sim_simv1s923_004226,train
sim_simv1s923_004227,validation
sim_simv1s923_004228,train
sim_simv1s923_004229,train
sim_simv1s923_004230,train
sim_simv1s923_004231,calibration
sim_simv1s923_004232,train
sim_simv1s923_004233,train
sim_simv1s923_004234,train
sim_simv1s923_004235,train
sim_simv1s923_004236,train
sim_simv1s923_004237,holdout
sim_simv1s923_004238,holdout
sim_simv1s923_004239,train
sim_simv1s923_004240,calibration
sim_simv1s923_004241,train
sim_simv1s923_004242,validation
sim_simv1s923_004243,train
sim_simv1s923_004244,train
sim_simv1s923_004245,train
sim_simv1s923_004246,validation
sim_simv1s923_004247,train
sim_simv1s923_004248,train
sim_simv1s923_004249,holdout
sim_simv1s923_004250,train
sim_simv1s923_004251,train
sim_simv1s923_004252,validation
sim_simv1s923_004253,train
sim_simv1s923_004254,train
sim_simv1s923_004255,train
sim_simv1s923_004256,holdout
sim_simv1s923_004257,train
sim_simv1s923_004258,train
sim_simv1s923_004259,train
sim_simv1s923_004260,train
sim_simv1s923_004261,holdout
sim_simv1s923_004262,train
sim_simv1s923_004263,train
sim_simv1s923_004264,train
sim_simv1s923_004265,train
sim_simv1s923_004266,train
sim_simv1s923_004267,train
sim_simv1s923_004268,calibration
sim_simv1s923_004269,holdout
sim_simv1s923_004270,train
sim_simv1s923_004271,train
sim_simv1s923_004272,train
sim_simv1s923_004273,train
sim_simv1s923_004274,train
sim_simv1s923_004275,train
sim_simv1s923_004276,train
sim_simv1s923_004277,validation
sim_simv1s923_004278,train
sim_simv1s923_004279,train
sim_simv1s923_004280,validation
sim_simv1s923_004281,train
sim_simv1s923_004282,train
sim_simv1s923_004283,validation
sim_simv1s923_004284,train
sim_simv1s923_004285,train
sim_simv1s923_004286,train
sim_simv1s923_004287,train
sim_simv1s923_004288,train
sim_simv1s923_004289,train
sim_simv1s923_004290,train
sim_simv1s923_004291,calibration
sim_simv1s923_004292,train
sim_simv1s923_004293,train
sim_simv1s923_004294,validation
sim_simv1s923_004295,train
sim_simv1s923_004296,validation
sim_simv1s923_004297,holdout
sim_simv1s923_004298,train
sim_simv1s923_004299,train
sim_simv1s923_004300,holdout
sim_simv1s923_004301,calibration
sim_simv1s923_004302,train
sim_simv1s923_004303,train
sim_simv1s923_004304,train
sim_simv1s923_004305,train
sim_simv1s923_004306,train
sim_simv1s923_004307,train
sim_simv1s923_004308,holdout
sim_simv1s923_004309,validation
sim_simv1s923_004310,train
sim_simv1s923_004311,holdout
sim_simv1s923_004312,train
sim_simv1s923_004313,calibration
sim_simv1s923_004314,train
sim_simv1s923_004315,holdout
sim_simv1s923_004316,train
sim_simv1s923_004317,calibration
sim_simv1s923_004318,train
sim_simv1s923_004319,validation
sim_simv1s923_004320,train
sim_simv1s923_004321,train
sim_simv1s923_004322,validation
sim_simv1s923_004323,holdout
sim_simv1s923_004324,holdout
sim_simv1s923_004325,train
sim_simv1s923_004326,holdout
sim_simv1s923_004327,holdout
sim_simv1s923_004328,train
sim_simv1s923_004329,train
sim_simv1s923_004330,train
sim_simv1s923_004331,train
sim_simv1s923_004332,validation
sim_simv1s923_004333,validation
sim_simv1s923_004334,train
sim_simv1s923_004335,train
sim_simv1s923_004336,validation
sim_simv1s923_004337,train
sim_simv1s923_004338,train
sim_simv1s923_004339,train
sim_simv1s923_004340,train
sim_simv1s923_004341,train
sim_simv1s923_004342,train
sim_simv1s923_004343,train
sim_simv1s923_004344,calibration
sim_simv1s923_004345,validation
sim_simv1s923_004346,calibration
sim_simv1s923_004347,train
sim_simv1s923_004348,holdout
sim_simv1s923_004349,calibration
sim_simv1s923_004350,train
sim_simv1s923_004351,train
sim_simv1s923_004352,train
sim_simv1s923_004353,train
sim_simv1s923_004354,train
sim_simv1s923_004355,train
sim_simv1s923_004356,train
sim_simv1s923_004357,train
sim_simv1s923_004358,train
sim_simv1s923_004359,train
sim_simv1s923_004360,train
sim_simv1s923_004361,train
sim_simv1s923_004362,holdout
sim_simv1s923_004363,train
sim_simv1s923_004364,train
sim_simv1s923_004365,train
sim_simv1s923_004366,train
sim_simv1s923_004367,train
sim_simv1s923_004368,validation
sim_simv1s923_004369,train
sim_simv1s923_004370,train
sim_simv1s923_004371,holdout
sim_simv1s923_004372,calibration
sim_simv1s923_004373,calibration
sim_simv1s923_004374,holdout
sim_simv1s923_004375,train
sim_simv1s923_004376,holdout
sim_simv1s923_004377,train
sim_simv1s923_004378,train
sim_simv1s923_004379,train
sim_simv1s923_004380,holdout
sim_simv1s923_004381,train
sim_simv1s923_004382,validation
sim_simv1s923_004383,train
sim_simv1s923_004384,train
sim_simv1s923_004385,validation
sim_simv1s923_004386,holdout
sim_simv1s923_004387,calibration
sim_simv1s923_004388,validation
sim_simv1s923_004389,train
sim_simv1s923_004390,train
sim_simv1s923_004391,train
sim_simv1s923_004392,train
sim_simv1s923_004393,train
sim_simv1s923_004394,train
sim_simv1s923_004395,train
sim_simv1s923_004396,holdout
sim_simv1s923_004397,train
sim_simv1s923_004398,validation
sim_simv1s923_004399,train
sim_simv1s923_004400,train
sim_simv1s923_004401,train
sim_simv1s923_004402,train
sim_simv1s923_004403,train
sim_simv1s923_004404,validation
sim_simv1s923_004405,calibration
sim_simv1s923_004406,train
sim_simv1s923_004407,calibration
sim_simv1s923_004408,validation
sim_simv1s923_004409,train
sim_simv1s923_004410,train
sim_simv1s923_004411,train
sim_simv1s923_004412,train
sim_simv1s923_004413,train
sim_simv1s923_004414,holdout
sim_simv1s923_004415,train
sim_simv1s923_004416,train
sim_simv1s923_004417,train
sim_simv1s923_004418,validation
sim_simv1s923_004419,train
sim_simv1s923_004420,train
sim_simv1s923_004421,train
sim_simv1s923_004422,validation
sim_simv1s923_004423,validation
sim_simv1s923_004424,train
sim_simv1s923_004425,train
sim_simv1s923_004426,train
sim_simv1s923_004427,holdout
sim_simv1s923_004428,train
sim_simv1s923_004429,train
sim_simv1s923_004430,holdout
sim_simv1s923_004431,train
sim_simv1s923_004432,train
sim_simv1s923_004433,train
sim_simv1s923_004434,train
sim_simv1s923_004435,validation
sim_simv1s923_004436,train
sim_simv1s923_004437,train
sim_simv1s923_004438,calibration
sim_simv1s923_004439,holdout
sim_simv1s923_004440,validation
sim_simv1s923_004441,calibration
sim_simv1s923_004442,holdout
sim_simv1s923_004443,train
sim_simv1s923_004444,train
sim_simv1s923_004445,train
sim_simv1s923_004446,validation
sim_simv1s923_004447,train
sim_simv1s923_004448,train
sim_simv1s923_004449,train
sim_simv1s923_004450,train
sim_simv1s923_004451,validation
sim_simv1s923_004452,holdout
sim_simv1s923_004453,train
sim_simv1s923_004454,train
sim_simv1s923_004455,train
sim_simv1s923_004456,calibration
sim_simv1s923_004457,holdout
sim_simv1s923_004458,train
sim_simv1s923_004459,train
sim_simv1s923_004460,train
sim_simv1s923_004461,holdout
sim_simv1s923_004462,validation
sim_simv1s923_004463,train
sim_simv1s923_004464,train
sim_simv1s923_004465,train
sim_simv1s923_004466,train
sim_simv1s923_004467,holdout
sim_simv1s923_004468,train
sim_simv1s923_004469,calibration
sim_simv1s923_004470,train
sim_simv1s923_004471,train
sim_simv1s923_004472,train
sim_simv1s923_004473,train
sim_simv1s923_004474,train
sim_simv1s923_004475,holdout
sim_simv1s923_004476,holdout
sim_simv1s923_004477,train
sim_simv1s923_004478,train
sim_simv1s923_004479,train
sim_simv1s923_004480,validation
sim_simv1s923_004481,holdout
sim_simv1s923_004482,calibration
sim_simv1s923_004483,train
sim_simv1s923_004484,holdout
sim_simv1s923_004485,train
sim_simv1s923_004486,train
sim_simv1s923_004487,train
sim_simv1s923_004488,train
sim_simv1s923_004489,train
sim_simv1s923_004490,train
sim_simv1s923_004491,train
sim_simv1s923_004492,train
sim_simv1s923_004493,train
sim_simv1s923_004494,train
sim_simv1s923_004495,train
sim_simv1s923_004496,calibration
sim_simv1s923_004497,train
sim_simv1s923_004498,train
sim_simv1s923_004499,train
sim_simv1s923_004500,train
sim_simv1s923_004501,calibration
sim_simv1s923_004502,train
sim_simv1s923_004503,train
sim_simv1s923_004504,train
sim_simv1s923_004505,train
sim_simv1s923_004506,train
sim_simv1s923_004507,holdout
sim_simv1s923_004508,train
sim_simv1s923_004509,train
sim_simv1s923_004510,validation
sim_simv1s923_004511,train
sim_simv1s923_004512,holdout
sim_simv1s923_004513,holdout
sim_simv1s923_004514,validation
sim_simv1s923_004515,holdout
sim_simv1s923_004516,train
sim_simv1s923_004517,holdout
sim_simv1s923_004518,train
sim_simv1s923_004519,train
sim_simv1s923_004520,train
sim_simv1s923_004521,holdout
sim_simv1s923_004522,calibration
sim_simv1s923_004523,calibration
sim_simv1s923_004524,train
sim_simv1s923_004525,holdout
sim_simv1s923_004526,holdout
sim_simv1s923_004527,holdout
sim_simv1s923_004528,train
sim_simv1s923_004529,train
sim_simv1s923_004530,validation
sim_simv1s923_004531,validation
sim_simv1s923_004532,train
sim_simv1s923_004533,holdout
sim_simv1s923_004534,train
sim_simv1s923_004535,calibration
sim_simv1s923_004536,train
sim_simv1s923_004537,train
sim_simv1s923_004538,train
sim_simv1s923_004539,train
sim_simv1s923_004540,holdout
sim_simv1s923_004541,train
sim_simv1s923_004542,calibration
sim_simv1s923_004543,train
sim_simv1s923_004544,train
sim_simv1s923_004545,train
sim_simv1s923_004546,train
sim_simv1s923_004547,train
sim_simv1s923_004548,validation
sim_simv1s923_004549,holdout
sim_simv1s923_004550,train
sim_simv1s923_004551,calibration
sim_simv1s923_004552,train
sim_simv1s923_004553,train
sim_simv1s923_004554,train
sim_simv1s923_004555,holdout
sim_simv1s923_004556,train
sim_simv1s923_004557,calibration
sim_simv1s923_004558,train
sim_simv1s923_004559,train
sim_simv1s923_004560,train
sim_simv1s923_004561,train
sim_simv1s923_004562,calibration
sim_simv1s923_004563,validation
sim_simv1s923_004564,calibration
sim_simv1s923_004565,train
sim_simv1s923_004566,train
sim_simv1s923_004567,train
sim_simv1s923_004568,train
sim_simv1s923_004569,train
sim_simv1s923_004570,validation
sim_simv1s923_004571,calibration
sim_simv1s923_004572,validation
sim_simv1s923_004573,train
sim_simv1s923_004574,train
sim_simv1s923_004575,train
sim_simv1s923_004576,train
sim_simv1s923_004577,train
sim_simv1s923_004578,holdout
sim_simv1s923_004579,train
sim_simv1s923_004580,calibration
sim_simv1s923_004581,calibration
sim_simv1s923_004582,train
sim_simv1s923_004583,train
sim_simv1s923_004584,train
sim_simv1s923_004585,validation
sim_simv1s923_004586,calibration
sim_simv1s923_004587,train
sim_simv1s923_004588,train
sim_simv1s923_004589,train
sim_simv1s923_004590,holdout
sim_simv1s923_004591,holdout
sim_simv1s923_004592,train
sim_simv1s923_004593,train
sim_simv1s923_004594,train
sim_simv1s923_004595,holdout
sim_simv1s923_004596,train
sim_simv1s923_004597,train
sim_simv1s923_004598,train
sim_simv1s923_004599,holdout
sim_simv1s923_004600,train
sim_simv1s923_004601,train
sim_simv1s923_004602,calibration
sim_simv1s923_004603,train
sim_simv1s923_004604,holdout
sim_simv1s923_004605,calibration
sim_simv1s923_004606,train
sim_simv1s923_004607,train
sim_simv1s923_004608,train
sim_simv1s923_004609,validation
sim_simv1s923_004610,train
sim_simv1s923_004611,calibration
sim_simv1s923_004612,train
sim_simv1s923_004613,train
sim_simv1s923_004614,holdout
sim_simv1s923_004615,train
sim_simv1s923_004616,train
sim_simv1s923_004617,train
sim_simv1s923_004618,holdout
sim_simv1s923_004619,train
sim_simv1s923_004620,holdout
sim_simv1s923_004621,holdout
sim_simv1s923_004622,train
sim_simv1s923_004623,holdout
sim_simv1s923_004624,holdout
sim_simv1s923_004625,train
sim_simv1s923_004626,train
sim_simv1s923_004627,calibration
sim_simv1s923_004628,validation
sim_simv1s923_004629,train
sim_simv1s923_004630,train
sim_simv1s923_004631,calibration
sim_simv1s923_004632,train
sim_simv1s923_004633,train
sim_simv1s923_004634,validation
sim_simv1s923_004635,holdout
sim_simv1s923_004636,train
sim_simv1s923_004637,train
sim_simv1s923_004638,train
sim_simv1s923_004639,train
sim_simv1s923_004640,train
sim_simv1s923_004641,train
sim_simv1s923_004642,train
sim_simv1s923_004643,train
sim_simv1s923_004644,train
sim_simv1s923_004645,train
sim_simv1s923_004646,train
sim_simv1s923_004647,calibration
sim_simv1s923_004648,holdout
sim_simv1s923_004649,calibration
sim_simv1s923_004650,train
sim_simv1s923_004651,calibration
sim_simv1s923_004652,train
sim_simv1s923_004653,validation
sim_simv1s923_004654,validation
sim_simv1s923_004655,train
sim_simv1s923_004656,train
sim_simv1s923_004657,validation
sim_simv1s923_004658,train
sim_simv1s923_004659,validation
sim_simv1s923_004660,holdout
sim_simv1s923_004661,train
sim_simv1s923_004662,train
sim_simv1s923_004663,validation
sim_simv1s923_004664,validation
sim_simv1s923_004665,train
sim_simv1s923_004666,train
sim_simv1s923_004667,holdout
sim_simv1s923_004668,train
sim_simv1s923_004669,train
sim_simv1s923_004670,train
sim_simv1s923_004671,validation
sim_simv1s923_004672,train
sim_simv1s923_004673,train
sim_simv1s923_004674,train
sim_simv1s923_004675,train
sim_simv1s923_004676,train
sim_simv1s923_004677,train
sim_simv1s923_004678,train
sim_simv1s923_004679,train
sim_simv1s923_004680,train
sim_simv1s923_004681,holdout
sim_simv1s923_004682,calibration
sim_simv1s923_004683,train
sim_simv1s923_004684,validation
sim_simv1s923_004685,train
sim_simv1s923_004686,train
sim_simv1s923_004687,train
sim_simv1s923_004688,train
sim_simv1s923_004689,train
sim_simv1s923_004690,calibration
sim_simv1s923_004691,train
sim_simv1s923_004692,train
sim_simv1s923_004693,train
sim_simv1s923_004694,train
sim_simv1s923_004695,train
sim_simv1s923_004696,validation
sim_simv1s923_004697,calibration
sim_simv1s923_004698,train
sim_simv1s923_004699,calibration
sim_simv1s923_004700,train
sim_simv1s923_004701,validation
sim_simv1s923_004702,train
sim_simv1s923_004703,train
sim_simv1s923_004704,train
sim_simv1s923_004705,validation
sim_simv1s923_004706,train
sim_simv1s923_004707,train
sim_simv1s923_004708,calibration
sim_simv1s923_004709,train
sim_simv1s923_004710,train
sim_simv1s923_004711,holdout
sim_simv1s923_004712,train
sim_simv1s923_004713,validation
sim_simv1s923_004714,train
sim_simv1s923_004715,validation
sim_simv1s923_004716,train
sim_simv1s923_004717,holdout
sim_simv1s923_004718,train
sim_simv1s923_004719,holdout
sim_simv1s923_004720,holdout
sim_simv1s923_004721,train
sim_simv1s923_004722,train
sim_simv1s923_004723,train
sim_simv1s923_004724,train
sim_simv1s923_004725,holdout
sim_simv1s923_004726,train
sim_simv1s923_004727,holdout
sim_simv1s923_004728,train
sim_simv1s923_004729,validation
sim_simv1s923_004730,train
sim_simv1s923_004731,train
sim_simv1s923_004732,train
sim_simv1s923_004733,calibration
sim_simv1s923_004734,validation
sim_simv1s923_004735,validation
sim_simv1s923_004736,train
sim_simv1s923_004737,train
sim_simv1s923_004738,holdout
sim_simv1s923_004739,holdout
sim_simv1s923_004740,holdout
sim_simv1s923_004741,train
sim_simv1s923_004742,train
sim_simv1s923_004743,validation
sim_simv1s923_004744,train
sim_simv1s923_004745,holdout
sim_simv1s923_004746,train
sim_simv1s923_004747,calibration
sim_simv1s923_004748,train
sim_simv1s923_004749,train
sim_simv1s923_004750,holdout
sim_simv1s923_004751,holdout
sim_simv1s923_004752,train
sim_simv1s923_004753,train
sim_simv1s923_004754,holdout
sim_simv1s923_004755,calibration
sim_simv1s923_004756,holdout
sim_simv1s923_004757,train
sim_simv1s923_004758,train
sim_simv1s923_004759,validation
sim_simv1s923_004760,holdout
sim_simv1s923_004761,validation
sim_simv1s923_004762,calibration
sim_simv1s923_004763,train
sim_simv1s923_004764,holdout
sim_simv1s923_004765,train
sim_simv1s923_004766,train
sim_simv1s923_004767,train
sim_simv1s923_004768,holdout
sim_simv1s923_004769,validation
sim_simv1s923_004770,holdout
sim_simv1s923_004771,calibration
sim_simv1s923_004772,train
sim_simv1s923_004773,train
sim_simv1s923_004774,validation
sim_simv1s923_004775,validation
sim_simv1s923_004776,train
sim_simv1s923_004777,holdout
sim_simv1s923_004778,train
sim_simv1s923_004779,calibration
sim_simv1s923_004780,validation
sim_simv1s923_004781,validation
sim_simv1s923_004782,holdout
sim_simv1s923_004783,train
sim_simv1s923_004784,train
sim_simv1s923_004785,train
sim_simv1s923_004786,holdout
sim_simv1s923_004787,holdout
sim_simv1s923_004788,calibration
sim_simv1s923_004789,calibration
sim_simv1s923_004790,train
sim_simv1s923_004791,validation
sim_simv1s923_004792,train
sim_simv1s923_004793,train
sim_simv1s923_004794,train
sim_simv1s923_004795,holdout
sim_simv1s923_004796,train
sim_simv1s923_004797,train
sim_simv1s923_004798,holdout
sim_simv1s923_004799,train
sim_simv1s923_004800,validation
sim_simv1s923_004801,calibration
sim_simv1s923_004802,train
sim_simv1s923_004803,train
sim_simv1s923_004804,holdout
sim_simv1s923_004805,train
sim_simv1s923_004806,calibration
sim_simv1s923_004807,validation
sim_simv1s923_004808,validation
sim_simv1s923_004809,train
sim_simv1s923_004810,calibration
sim_simv1s923_004811,train
sim_simv1s923_004812,train
sim_simv1s923_004813,train
sim_simv1s923_004814,train
sim_simv1s923_004815,calibration
sim_simv1s923_004816,train
sim_simv1s923_004817,train
sim_simv1s923_004818,train
sim_simv1s923_004819,train
sim_simv1s923_004820,train
sim_simv1s923_004821,train
sim_simv1s923_004822,train
sim_simv1s923_004823,train
sim_simv1s923_004824,validation
sim_simv1s923_004825,train
sim_simv1s923_004826,train
sim_simv1s923_004827,train
sim_simv1s923_004828,calibration
sim_simv1s923_004829,holdout
sim_simv1s923_004830,validation
sim_simv1s923_004831,train
sim_simv1s923_004832,calibration
sim_simv1s923_004833,train
sim_simv1s923_004834,holdout
sim_simv1s923_004835,train
sim_simv1s923_004836,train
sim_simv1s923_004837,train
sim_simv1s923_004838,calibration
sim_simv1s923_004839,train
sim_simv1s923_004840,calibration
sim_simv1s923_004841,holdout
sim_simv1s923_004842,train
sim_simv1s923_004843,train
sim_simv1s923_004844,train
sim_simv1s923_004845,train
sim_simv1s923_004846,holdout
sim_simv1s923_004847,holdout
sim_simv1s923_004848,holdout
sim_simv1s923_004849,train
sim_simv1s923_004850,validation
sim_simv1s923_004851,train
sim_simv1s923_004852,calibration
sim_simv1s923_004853,train
sim_simv1s923_004854,validation
sim_simv1s923_004855,calibration
sim_simv1s923_004856,validation
sim_simv1s923_004857,calibration
sim_simv1s923_004858,train
sim_simv1s923_004859,train
sim_simv1s923_004860,train
sim_simv1s923_004861,train
sim_simv1s923_004862,train
sim_simv1s923_004863,train
sim_simv1s923_004864,train
sim_simv1s923_004865,train
sim_simv1s923_004866,train
sim_simv1s923_004867,train
sim_simv1s923_004868,train
sim_simv1s923_004869,train
sim_simv1s923_004870,validation
sim_simv1s923_004871,validation
sim_simv1s923_004872,train
sim_simv1s923_004873,train
sim_simv1s923_004874,train
sim_simv1s923_004875,train
sim_simv1s923_004876,train
sim_simv1s923_004877,train
sim_simv1s923_004878,train
sim_simv1s923_004879,validation
sim_simv1s923_004880,train
sim_simv1s923_004881,holdout
sim_simv1s923_004882,train
sim_simv1s923_004883,train
sim_simv1s923_004884,holdout
sim_simv1s923_004885,validation
sim_simv1s923_004886,train
sim_simv1s923_004887,validation
sim_simv1s923_004888,train
sim_simv1s923_004889,holdout
sim_simv1s923_004890,train
sim_simv1s923_004891,calibration
sim_simv1s923_004892,train
sim_simv1s923_004893,validation
sim_simv1s923_004894,validation
sim_simv1s923_004895,train
sim_simv1s923_004896,train
sim_simv1s923_004897,train
sim_simv1s923_004898,train
sim_simv1s923_004899,holdout
sim_simv1s923_004900,train
sim_simv1s923_004901,train
sim_simv1s923_004902,train
sim_simv1s923_004903,holdout
sim_simv1s923_004904,train
sim_simv1s923_004905,calibration
sim_simv1s923_004906,train
sim_simv1s923_004907,train
sim_simv1s923_004908,validation
sim_simv1s923_004909,train
sim_simv1s923_004910,train
sim_simv1s923_004911,train
sim_simv1s923_004912,calibration
sim_simv1s923_004913,validation
sim_simv1s923_004914,train
sim_simv1s923_004915,train
sim_simv1s923_004916,calibration
sim_simv1s923_004917,train
sim_simv1s923_004918,validation
sim_simv1s923_004919,holdout
sim_simv1s923_004920,train
sim_simv1s923_004921,train
sim_simv1s923_004922,train
sim_simv1s923_004923,validation
sim_simv1s923_004924,calibration
sim_simv1s923_004925,validation
sim_simv1s923_004926,train
sim_simv1s923_004927,calibration
sim_simv1s923_004928,validation
sim_simv1s923_004929,holdout
sim_simv1s923_004930,holdout
sim_simv1s923_004931,validation
sim_simv1s923_004932,holdout
sim_simv1s923_004933,train
sim_simv1s923_004934,train
sim_simv1s923_004935,validation
sim_simv1s923_004936,train
sim_simv1s923_004937,validation
sim_simv1s923_004938,train
sim_simv1s923_004939,train
sim_simv1s923_004940,holdout
sim_simv1s923_004941,validation
sim_simv1s923_004942,train
sim_simv1s923_004943,train
sim_simv1s923_004944,train
sim_simv1s923_004945,calibration
sim_simv1s923_004946,train
sim_simv1s923_004947,train
sim_simv1s923_004948,train
sim_simv1s923_004949,train
sim_simv1s923_004950,train
sim_simv1s923_004951,train
sim_simv1s923_004952,train
sim_simv1s923_004953,train
sim_simv1s923_004954,train
sim_simv1s923_004955,train
sim_simv1s923_004956,train
sim_simv1s923_004957,train
sim_simv1s923_004958,train
sim_simv1s923_004959,calibration
sim_simv1s923_004960,train
sim_simv1s923_004961,holdout
sim_simv1s923_004962,train
sim_simv1s923_004963,calibration
sim_simv1s923_004964,train
sim_simv1s923_004965,holdout
sim_simv1s923_004966,train
sim_simv1s923_004967,calibration
sim_simv1s923_004968,calibration
sim_simv1s923_004969,train
sim_simv1s923_004970,train
sim_simv1s923_004971,holdout
sim_simv1s923_004972,train
sim_simv1s923_004973,train
sim_simv1s923_004974,train
sim_simv1s923_004975,train
sim_simv1s923_004976,holdout
sim_simv1s923_004977,train
sim_simv1s923_004978,train
sim_simv1s923_004979,train
sim_simv1s923_004980,holdout
sim_simv1s923_004981,train
sim_simv1s923_004982,train
sim_simv1s923_004983,train
sim_simv1s923_004984,train
sim_simv1s923_004985,calibration
sim_simv1s923_004986,validation
sim_simv1s923_004987,train
sim_simv1s923_004988,train
sim_simv1s923_004989,calibration
sim_simv1s923_004990,calibration
sim_simv1s923_004991,holdout
sim_simv1s923_004992,train
sim_simv1s923_004993,holdout
sim_simv1s923_004994,calibration
sim_simv1s923_004995,train
sim_simv1s923_004996,train
sim_simv1s923_004997,calibration
sim_simv1s923_004998,calibration
sim_simv1s923_004999,train
